#VRML V2.0 utf8
# 3D model generated by easyeda2kicad.py (https://github.com/uPesy/easyeda2kicad.py)

Shape{
    appearance Appearance {
        material  Material 	{
            diffuseColor 0.9686274509803922 0.8784313725490196 0.6
            specularColor 0.6784313725490196 0.615686274509804 0.4196078431372549
            ambientIntensity 0.8737
            transparency 0.0
            shininess 0.5
        }
    }
    geometry IndexedFaceSet {
        ccw TRUE
        solid FALSE
        coord DEF co Coordinate {
            point [
                -0.0787 0.3592 0.0, -0.0787 0.9646 0.0, 0.0787 0.3592 0.0, 0.0787 0.9646 0.0, 0.0394 1.0827 0.0394, -0.0394 1.0827 0.0394, 0.0787 0.9646 0.1575, 0.0394 1.0827 0.1181, -0.0394 1.0827 0.1181, -0.0787 0.9646 0.1575, 0.0787 0.3592 0.1575, -0.0787 0.3592 0.1575, 0.0787 0.3287 0.1879, 0.0787 0.1713 0.1879, 0.0787 0.3298 0.1801, 0.0787 0.176 0.1461, 0.0787 0.3328 0.1727, 0.0787 0.1899 0.1064, 0.0787 0.3377 0.1664, 0.0787 0.3174 0.0047, 0.0787 0.3513 0.1585, 0.0787 0.2777 0.0186, 0.0787 0.344 0.1616, 0.0787 0.242 0.041, 0.0787 0.2123 0.0708, -0.0787 0.3174 0.0047, -0.0787 0.2777 0.0186, -0.0787 0.242 0.041, -0.0787 0.2123 0.0708, -0.0787 0.1899 0.1064, -0.0787 0.176 0.1461, -0.0787 0.1713 0.1879, -0.0787 0.3287 0.1879, -0.0787 0.3298 0.1801, -0.0787 0.3328 0.1727, -0.0787 0.3377 0.1664, -0.0787 0.344 0.1616, -0.0787 0.3513 0.1585, -0.0787 0.3287 1.811, 0.0787 0.3287 1.811, -0.0394 0.2894 1.9291, 0.0394 0.2894 1.9291, -0.0394 0.2106 1.9291, 0.0394 0.2106 1.9291, 0.0787 0.1713 1.811, -0.0787 0.1713 1.811
            ]
        }
        coordIndex [
            0,1,2,-1,2,1,3,-1,4,3,5,-1,5,3,1,-1,3,4,6,-1,6,4,7,-1,8,7,5,-1,5,7,4,-1,8,9,7,-1,7,9,6,-1,10,6,11,-1,11,6,9,-1,2,3,10,-1,10,3,6,-1,12,13,14,-1,14,13,15,-1,14,15,16,-1,16,15,17,-1,16,17,18,-1,2,10,19,-1,19,10,20,-1,19,20,21,-1,21,20,22,-1,21,22,23,-1,23,22,18,-1,23,18,24,-1,24,18,17,-1,0,2,19,-1,0,19,25,-1,25,19,21,-1,25,21,26,-1,26,21,23,-1,26,23,27,-1,27,23,24,-1,27,24,28,-1,28,24,17,-1,28,17,29,-1,29,17,15,-1,29,15,30,-1,30,15,13,-1,30,13,31,-1,31,32,30,-1,30,32,33,-1,30,33,29,-1,29,33,34,-1,29,34,28,-1,28,34,35,-1,28,35,27,-1,27,35,36,-1,11,0,37,-1,37,0,25,-1,37,25,36,-1,36,25,26,-1,36,26,27,-1,11,9,0,-1,0,9,1,-1,5,1,8,-1,8,1,9,-1,32,12,33,-1,33,12,14,-1,33,14,34,-1,34,14,16,-1,34,16,35,-1,35,16,18,-1,35,18,36,-1,36,18,22,-1,36,22,37,-1,37,22,20,-1,37,20,11,-1,11,20,10,-1,32,38,12,-1,12,38,39,-1,38,40,39,-1,39,40,41,-1,42,43,40,-1,40,43,41,-1,43,44,41,-1,41,44,39,-1,12,39,13,-1,13,39,44,-1,13,44,31,-1,31,44,45,-1,42,45,43,-1,43,45,44,-1,40,38,42,-1,42,38,45,-1,31,45,32,-1,32,45,38,-1,
        ]
    }
}
Shape{
    appearance Appearance {
        material  Material 	{
            diffuseColor 0.2235294117647059 0.2235294117647059 0.2235294117647059
            specularColor 0.19607843137254902 0.19607843137254902 0.19607843137254902
            ambientIntensity 0.2235
            transparency 0.0
            shininess 0.5
        }
    }
    geometry IndexedFaceSet {
        ccw TRUE
        solid FALSE
        coord DEF co Coordinate {
            point [
                0.003 -0.9843 0.7272, 0.003 -0.9843 0.6562, 0.0349 -0.9843 0.6562, 0.2144 -0.9843 0.6002, 0.2397 -0.9843 0.6002, 0.2397 -0.9843 0.623, 0.185 -0.9843 0.315, 0.185 -0.9843 0.1181, 0.209 -0.9843 0.1181, 0.3026 -0.9843 0.6471, 0.2944 -0.9843 0.669, 0.265 -0.9843 0.669, -0.0775 -0.9843 0.623, -0.0401 -0.9843 0.623, -0.0825 -0.9843 0.6355, -0.0401 -0.9843 0.7279, -0.0941 -0.9843 0.6517, -0.1096 -0.9843 0.6648, -0.1411 -0.9843 0.6972, -0.1293 -0.9843 0.6741, -0.1265 -0.9843 0.6732, -0.1844 -0.9843 0.7356, -0.173 -0.9843 0.7279, -0.16 -0.9843 0.7191, -0.6708 -0.9843 1.1828, -0.6708 -0.9843 0.7279, -0.4724 -0.9843 0.9843, -0.2917 -0.9843 0.7352, -0.2654 -0.9843 0.7452, -0.0401 -0.9843 0.9843, -0.2374 -0.9843 0.7487, -0.2129 -0.9843 0.746, -0.3035 -0.9843 0.7279, -0.3058 -0.9843 0.7265, -0.4231 -0.9843 0.6577, -0.4094 -0.9843 0.6752, -0.3663 -0.9843 0.6998, -0.3439 -0.9843 0.7026, -0.3191 -0.9843 0.715, -0.3374 -0.9843 0.7022, -0.3308 -0.9843 0.7014, -0.4055 -0.9843 0.6789, -0.3874 -0.9843 0.6916, -0.3945 -0.9843 0.5331, -0.4122 -0.9843 0.5483, -0.6708 -0.9843 0.5194, -0.3739 -0.9843 0.5231, -0.4252 -0.9843 0.5668, -0.4334 -0.9843 0.588, -0.6708 -0.9843 0.623, -0.4361 -0.9843 0.6103, -0.436 -0.9843 0.6158, -0.4347 -0.9843 0.623, -0.4321 -0.9843 0.6372, -0.6708 -0.9843 0.4877, -0.3361 -0.9843 0.4877, -0.3413 -0.9843 0.4899, -0.3667 -0.9843 0.521, -0.366 -0.9843 0.5194, -0.361 -0.9843 0.5087, -0.3525 -0.9843 0.4983, -0.315 -0.9843 0.315, -0.0401 -0.9843 0.4877, -0.289 -0.9843 0.4877, -0.0401 -0.9843 0.315, -0.185 -0.9843 0.315, -0.185 -0.9843 0.1181, -0.315 -0.9843 0.1181, -0.2988 -0.9843 0.4839, -0.3126 -0.9843 0.4822, -0.3148 -0.9843 0.4823, -0.0401 -0.9843 0.5194, -0.2593 -0.9843 0.5194, -0.2593 -0.9843 0.5191, -0.2661 -0.9843 0.5065, -0.2748 -0.9843 0.4967, -0.2861 -0.9843 0.4888, -0.1866 -0.9843 0.553, -0.1827 -0.9843 0.5545, -0.176 -0.9843 0.587, -0.094 -0.9843 0.5454, -0.1095 -0.9843 0.5323, -0.2699 -0.9843 0.5773, -0.1936 -0.9843 0.6172, -0.2799 -0.9843 0.5864, -0.2919 -0.9843 0.5929, -0.1901 -0.9843 0.5505, -0.0827 -0.9843 0.5612, -0.1085 -0.9843 0.604, -0.1112 -0.9843 0.6149, -0.1155 -0.9843 0.623, -0.3988 -0.9843 0.623, -0.0755 -0.9843 0.6181, -0.0729 -0.9843 0.5995, -0.0755 -0.9843 0.5792, -0.1782 -0.9843 0.5551, -0.1777 -0.9843 0.5551, -0.176 -0.9843 0.5547, -0.3955 -0.9843 0.5887, -0.3887 -0.9843 0.5772, -0.3598 -0.9843 0.5713, -0.3785 -0.9843 0.5667, -0.3661 -0.9843 0.5591, -0.3388 -0.9843 0.5902, -0.3504 -0.9843 0.5821, -0.4003 -0.9843 0.6115, -0.3996 -0.9843 0.6026, -0.3262 -0.9843 0.595, -0.3126 -0.9843 0.5967, -0.3057 -0.9843 0.5963, -0.1959 -0.9843 0.5375, -0.1957 -0.9843 0.5397, -0.2557 -0.9843 0.5449, -0.1946 -0.9843 0.544, -0.1924 -0.9843 0.5479, -0.1198 -0.9843 0.5688, -0.1135 -0.9843 0.5777, -0.1096 -0.9843 0.5878, -0.1082 -0.9843 0.5989, -0.1826 -0.9843 0.5203, -0.1864 -0.9843 0.5218, -0.19 -0.9843 0.5244, -0.1914 -0.9843 0.5258, -0.1938 -0.9843 0.5294, -0.1953 -0.9843 0.5332, -0.256 -0.9843 0.5332, -0.2557 -0.9843 0.5392, -0.1268 -0.9843 0.5238, -0.1458 -0.9843 0.5198, -0.1794 -0.9843 0.5198, -0.1748 -0.9843 0.5545, -0.1492 -0.9843 0.5545, -0.1389 -0.9843 0.5565, -0.1289 -0.9843 0.5612, -0.1205 -0.9843 0.5681, -0.1695 -0.9843 0.6776, -0.1823 -0.9843 0.6929, -0.3132 -0.9843 0.6599, -0.1837 -0.9843 0.6942, -0.1997 -0.9843 0.7053, -0.3045 -0.9843 0.6779, -0.3172 -0.9843 0.6621, -0.3299 -0.9843 0.6667, -0.1165 -0.9843 0.6247, -0.123 -0.9843 0.632, -0.1526 -0.9843 0.6434, -0.1318 -0.9843 0.6382, -0.1418 -0.9843 0.642, -0.1572 -0.9843 0.6434, -0.1607 -0.9843 0.6593, -0.3634 -0.9843 0.6647, -0.376 -0.9843 0.658, -0.3493 -0.9843 0.6681, -0.3858 -0.9843 0.6493, -0.3937 -0.9843 0.638, -0.2917 -0.9843 0.6931, -0.2176 -0.9843 0.7121, -0.2764 -0.9843 0.7043, -0.2369 -0.9843 0.7145, -0.2578 -0.9843 0.7118, -0.3433 -0.9843 0.6684, -0.3986 -0.9843 0.6253, 0.314 -0.9843 0.6471, 0.265 -0.9843 0.623, 2.5 -0.9843 0.623, 2.5 -0.9843 0.7279, 0.2835 -0.9843 0.7272, 0.265 -0.9843 0.7279, 0.2724 -0.9843 0.7272, 0.265 -0.9843 0.7077, 0.2534 -0.9843 0.6471, 0.242 -0.9843 0.6471, 0.2611 -0.9843 0.669, 0.1572 -0.9843 0.6562, 0.1572 -0.9843 0.6471, 0.1648 -0.9843 0.623, 0.1554 -0.9843 0.718, 0.1648 -0.9843 0.7279, 0.1554 -0.9843 0.7272, 0.1461 -0.9843 0.7279, 0.1461 -0.9843 0.7272, 0.1245 -0.9843 0.6832, 0.1245 -0.9843 0.6562, 0.1461 -0.9843 0.6832, 0.1461 -0.9843 0.6562, 0.1531 -0.9843 0.6832, 0.1531 -0.9843 0.6924, 0.1245 -0.9843 0.718, 0.1245 -0.9843 0.6924, 0.1461 -0.9843 0.718, 0.1461 -0.9843 0.6924, 0.1461 -0.9843 0.623, 0.1461 -0.9843 0.6471, 0.1095 -0.9843 0.623, 0.1141 -0.9843 0.7272, 0.1095 -0.9843 0.7279, 0.1141 -0.9843 0.6471, 0.0981 -0.9843 0.7253, 0.0909 -0.9843 0.7275, 0.0871 -0.9843 0.7279, 0.0981 -0.9843 0.7145, 0.0774 -0.9843 0.655, 0.0823 -0.9843 0.6552, 0.0877 -0.9843 0.7183, 0.0792 -0.9843 0.7192, 0.0574 -0.9843 0.7103, 0.0568 -0.9843 0.7097, 0.053 -0.9843 0.7041, 0.0503 -0.9843 0.6972, 0.049 -0.9843 0.6863, 0.0491 -0.9843 0.6834, 0.0504 -0.9843 0.6753, 0.0588 -0.9843 0.6616, 0.0641 -0.9843 0.6579, 0.0699 -0.9843 0.6558, 0.0912 -0.9843 0.6571, 0.0981 -0.9843 0.6603, 0.0981 -0.9843 0.6504, 0.0967 -0.9843 0.6498, 0.0617 -0.9843 0.648, 0.0542 -0.9843 0.6518, 0.0417 -0.9843 0.623, 0.0484 -0.9843 0.6567, 0.0477 -0.9843 0.6575, 0.096 -0.9843 0.7155, 0.076 -0.9843 0.7191, 0.0691 -0.9843 0.7177, 0.0628 -0.9843 0.7148, 0.0529 -0.9843 0.6689, 0.0569 -0.9843 0.6634, 0.0881 -0.9843 0.6469, 0.0759 -0.9843 0.6458, 0.0702 -0.9843 0.6461, 0.0807 -0.9843 0.7285, 0.1095 -0.9843 0.9843, 0.0791 -0.9843 0.7285, 0.0417 -0.9843 0.9843, 0.0735 -0.9843 0.7279, 0.0592 -0.9843 0.7239, 0.0676 -0.9843 0.7271, 0.0417 -0.9843 0.7279, 0.0446 -0.9843 0.7104, 0.0497 -0.9843 0.7167, 0.0515 -0.9843 0.7185, 0.0429 -0.9843 0.6643, 0.0417 -0.9843 0.6675, 0.0369 -0.9843 0.623, 0.0369 -0.9843 0.7279, 0.0405 -0.9843 0.7017, 0.0417 -0.9843 0.7042, 0.0397 -0.9843 0.6727, 0.0382 -0.9843 0.6856, 0.0384 -0.9843 0.6915, -0.4724 -0.9843 1.1828, -0.4724 -0.9843 2.0472, -0.6708 -0.9843 2.0472, 0.0369 -0.9843 0.9843, 0.1461 -0.9843 0.9843, 0.1648 -0.9843 0.9843, 0.209 -0.9843 0.9843, 0.209 -0.9843 0.7279, 0.2397 -0.9843 0.9843, 0.2397 -0.9843 0.7279, 0.265 -0.9843 0.9843, 0.4724 -0.9843 0.9843, 0.4724 -0.9843 1.1828, 2.5 -0.9843 1.1828, 2.5 -0.9843 2.0472, 0.4724 -0.9843 2.0472, 2.5 -0.9843 0.4877, 0.265 -0.9843 0.4877, 0.685 -0.9843 0.315, 0.315 -0.9843 0.315, 1.185 -0.9843 0.1181, 2.5 -0.9843 0.1181, 1.185 -0.9843 0.315, 0.815 -0.9843 0.315, 0.815 -0.9843 0.1181, 0.685 -0.9843 0.1181, 0.209 -0.9843 0.4877, 0.1648 -0.9843 0.4877, 0.1648 -0.9843 0.315, 0.1461 -0.9843 0.315, 0.1461 -0.9843 0.4877, 0.1095 -0.9843 0.315, 0.1095 -0.9843 0.4877, 0.0417 -0.9843 0.4877, 0.0417 -0.9843 0.315, 0.0369 -0.9843 0.315, 0.0369 -0.9843 0.4877, -2.5 -0.9843 0.1181, -1.185 -0.9843 0.1181, -2.5 -0.9843 0.4877, -1.185 -0.9843 0.315, -0.3282 -0.9843 0.4844, -0.6708 -0.9843 0.315, -0.685 -0.9843 0.315, -0.815 -0.9843 0.315, -0.685 -0.9843 0.1181, -0.815 -0.9843 0.1181, 0.209 -0.9843 0.7252, 0.2171 -0.9843 0.7223, 0.2332 -0.9843 0.7068, 0.2362 -0.9843 0.6991, 0.2375 -0.9843 0.6882, 0.2254 -0.9843 0.7166, 0.2283 -0.9843 0.7138, 0.2371 -0.9843 0.6817, 0.2349 -0.9843 0.6726, 0.2307 -0.9843 0.6644, 0.2254 -0.9843 0.6583, 0.217 -0.9843 0.6523, 0.209 -0.9843 0.6492, 0.209 -0.9843 0.623, 0.2078 -0.9843 0.6487, 0.1943 -0.9843 0.6471, 0.1723 -0.9843 0.6471, 0.1723 -0.9843 0.7272, 0.1952 -0.9843 0.7272, 0.2074 -0.9843 0.7258, 0.0727 -0.9843 0.5208, 0.0689 -0.9843 0.5194, 0.0812 -0.9843 0.5201, 0.0762 -0.9843 0.5231, 0.0417 -0.9843 0.5194, 0.047 -0.9843 0.5275, 0.0458 -0.9843 0.5309, 0.0807 -0.9843 0.5769, 0.1065 -0.9843 0.5687, 0.1084 -0.9843 0.5714, 0.0536 -0.9843 0.5209, 0.0575 -0.9843 0.5194, 0.0576 -0.9843 0.5194, 0.0493 -0.9843 0.5472, 0.0523 -0.9843 0.5499, 0.0509 -0.9843 0.5635, 0.0565 -0.9843 0.5521, 0.0573 -0.9843 0.5676, 0.0643 -0.9843 0.5541, 0.0731 -0.9843 0.5701, 0.0697 -0.9843 0.5704, 0.0636 -0.9843 0.5698, 0.0502 -0.9843 0.5232, 0.0491 -0.9843 0.5244, 0.0453 -0.9843 0.5354, 0.0459 -0.9843 0.5408, 0.084 -0.9843 0.575, 0.0867 -0.9843 0.5725, 0.1053 -0.9843 0.5654, 0.0888 -0.9843 0.5693, 0.0904 -0.9843 0.5648, 0.0812 -0.9843 0.5289, 0.081 -0.9843 0.5289, 0.0794 -0.9843 0.5265, 0.0543 -0.9843 0.5751, 0.0509 -0.9843 0.5733, 0.0473 -0.9843 0.5443, 0.062 -0.9843 0.5777, 0.0706 -0.9843 0.5786, 0.0764 -0.9843 0.5781, 0.1078 -0.9843 0.5528, 0.1065 -0.9843 0.5549, 0.0913 -0.9843 0.5569, 0.1054 -0.9843 0.558, 0.1049 -0.9843 0.5618, 0.0812 -0.9843 0.5564, 0.0809 -0.9843 0.5609, 0.0799 -0.9843 0.5645, 0.0787 -0.9843 0.5665, 0.1094 -0.9843 0.5511, 0.1049 -0.9843 0.5325, 0.1095 -0.9843 0.551, 0.1084 -0.9843 0.5302, 0.1095 -0.9843 0.5298, 0.0772 -0.9843 0.5681, 0.0754 -0.9843 0.5693, 0.0635 -0.9843 0.5187, 0.0686 -0.9843 0.5193, 0.1049 -0.9843 0.5221, 0.0913 -0.9843 0.5201, 0.1095 -0.9843 0.5204, 0.1095 -0.9843 0.5194, 0.1115 -0.9843 0.5197, 0.1142 -0.9843 0.5194, 0.1268 -0.9843 0.5194, 0.1204 -0.9843 0.5187, 0.1461 -0.9843 0.5194, 0.1285 -0.9843 0.5196, 0.1407 -0.9843 0.5761, 0.1407 -0.9843 0.5663, 0.1113 -0.9843 0.574, 0.1141 -0.9843 0.5757, 0.143 -0.9843 0.5316, 0.1418 -0.9843 0.5284, 0.1399 -0.9843 0.5258, 0.1095 -0.9843 0.5724, 0.1196 -0.9843 0.5777, 0.1272 -0.9843 0.5786, 0.1337 -0.9843 0.5781, 0.1401 -0.9843 0.5451, 0.142 -0.9843 0.5423, 0.1431 -0.9843 0.5394, 0.1435 -0.9843 0.5356, 0.137 -0.9843 0.5233, 0.134 -0.9843 0.5215, 0.1262 -0.9843 0.5704, 0.1232 -0.9843 0.5702, 0.1153 -0.9843 0.5627, 0.1206 -0.9843 0.5695, 0.1183 -0.9843 0.5683, 0.1153 -0.9843 0.5614, 0.1157 -0.9843 0.5599, 0.1165 -0.9843 0.5585, 0.1174 -0.9843 0.5574, 0.121 -0.9843 0.5552, 0.1332 -0.9843 0.5696, 0.1272 -0.9843 0.5525, 0.1388 -0.9843 0.5674, 0.1311 -0.9843 0.5509, 0.1377 -0.9843 0.5472, 0.1168 -0.9843 0.567, 0.1159 -0.9843 0.5657, 0.1154 -0.9843 0.5643, 0.1147 -0.9843 0.5278, 0.1201 -0.9843 0.5452, 0.1141 -0.9843 0.548, 0.1214 -0.9843 0.5269, 0.1218 -0.9843 0.5269, 0.1267 -0.9843 0.5425, 0.1269 -0.9843 0.5275, 0.1332 -0.9843 0.5347, 0.1331 -0.9843 0.5359, 0.1295 -0.9843 0.5285, 0.1304 -0.9843 0.529, 0.1316 -0.9843 0.53, 0.1325 -0.9843 0.5313, 0.133 -0.9843 0.5328, 0.1326 -0.9843 0.5375, 0.1319 -0.9843 0.5388, 0.1306 -0.9843 0.5401, 0.1932 -0.9843 0.5773, 0.2036 -0.9843 0.5773, 0.209 -0.9843 0.5194, 0.1749 -0.9843 0.5343, 0.1761 -0.9843 0.5296, 0.1764 -0.9843 0.5296, 0.1648 -0.9843 0.5634, 0.1776 -0.9843 0.5342, 0.1768 -0.9843 0.5316, 0.1648 -0.9843 0.5364, 0.1487 -0.9843 0.5773, 0.1599 -0.9843 0.5773, 0.1708 -0.9843 0.5194, 0.1711 -0.9843 0.5202, 0.1648 -0.9843 0.5062, 0.1648 -0.9843 0.5062, 0.1648 -0.9843 0.5194, 0.1667 -0.9843 0.5098, 0.1508 -0.9843 0.5029, 0.1508 -0.9843 0.494, 0.1528 -0.9843 0.5022, 0.1565 -0.9843 0.5018, 0.1589 -0.9843 0.502, 0.1648 -0.9843 0.4949, 0.1613 -0.9843 0.4936, 0.1572 -0.9843 0.4932, 0.155 -0.9843 0.4932, 0.1611 -0.9843 0.5028, 0.1629 -0.9843 0.5041, 0.1776 -0.9843 0.5115, 0.1731 -0.9843 0.5026, 0.1808 -0.9843 0.5194, 0.1694 -0.9843 0.4982, 0.1687 -0.9843 0.4976, 0.1652 -0.9843 0.4951, 0.2556 -0.9843 0.6002, 0.2556 -0.9843 0.591, 0.2575 -0.9843 0.5292, 0.265 -0.9843 0.5194, 0.2575 -0.9843 0.5201, 0.2397 -0.9843 0.5194, 0.2247 -0.9843 0.5562, 0.2247 -0.9843 0.5292, 0.2397 -0.9843 0.5562, 0.2397 -0.9843 0.5292, 0.2534 -0.9843 0.5562, 0.2534 -0.9843 0.5653, 0.2397 -0.9843 0.5653, 0.2397 -0.9843 0.591, 0.2247 -0.9843 0.5653, 0.2247 -0.9843 0.591, 0.2397 -0.9843 0.5201, 0.2144 -0.9843 0.5201, 0.3536 -0.9843 0.5201, 0.3422 -0.9843 0.5201, 0.3838 -0.9843 0.6002, 2.5 -0.9843 0.5194, 0.4143 -0.9843 0.5201, 0.4028 -0.9843 0.5201, 0.3947 -0.9843 0.542, 0.3613 -0.9843 0.542, 0.3727 -0.9843 0.6002, 0.3352 -0.9843 0.5455, 0.3374 -0.9843 0.5547, 0.3378 -0.9843 0.5612, 0.3365 -0.9843 0.5721, 0.331 -0.9843 0.5374, 0.3257 -0.9843 0.5313, 0.3173 -0.9843 0.5253, 0.2726 -0.9843 0.6002, 0.2726 -0.9843 0.5201, 0.2946 -0.9843 0.5201, 0.3081 -0.9843 0.5217, 0.3257 -0.9843 0.5896, 0.3286 -0.9843 0.5867, 0.3335 -0.9843 0.5798, 0.2954 -0.9843 0.6002, 0.3077 -0.9843 0.5988, 0.3173 -0.9843 0.5953, 0.315 -0.9843 0.1181, 0.265 -0.9843 0.1181, 0.2397 -0.9843 0.1181, 0.2397 -0.9843 0.4877, 0.0369 -0.9843 0.5194, 0.0357 -0.9843 0.5292, 0.0357 -0.9843 0.5201, -0.0073 -0.9843 0.5201, 0.0339 -0.9843 0.591, -0.0073 -0.9843 0.6002, 0.0339 -0.9843 0.6002, 0.003 -0.9843 0.5562, 0.003 -0.9843 0.5292, 0.0316 -0.9843 0.5562, 0.0316 -0.9843 0.5653, 0.003 -0.9843 0.5653, 0.003 -0.9843 0.591, -0.0073 -0.9843 0.6471, -0.0073 -0.9843 0.7272, 0.0349 -0.9843 0.6471, -1.063 -0.9843 1.617, -0.9055 -0.9843 1.8898, -1.2205 -0.9843 1.8898, -2.5 -0.9843 2.0472, -2.5 -0.9843 1.1828, -2.5 -0.9843 0.7279, -2.5 -0.9843 0.623, -2.5 -0.9843 0.5194
            ]
        }
        coordIndex [
            0,1,2,-1,3,4,5,-1,6,7,8,-1,9,10,11,-1,12,13,14,-1,14,13,15,-1,14,15,16,-1,16,15,17,-1,18,19,15,-1,15,19,20,-1,15,20,17,-1,21,22,15,-1,15,22,23,-1,15,23,18,-1,24,25,26,-1,27,28,26,-1,26,28,29,-1,29,28,30,-1,29,30,31,-1,27,26,32,-1,32,26,25,-1,32,25,33,-1,25,34,35,-1,25,36,33,-1,33,36,37,-1,33,37,38,-1,38,37,39,-1,38,39,40,-1,35,41,25,-1,25,41,42,-1,25,42,36,-1,43,44,45,-1,43,45,46,-1,44,47,45,-1,45,47,48,-1,45,48,49,-1,49,48,50,-1,50,51,49,-1,49,51,52,-1,49,52,25,-1,25,52,53,-1,25,53,34,-1,54,55,56,-1,57,46,58,-1,58,46,45,-1,58,45,59,-1,59,45,54,-1,59,54,60,-1,60,54,56,-1,61,62,63,-1,64,62,65,-1,65,62,61,-1,65,61,66,-1,66,61,67,-1,63,68,61,-1,61,68,69,-1,61,69,70,-1,71,72,62,-1,62,72,73,-1,62,73,74,-1,74,75,62,-1,62,75,76,-1,62,76,63,-1,77,78,79,-1,80,81,71,-1,82,83,84,-1,84,83,85,-1,77,79,86,-1,80,71,87,-1,88,89,83,-1,83,89,90,-1,83,90,91,-1,12,92,13,-1,13,92,93,-1,13,93,71,-1,71,93,94,-1,71,94,87,-1,78,95,79,-1,79,95,96,-1,79,96,97,-1,98,99,100,-1,100,99,101,-1,100,101,102,-1,103,91,104,-1,104,91,105,-1,104,105,100,-1,100,105,106,-1,100,106,98,-1,103,107,91,-1,91,107,108,-1,91,108,83,-1,83,108,109,-1,83,109,85,-1,110,111,112,-1,112,111,113,-1,112,113,79,-1,79,113,114,-1,79,114,86,-1,115,116,79,-1,79,116,117,-1,79,117,83,-1,83,117,118,-1,83,118,88,-1,119,120,72,-1,72,120,121,-1,72,121,122,-1,122,123,72,-1,72,123,124,-1,72,124,125,-1,125,124,110,-1,125,110,126,-1,126,110,112,-1,81,127,71,-1,71,127,128,-1,71,128,72,-1,72,128,129,-1,72,129,119,-1,97,130,79,-1,79,130,131,-1,79,131,132,-1,132,133,79,-1,79,133,134,-1,79,134,115,-1,135,136,137,-1,136,138,137,-1,137,138,139,-1,137,139,140,-1,90,137,91,-1,91,137,141,-1,91,141,142,-1,143,144,145,-1,145,144,146,-1,145,146,147,-1,143,145,90,-1,90,145,148,-1,90,148,137,-1,137,148,149,-1,137,149,135,-1,150,151,152,-1,152,151,153,-1,152,153,154,-1,140,139,155,-1,155,139,156,-1,155,156,157,-1,157,156,158,-1,157,158,159,-1,142,160,91,-1,91,160,152,-1,91,152,161,-1,161,152,154,-1,162,9,163,-1,164,165,166,-1,166,165,167,-1,166,167,168,-1,168,167,169,-1,170,171,5,-1,9,11,163,-1,163,11,172,-1,163,172,170,-1,173,174,175,-1,176,177,178,-1,178,177,179,-1,178,179,180,-1,181,182,183,-1,183,182,184,-1,183,184,185,-1,185,184,173,-1,185,173,186,-1,187,188,189,-1,189,188,190,-1,189,190,176,-1,175,174,191,-1,191,174,192,-1,191,192,193,-1,180,179,194,-1,194,179,195,-1,194,195,196,-1,197,195,198,-1,198,195,199,-1,192,196,193,-1,193,196,195,-1,193,195,200,-1,200,195,197,-1,200,201,202,-1,203,204,205,-1,206,207,200,-1,200,207,208,-1,208,209,200,-1,200,209,210,-1,200,210,211,-1,212,213,200,-1,200,213,214,-1,200,214,201,-1,202,215,200,-1,200,215,216,-1,200,216,193,-1,193,216,217,-1,193,217,218,-1,219,220,221,-1,221,220,222,-1,221,222,223,-1,206,200,205,-1,205,200,224,-1,205,224,203,-1,204,225,205,-1,205,225,226,-1,205,226,227,-1,211,228,200,-1,200,228,229,-1,200,229,212,-1,218,230,193,-1,193,230,231,-1,193,231,221,-1,221,231,232,-1,221,232,219,-1,233,234,235,-1,235,234,236,-1,235,236,237,-1,238,239,240,-1,241,242,240,-1,240,242,243,-1,240,243,238,-1,223,244,221,-1,221,244,245,-1,221,245,246,-1,247,248,240,-1,240,248,249,-1,240,249,241,-1,245,250,246,-1,246,250,251,-1,246,251,247,-1,247,251,252,-1,247,252,248,-1,26,253,24,-1,24,253,254,-1,24,254,255,-1,239,237,240,-1,240,237,236,-1,240,236,247,-1,247,236,256,-1,247,256,15,-1,15,256,29,-1,15,29,21,-1,21,29,31,-1,233,199,234,-1,234,199,195,-1,234,195,257,-1,257,195,179,-1,257,179,258,-1,258,179,177,-1,258,177,259,-1,259,177,260,-1,259,260,261,-1,261,262,263,-1,263,262,167,-1,263,167,264,-1,264,167,165,-1,264,165,265,-1,165,266,265,-1,265,266,267,-1,265,267,268,-1,269,270,271,-1,271,270,272,-1,273,274,275,-1,275,274,269,-1,275,269,276,-1,276,269,271,-1,276,271,277,-1,277,271,278,-1,279,280,281,-1,281,280,282,-1,282,280,283,-1,282,283,284,-1,285,286,287,-1,287,286,288,-1,288,286,289,-1,288,289,64,-1,290,291,292,-1,292,291,293,-1,70,294,61,-1,61,294,55,-1,61,55,295,-1,295,55,54,-1,295,54,296,-1,296,54,297,-1,296,297,298,-1,298,297,299,-1,261,260,262,-1,262,260,300,-1,262,300,301,-1,302,303,262,-1,262,303,304,-1,301,305,262,-1,262,305,306,-1,262,306,302,-1,307,308,5,-1,5,308,309,-1,5,309,310,-1,169,167,171,-1,171,167,262,-1,171,262,5,-1,5,262,304,-1,5,304,307,-1,311,312,313,-1,313,312,314,-1,315,316,175,-1,175,316,177,-1,175,177,173,-1,173,177,176,-1,173,176,186,-1,186,176,190,-1,316,317,177,-1,177,317,318,-1,177,318,260,-1,260,318,319,-1,260,319,300,-1,320,321,322,-1,320,322,323,-1,324,325,326,-1,327,328,329,-1,330,324,331,-1,331,324,332,-1,333,334,335,-1,335,334,336,-1,335,336,337,-1,337,336,338,-1,339,340,338,-1,338,340,341,-1,338,341,337,-1,330,342,324,-1,324,342,343,-1,324,343,325,-1,344,345,221,-1,327,346,328,-1,328,346,347,-1,328,347,348,-1,348,347,349,-1,348,349,350,-1,351,352,322,-1,322,352,353,-1,322,353,323,-1,354,221,355,-1,355,221,345,-1,355,345,335,-1,335,345,356,-1,335,356,333,-1,354,357,221,-1,221,357,358,-1,221,358,359,-1,360,361,362,-1,362,361,363,-1,362,363,350,-1,350,363,364,-1,350,364,348,-1,365,366,338,-1,338,366,367,-1,338,367,368,-1,369,370,371,-1,371,370,372,-1,371,372,373,-1,368,374,338,-1,338,374,375,-1,338,375,339,-1,376,286,377,-1,377,286,285,-1,377,285,321,-1,369,360,370,-1,370,360,362,-1,370,362,378,-1,378,362,379,-1,378,379,380,-1,380,379,381,-1,380,381,382,-1,382,381,383,-1,384,385,285,-1,385,383,285,-1,285,383,381,-1,285,381,321,-1,321,381,379,-1,321,379,322,-1,287,284,285,-1,285,284,283,-1,285,283,384,-1,384,283,386,-1,384,386,387,-1,388,389,386,-1,390,391,193,-1,392,393,386,-1,386,393,394,-1,359,327,221,-1,221,327,329,-1,221,329,193,-1,193,329,395,-1,193,395,390,-1,391,396,193,-1,193,396,397,-1,193,397,191,-1,191,397,398,-1,191,398,388,-1,399,400,389,-1,389,400,401,-1,389,401,386,-1,386,401,402,-1,386,402,392,-1,394,403,386,-1,386,403,404,-1,386,404,387,-1,405,406,407,-1,407,406,408,-1,407,408,409,-1,407,410,405,-1,405,410,411,-1,405,411,412,-1,412,413,405,-1,405,413,414,-1,405,414,415,-1,415,414,416,-1,415,416,417,-1,417,416,418,-1,417,418,389,-1,389,418,419,-1,389,419,399,-1,420,421,409,-1,409,421,422,-1,409,422,407,-1,423,424,373,-1,373,424,425,-1,373,425,371,-1,423,426,424,-1,424,426,427,-1,424,427,428,-1,428,427,429,-1,428,430,431,-1,429,432,428,-1,428,432,433,-1,428,433,434,-1,434,435,428,-1,428,435,436,-1,428,436,430,-1,431,437,428,-1,428,437,438,-1,428,438,439,-1,440,441,313,-1,313,441,442,-1,443,444,445,-1,314,315,313,-1,313,315,175,-1,313,175,440,-1,440,175,446,-1,440,446,447,-1,447,446,443,-1,447,443,448,-1,448,443,445,-1,449,450,386,-1,388,386,191,-1,191,386,450,-1,191,450,175,-1,175,450,451,-1,175,451,446,-1,452,453,449,-1,454,455,456,-1,456,455,457,-1,456,457,452,-1,452,449,456,-1,456,449,386,-1,456,386,458,-1,458,386,283,-1,458,283,459,-1,458,460,456,-1,456,460,461,-1,456,461,462,-1,463,464,280,-1,280,464,465,-1,280,465,283,-1,283,465,466,-1,283,466,459,-1,462,467,456,-1,456,467,468,-1,456,468,454,-1,469,470,279,-1,469,279,471,-1,470,472,279,-1,279,472,473,-1,279,473,280,-1,280,473,474,-1,280,474,463,-1,170,5,163,-1,163,5,4,-1,163,4,475,-1,475,476,163,-1,163,476,477,-1,163,477,478,-1,478,477,479,-1,478,479,480,-1,481,482,483,-1,483,482,484,-1,483,484,485,-1,485,484,477,-1,485,477,486,-1,486,477,476,-1,486,476,487,-1,487,476,488,-1,487,488,489,-1,489,488,490,-1,479,491,480,-1,480,491,492,-1,480,492,442,-1,442,492,3,-1,442,3,313,-1,313,3,5,-1,313,5,311,-1,311,5,310,-1,493,494,478,-1,164,495,496,-1,496,495,497,-1,496,497,478,-1,478,497,498,-1,478,498,493,-1,493,498,499,-1,493,499,500,-1,166,162,164,-1,164,162,163,-1,164,163,495,-1,495,163,501,-1,502,494,503,-1,503,494,501,-1,503,501,504,-1,504,501,505,-1,502,506,494,-1,494,506,507,-1,494,507,508,-1,509,163,510,-1,510,163,478,-1,510,478,511,-1,511,478,494,-1,511,494,512,-1,512,494,508,-1,513,514,501,-1,501,514,515,-1,501,515,505,-1,509,516,163,-1,163,516,517,-1,163,517,501,-1,501,517,518,-1,501,518,513,-1,519,272,520,-1,520,272,270,-1,520,270,521,-1,521,270,522,-1,521,522,8,-1,8,522,279,-1,8,279,6,-1,6,279,281,-1,269,496,270,-1,270,496,478,-1,270,478,522,-1,522,478,480,-1,522,480,279,-1,279,480,442,-1,279,442,471,-1,471,442,441,-1,376,332,286,-1,286,332,324,-1,286,324,289,-1,289,324,523,-1,524,525,523,-1,523,525,526,-1,326,344,324,-1,324,344,221,-1,324,221,523,-1,523,221,246,-1,523,246,524,-1,524,246,527,-1,64,289,62,-1,62,289,523,-1,62,523,71,-1,71,523,526,-1,71,526,13,-1,13,526,528,-1,13,528,246,-1,246,528,529,-1,246,529,527,-1,530,531,532,-1,532,531,524,-1,532,524,533,-1,533,524,527,-1,533,527,534,-1,534,527,535,-1,536,537,15,-1,15,537,0,-1,15,0,247,-1,247,0,2,-1,247,2,246,-1,246,2,538,-1,246,538,13,-1,13,538,536,-1,13,536,15,-1,539,24,540,-1,540,24,255,-1,540,255,541,-1,541,255,542,-1,541,542,539,-1,539,542,543,-1,539,543,24,-1,24,543,544,-1,24,544,25,-1,25,544,545,-1,25,545,49,-1,49,545,546,-1,49,546,45,-1,45,546,292,-1,45,292,54,-1,54,292,293,-1,54,293,297,-1,
        ]
    }
}
Shape{
    appearance Appearance {
        material  Material 	{
            diffuseColor 0.9686274509803922 0.8784313725490196 0.6
            specularColor 0.6784313725490196 0.615686274509804 0.4196078431372549
            ambientIntensity 0.8737
            transparency 0.0
            shininess 0.5
        }
    }
    geometry IndexedFaceSet {
        ccw TRUE
        solid FALSE
        coord DEF co Coordinate {
            point [
                -0.4213 -0.3592 0.0, -0.4213 -0.9646 0.0, -0.5787 -0.3592 0.0, -0.5787 -0.9646 0.0, -0.5394 -1.0827 0.0394, -0.4606 -1.0827 0.0394, -0.5787 -0.9646 0.1575, -0.5394 -1.0827 0.1181, -0.4606 -1.0827 0.1181, -0.4213 -0.9646 0.1575, -0.5787 -0.3592 0.1575, -0.4213 -0.3592 0.1575, -0.5787 -0.3287 0.1879, -0.5787 -0.1713 0.1879, -0.5787 -0.3298 0.1801, -0.5787 -0.1777 0.1393, -0.5787 -0.3328 0.1727, -0.5787 -0.1964 0.094, -0.5787 -0.3377 0.1664, -0.5787 -0.2263 0.055, -0.5787 -0.344 0.1616, -0.5787 -0.2652 0.0252, -0.5787 -0.3513 0.1585, -0.5787 -0.3106 0.0064, -0.4213 -0.3106 0.0064, -0.4213 -0.2652 0.0252, -0.4213 -0.2263 0.055, -0.4213 -0.1964 0.094, -0.4213 -0.1777 0.1393, -0.4213 -0.1713 0.1879, -0.4213 -0.3513 0.1585, -0.4213 -0.344 0.1616, -0.4213 -0.3377 0.1664, -0.4213 -0.3328 0.1727, -0.4213 -0.3298 0.1801, -0.4213 -0.3287 0.1879, -0.5787 -0.3287 0.3346, -0.4213 -0.3287 0.3346, -0.5787 -0.1713 0.3346, -0.4213 -0.1713 0.3346
            ]
        }
        coordIndex [
            0,1,2,-1,2,1,3,-1,4,3,5,-1,5,3,1,-1,3,4,6,-1,6,4,7,-1,8,7,5,-1,5,7,4,-1,8,9,7,-1,7,9,6,-1,10,6,11,-1,11,6,9,-1,2,3,10,-1,10,3,6,-1,12,13,14,-1,14,13,15,-1,14,15,16,-1,16,15,17,-1,16,17,18,-1,18,17,19,-1,18,19,20,-1,20,19,21,-1,20,21,22,-1,22,21,23,-1,22,23,10,-1,10,23,2,-1,0,2,23,-1,0,23,24,-1,24,23,21,-1,24,21,25,-1,25,21,19,-1,25,19,26,-1,26,19,17,-1,26,17,27,-1,27,17,15,-1,27,15,28,-1,28,15,13,-1,28,13,29,-1,11,0,30,-1,30,0,24,-1,30,24,31,-1,31,24,25,-1,31,25,32,-1,32,25,26,-1,32,26,33,-1,33,26,27,-1,33,27,34,-1,34,27,28,-1,34,28,35,-1,35,28,29,-1,11,9,0,-1,0,9,1,-1,5,1,8,-1,8,1,9,-1,35,12,34,-1,34,12,14,-1,34,14,33,-1,33,14,16,-1,33,16,32,-1,32,16,18,-1,32,18,31,-1,31,18,20,-1,31,20,30,-1,30,20,22,-1,30,22,11,-1,11,22,10,-1,36,12,37,-1,37,12,35,-1,38,13,36,-1,36,13,12,-1,29,13,39,-1,39,13,38,-1,35,29,37,-1,37,29,39,-1,
        ]
    }
}
Shape{
    appearance Appearance {
        material  Material 	{
            diffuseColor 0.2235294117647059 0.2235294117647059 0.2235294117647059
            specularColor 0.19607843137254902 0.19607843137254902 0.19607843137254902
            ambientIntensity 0.2235
            transparency 0.0
            shininess 0.5
        }
    }
    geometry IndexedFaceSet {
        ccw TRUE
        solid FALSE
        coord DEF co Coordinate {
            point [
                -2.5 -0.9843 0.1181, -2.5 -0.9843 0.4877, -2.5 0.9843 0.1181, -2.5 -0.9843 0.5194, -2.5 -0.9843 0.623, -2.5 -0.9843 2.0472, -2.5 0.9843 2.0472, -2.5 -0.9843 1.1828, -2.5 -0.9843 0.7279, 0.4724 -0.7874 2.0472, 0.4724 -0.9843 2.0472, 2.3031 -0.7874 2.0472, 2.5 -0.9843 2.0472, 2.3031 0.7874 2.0472, 2.5 0.9843 2.0472, -2.3031 0.7874 2.0472, -2.3031 -0.7874 2.0472, -0.4724 -0.7874 2.0472, -0.6708 -0.9843 2.0472, -0.4724 -0.9843 2.0472, 2.185 0.6693 1.9291, 2.185 -0.6693 1.9291, 2.185 -0.6693 0.8268, 2.185 0.0 0.8268, 2.185 0.499 0.8268, 2.185 0.6693 0.8268, -2.185 0.6693 0.8268, -2.185 0.499 0.8268, -0.75 0.499 0.8268, -0.75 0.0 0.8268, -0.9213 -0.1713 0.8268, -0.75 -0.6693 0.8268, -0.9213 -0.3287 0.8268, -1.0787 -0.3287 0.8268, -1.0787 -0.1713 0.8268, -2.185 0.0 0.8268, -2.185 -0.6693 0.8268, -0.5787 -0.1713 0.8268, -0.5787 -0.3287 0.8268, -0.4213 -0.3287 0.8268, -0.25 -0.6693 0.8268, -0.4213 -0.1713 0.8268, -0.25 0.0 0.8268, 0.0787 -0.1713 0.8268, 0.25 0.0 0.8268, -0.0787 -0.1713 0.8268, -0.0787 -0.3287 0.8268, 0.0787 -0.3287 0.8268, 0.25 -0.6693 0.8268, 0.5787 -0.1713 0.8268, 0.75 0.0 0.8268, 0.4213 -0.1713 0.8268, 0.4213 -0.3287 0.8268, 0.5787 -0.3287 0.8268, 0.75 -0.6693 0.8268, 0.9213 -0.1713 0.8268, 1.0787 -0.1713 0.8268, 0.9213 -0.3287 0.8268, 1.0787 -0.3287 0.8268, 1.6319 -0.6693 0.8268, 1.6319 0.0 0.8268, -0.9213 0.1713 0.8268, -1.0787 0.1713 0.8268, -0.9213 0.3287 0.8268, -1.0787 0.3287 0.8268, -0.5787 0.3287 0.8268, -0.5787 0.1713 0.8268, -0.4213 0.1713 0.8268, -0.4213 0.3287 0.8268, -0.25 0.499 0.8268, 0.0787 0.3287 0.8268, 0.25 0.499 0.8268, -0.0787 0.3287 0.8268, -0.0787 0.1713 0.8268, 0.0787 0.1713 0.8268, 0.4213 0.3287 0.8268, 0.4213 0.1713 0.8268, 0.5787 0.1713 0.8268, 0.5787 0.3287 0.8268, 0.75 0.499 0.8268, 1.0787 0.3287 0.8268, 1.6319 0.499 0.8268, 1.0787 0.1713 0.8268, 0.9213 0.1713 0.8268, 0.9213 0.3287 0.8268, -0.75 0.6693 0.8268, -0.25 0.6693 0.8268, 0.25 0.6693 0.8268, 0.75 0.6693 0.8268, 1.6319 0.6693 0.8268, -2.185 0.6693 1.9291, -2.185 -0.6693 1.9291, -0.4724 -0.6693 1.9291, -0.4724 -0.9843 1.1828, -0.4724 -0.9843 0.9843, -0.4724 -0.6693 0.9843, 0.0369 -0.9843 0.9843, 0.4724 -0.6693 0.9843, -0.0401 -0.9843 0.9843, 0.4724 -0.9843 0.9843, 0.265 -0.9843 0.9843, 0.2397 -0.9843 0.9843, 0.0417 -0.9843 0.9843, 0.1095 -0.9843 0.9843, 0.1461 -0.9843 0.9843, 0.1648 -0.9843 0.9843, 0.209 -0.9843 0.9843, 0.4724 -0.6693 1.9291, 0.4724 -0.9843 1.1828, 2.5 -0.9843 1.1828, 2.5 0.9843 0.1181, 2.5 -0.9843 0.7279, 2.5 -0.9843 0.623, 2.5 -0.9843 0.5194, 2.5 -0.9843 0.4877, 2.5 -0.9843 0.1181, 0.815 0.9843 0.315, 0.815 0.9843 0.1181, 0.685 0.9843 0.1181, 0.685 0.9843 0.315, 0.315 0.9843 0.315, 1.185 0.9843 0.315, 1.185 0.9843 0.1181, -0.185 0.9843 0.315, -0.185 0.9843 0.1181, -0.315 0.9843 0.1181, -0.315 0.9843 0.315, -0.685 0.9843 0.315, 0.185 0.9843 0.315, 0.185 0.9843 0.1181, 0.315 0.9843 0.1181, -1.185 0.9843 0.1181, -1.185 0.9843 0.315, -0.815 0.9843 0.315, -0.815 0.9843 0.1181, -0.685 0.9843 0.1181, -0.815 -0.9843 0.1181, -0.815 -0.9843 0.315, -1.185 -0.9843 0.315, -1.0984 0.1516 0.315, -1.0984 0.3484 0.315, -0.9016 -0.1516 0.315, -0.9016 0.3484 0.315, -0.9016 0.1516 0.315, -1.0984 -0.1516 0.315, -1.0984 -0.3484 0.315, -0.9016 -0.3484 0.315, -1.185 -0.9843 0.1181, -1.0787 -0.1713 0.3346, -1.0787 -0.3287 0.3346, -0.9213 -0.3287 0.3346, -0.9213 -0.1713 0.3346, -0.9213 0.3287 0.3346, -0.9213 0.1713 0.3346, -1.0787 0.3287 0.3346, -1.0787 0.1713 0.3346, -0.685 -0.9843 0.1181, -0.685 -0.9843 0.315, -0.5984 0.1516 0.315, -0.5984 0.3484 0.315, -0.4016 0.3484 0.315, -0.4016 0.1516 0.315, -0.4016 -0.1516 0.315, -0.5984 -0.1516 0.315, -0.5984 -0.3484 0.315, -0.6708 -0.9843 0.315, -0.4016 -0.3484 0.315, -0.315 -0.9843 0.315, -0.315 -0.9843 0.1181, -0.185 -0.9843 0.1181, -0.185 -0.9843 0.315, -0.0984 0.1516 0.315, 0.185 -0.9843 0.315, 0.0984 -0.1516 0.315, 0.0984 -0.3484 0.315, -0.0401 -0.9843 0.315, -0.0984 -0.3484 0.315, -0.0984 -0.1516 0.315, 0.0984 0.1516 0.315, 0.0984 0.3484 0.315, -0.0984 0.3484 0.315, 0.1648 -0.9843 0.315, 0.1461 -0.9843 0.315, 0.1095 -0.9843 0.315, 0.0417 -0.9843 0.315, 0.0369 -0.9843 0.315, 0.185 -0.9843 0.1181, 0.209 -0.9843 0.1181, 0.315 -0.9843 0.1181, 0.265 -0.9843 0.1181, 0.2397 -0.9843 0.1181, 0.315 -0.9843 0.315, 0.4016 0.1516 0.315, 0.4016 0.3484 0.315, 0.5984 -0.1516 0.315, 0.685 -0.9843 0.315, 0.5984 0.3484 0.315, 0.5984 0.1516 0.315, 0.4016 -0.1516 0.315, 0.4016 -0.3484 0.315, 0.5984 -0.3484 0.315, 0.685 -0.9843 0.1181, 0.815 -0.9843 0.1181, 0.815 -0.9843 0.315, 0.9016 0.1516 0.315, 0.9016 0.3484 0.315, 1.0984 -0.1516 0.315, 1.185 -0.9843 0.315, 1.0984 0.3484 0.315, 1.0984 0.1516 0.315, 0.9016 -0.1516 0.315, 0.9016 -0.3484 0.315, 1.0984 -0.3484 0.315, 1.185 -0.9843 0.1181, 0.9213 -0.1713 0.3346, 0.9213 -0.3287 0.3346, 1.0787 -0.3287 0.3346, 1.0787 -0.1713 0.3346, 1.0787 0.3287 0.3346, 1.0787 0.1713 0.3346, 0.9213 0.3287 0.3346, 0.9213 0.1713 0.3346, 0.4213 -0.1713 0.3346, 0.4213 -0.3287 0.3346, 0.5787 -0.3287 0.3346, 0.5787 -0.1713 0.3346, 0.5787 0.3287 0.3346, 0.5787 0.1713 0.3346, 0.4213 0.3287 0.3346, 0.4213 0.1713 0.3346, -0.0787 -0.1713 0.3346, -0.0787 -0.3287 0.3346, 0.0787 -0.3287 0.3346, 0.0787 -0.1713 0.3346, 0.0787 0.3287 0.3346, 0.0787 0.1713 0.3346, -0.0787 0.3287 0.3346, -0.0787 0.1713 0.3346, -0.5787 -0.1713 0.3346, -0.5787 -0.3287 0.3346, -0.4213 -0.3287 0.3346, -0.4213 -0.1713 0.3346, -0.4213 0.3287 0.3346, -0.4213 0.1713 0.3346, -0.5787 0.3287 0.3346, -0.5787 0.1713 0.3346, -1.063 -0.9646 1.617, -1.2205 -0.9646 1.8898, -1.063 -0.9843 1.617, -1.2205 -0.9843 1.8898, -0.9055 -0.9646 1.8898, -0.9055 -0.9843 1.8898
            ]
        }
        coordIndex [
            0,1,2,-1,2,1,3,-1,2,3,4,-1,5,6,7,-1,7,6,2,-1,7,2,8,-1,8,2,4,-1,9,10,11,-1,11,10,12,-1,11,12,13,-1,13,12,14,-1,13,14,15,-1,15,14,6,-1,15,6,16,-1,16,6,5,-1,16,5,17,-1,17,5,18,-1,17,18,19,-1,13,20,11,-1,11,20,21,-1,22,21,23,-1,23,21,20,-1,23,20,24,-1,24,20,25,-1,26,27,28,-1,29,30,31,-1,31,30,32,-1,31,32,33,-1,34,35,33,-1,33,35,36,-1,33,36,31,-1,37,29,38,-1,38,29,31,-1,38,31,39,-1,39,31,40,-1,39,40,41,-1,41,40,42,-1,41,42,37,-1,37,42,29,-1,43,44,45,-1,45,44,42,-1,45,42,46,-1,46,42,40,-1,46,40,47,-1,47,40,48,-1,47,48,43,-1,43,48,44,-1,49,50,51,-1,51,50,44,-1,51,44,52,-1,52,44,48,-1,52,48,53,-1,53,48,54,-1,53,54,49,-1,49,54,50,-1,50,55,56,-1,55,50,57,-1,57,50,54,-1,57,54,58,-1,58,54,59,-1,58,59,56,-1,56,59,60,-1,56,60,50,-1,29,61,62,-1,61,29,63,-1,63,29,28,-1,63,28,64,-1,64,28,27,-1,64,27,62,-1,62,27,35,-1,62,35,29,-1,29,35,34,-1,29,34,30,-1,65,28,66,-1,66,28,29,-1,66,29,67,-1,67,29,42,-1,67,42,68,-1,68,42,69,-1,68,69,65,-1,65,69,28,-1,70,71,72,-1,72,71,69,-1,72,69,73,-1,73,69,42,-1,73,42,74,-1,74,42,44,-1,74,44,70,-1,70,44,71,-1,75,71,76,-1,76,71,44,-1,76,44,77,-1,77,44,50,-1,77,50,78,-1,78,50,79,-1,78,79,75,-1,75,79,71,-1,80,81,79,-1,81,80,60,-1,60,80,82,-1,60,82,50,-1,50,82,83,-1,50,83,79,-1,79,83,84,-1,79,84,80,-1,59,22,60,-1,60,22,23,-1,60,23,81,-1,81,23,24,-1,26,28,85,-1,85,28,69,-1,85,69,86,-1,86,69,71,-1,86,71,87,-1,87,71,79,-1,87,79,88,-1,88,79,81,-1,88,81,89,-1,89,81,24,-1,89,24,25,-1,90,91,36,-1,36,35,90,-1,90,35,27,-1,90,27,26,-1,90,15,91,-1,91,15,16,-1,15,90,13,-1,13,90,20,-1,26,85,90,-1,90,85,86,-1,90,86,20,-1,20,86,87,-1,87,88,20,-1,20,88,89,-1,20,89,25,-1,16,17,91,-1,91,17,92,-1,93,94,95,-1,95,92,93,-1,93,92,17,-1,93,17,19,-1,96,97,98,-1,98,97,95,-1,98,95,94,-1,99,97,100,-1,100,97,101,-1,96,102,97,-1,97,102,103,-1,97,103,104,-1,104,105,97,-1,97,105,106,-1,97,106,101,-1,36,91,31,-1,31,91,92,-1,31,92,95,-1,22,59,21,-1,21,59,54,-1,21,54,107,-1,107,54,97,-1,97,54,48,-1,97,48,95,-1,95,48,40,-1,95,40,31,-1,21,107,11,-1,11,107,9,-1,97,99,108,-1,107,97,9,-1,9,97,108,-1,9,108,10,-1,14,12,109,-1,14,109,110,-1,110,109,111,-1,110,111,112,-1,112,113,110,-1,110,113,114,-1,110,114,115,-1,116,117,118,-1,119,120,6,-1,118,119,116,-1,116,119,6,-1,116,6,121,-1,121,6,14,-1,121,14,122,-1,122,14,110,-1,123,124,125,-1,126,127,6,-1,125,126,123,-1,123,126,6,-1,123,6,128,-1,128,6,120,-1,128,120,129,-1,129,120,130,-1,131,2,132,-1,132,2,6,-1,132,6,133,-1,133,6,127,-1,133,127,134,-1,134,127,135,-1,136,137,134,-1,134,137,133,-1,138,132,139,-1,139,132,140,-1,141,133,137,-1,140,132,142,-1,142,132,133,-1,142,133,143,-1,143,133,141,-1,143,141,139,-1,139,141,144,-1,139,144,138,-1,138,144,145,-1,138,145,137,-1,137,145,146,-1,137,146,141,-1,131,132,147,-1,147,132,138,-1,2,131,0,-1,0,131,147,-1,144,148,145,-1,145,148,149,-1,33,149,34,-1,34,149,148,-1,32,150,33,-1,33,150,149,-1,150,146,149,-1,149,146,145,-1,151,141,150,-1,150,141,146,-1,141,151,144,-1,144,151,148,-1,34,148,30,-1,30,148,151,-1,30,151,32,-1,32,151,150,-1,152,142,153,-1,153,142,143,-1,154,140,152,-1,152,140,142,-1,140,154,139,-1,139,154,155,-1,62,155,64,-1,64,155,154,-1,61,153,62,-1,62,153,155,-1,139,155,143,-1,143,155,153,-1,63,152,61,-1,61,152,153,-1,64,154,63,-1,63,154,152,-1,156,136,135,-1,135,136,134,-1,135,127,156,-1,156,127,157,-1,157,127,158,-1,158,127,159,-1,159,127,160,-1,160,127,126,-1,160,126,161,-1,161,126,162,-1,161,162,158,-1,158,162,163,-1,158,163,157,-1,157,163,164,-1,157,164,165,-1,165,164,166,-1,165,166,167,-1,167,166,162,-1,167,162,126,-1,168,167,125,-1,125,167,126,-1,169,168,124,-1,124,168,125,-1,124,123,169,-1,169,123,170,-1,171,170,123,-1,128,172,173,-1,173,172,174,-1,174,175,176,-1,176,175,170,-1,176,170,177,-1,177,170,171,-1,177,171,173,-1,173,171,178,-1,173,178,128,-1,128,178,179,-1,128,179,123,-1,123,179,180,-1,123,180,171,-1,172,181,174,-1,174,181,182,-1,174,182,183,-1,183,184,174,-1,174,184,185,-1,174,185,175,-1,186,172,129,-1,129,172,128,-1,187,186,129,-1,130,188,189,-1,130,189,129,-1,129,189,190,-1,129,190,187,-1,130,120,188,-1,188,120,191,-1,191,120,192,-1,192,120,193,-1,194,119,195,-1,193,120,196,-1,196,120,119,-1,196,119,197,-1,197,119,194,-1,197,194,192,-1,192,194,198,-1,192,198,191,-1,191,198,199,-1,191,199,195,-1,195,199,200,-1,195,200,194,-1,201,195,118,-1,118,195,119,-1,202,201,117,-1,117,201,118,-1,116,203,117,-1,117,203,202,-1,203,116,204,-1,204,116,205,-1,206,121,207,-1,205,116,208,-1,208,116,121,-1,208,121,209,-1,209,121,206,-1,209,206,204,-1,204,206,210,-1,204,210,203,-1,203,210,211,-1,203,211,207,-1,207,211,212,-1,207,212,206,-1,122,213,121,-1,121,213,207,-1,115,213,110,-1,110,213,122,-1,210,214,211,-1,211,214,215,-1,57,215,55,-1,55,215,214,-1,58,216,57,-1,57,216,215,-1,216,212,215,-1,215,212,211,-1,217,206,216,-1,216,206,212,-1,206,217,210,-1,210,217,214,-1,55,214,56,-1,56,214,217,-1,56,217,58,-1,58,217,216,-1,218,208,219,-1,219,208,209,-1,220,205,218,-1,218,205,208,-1,205,220,204,-1,204,220,221,-1,83,221,84,-1,84,221,220,-1,82,219,83,-1,83,219,221,-1,204,221,209,-1,209,221,219,-1,80,218,82,-1,82,218,219,-1,84,220,80,-1,80,220,218,-1,198,222,199,-1,199,222,223,-1,52,223,51,-1,51,223,222,-1,53,224,52,-1,52,224,223,-1,224,200,223,-1,223,200,199,-1,225,194,224,-1,224,194,200,-1,194,225,198,-1,198,225,222,-1,51,222,49,-1,49,222,225,-1,49,225,53,-1,53,225,224,-1,226,196,227,-1,227,196,197,-1,228,193,226,-1,226,193,196,-1,193,228,192,-1,192,228,229,-1,76,229,75,-1,75,229,228,-1,77,227,76,-1,76,227,229,-1,192,229,197,-1,197,229,227,-1,78,226,77,-1,77,226,227,-1,75,228,78,-1,78,228,226,-1,177,230,176,-1,176,230,231,-1,232,174,231,-1,231,174,176,-1,233,173,232,-1,232,173,174,-1,173,233,177,-1,177,233,230,-1,234,179,235,-1,235,179,178,-1,236,180,234,-1,234,180,179,-1,180,236,171,-1,171,236,237,-1,73,237,72,-1,72,237,236,-1,74,235,73,-1,73,235,237,-1,171,237,178,-1,178,237,235,-1,70,234,74,-1,74,234,235,-1,72,236,70,-1,70,236,234,-1,163,238,164,-1,164,238,239,-1,240,166,239,-1,239,166,164,-1,241,162,240,-1,240,162,166,-1,162,241,163,-1,163,241,238,-1,242,160,243,-1,243,160,161,-1,244,159,242,-1,242,159,160,-1,159,244,158,-1,158,244,245,-1,66,245,65,-1,65,245,244,-1,67,243,66,-1,66,243,245,-1,158,245,161,-1,161,245,243,-1,68,242,67,-1,67,242,243,-1,65,244,68,-1,68,244,242,-1,246,247,248,-1,248,247,249,-1,247,250,249,-1,249,250,251,-1,250,246,251,-1,251,246,248,-1,246,250,247,-1,
        ]
    }
}
Shape{
    appearance Appearance {
        material  Material 	{
            diffuseColor 0.9686274509803922 0.8784313725490196 0.6
            specularColor 0.6784313725490196 0.615686274509804 0.4196078431372549
            ambientIntensity 0.8737
            transparency 0.0
            shininess 0.5
        }
    }
    geometry IndexedFaceSet {
        ccw TRUE
        solid FALSE
        coord DEF co Coordinate {
            point [
                -0.4606 -0.2106 1.9291, -0.5394 -0.2106 1.9291, -0.4606 -0.2894 1.9291, -0.5394 -0.2894 1.9291, -0.4213 -0.3287 1.811, -0.5787 -0.3287 1.811, -0.5787 -0.1713 1.811, -0.4213 -0.1713 1.811, -0.4213 -0.1713 0.8268, -0.4213 -0.3287 0.8268, -0.5787 -0.1713 0.8268, -0.5787 -0.3287 0.8268, 0.0787 -0.3287 0.3346, 0.0787 -0.3287 0.1879, 0.0787 -0.1713 0.3346, 0.0787 -0.1713 0.1879, -0.0787 -0.1713 0.3346, -0.0787 -0.1713 0.1879, -0.0787 -0.3287 0.1879, -0.0787 -0.3287 0.3346, 0.0787 -0.3298 0.1801, -0.0787 -0.3298 0.1801, 0.0787 -0.3328 0.1727, -0.0787 -0.3328 0.1727, 0.0787 -0.3377 0.1664, -0.0787 -0.3377 0.1664, 0.0787 -0.344 0.1616, -0.0787 -0.344 0.1616, 0.0787 -0.3513 0.1585, -0.0787 -0.3513 0.1585, 0.0787 -0.3592 0.1575, -0.0787 -0.3592 0.1575, 0.0394 -1.0827 0.0394, 0.0787 -0.9646 0.0, 0.0394 -1.0827 0.1181, 0.0787 -0.9646 0.1575, 0.0787 -0.3592 0.0, 0.0787 -0.3106 0.0064, 0.0787 -0.2652 0.0252, 0.0787 -0.2263 0.055, 0.0787 -0.1964 0.094, 0.0787 -0.1777 0.1393, -0.0787 -0.3592 0.0, -0.0787 -0.3106 0.0064, -0.0787 -0.2652 0.0252, -0.0787 -0.2263 0.055, -0.0787 -0.1964 0.094, -0.0787 -0.1777 0.1393, -0.0787 -0.9646 0.0, -0.0787 -0.9646 0.1575, -0.0394 -1.0827 0.1181, -0.0394 -1.0827 0.0394, -0.0787 -0.3287 1.811, -0.0787 -0.1713 1.811, -0.0787 -0.3287 0.8268, -0.0787 -0.1713 0.8268, 0.0787 -0.1713 0.8268, 0.0787 -0.1713 1.811, 0.0787 -0.3287 0.8268, 0.0787 -0.3287 1.811, 0.0394 -0.2894 1.9291, -0.0394 -0.2894 1.9291, 0.0394 -0.2106 1.9291, -0.0394 -0.2106 1.9291
            ]
        }
        coordIndex [
            0,1,2,-1,2,1,3,-1,4,2,5,-1,5,2,3,-1,1,6,3,-1,3,6,5,-1,0,7,1,-1,1,7,6,-1,2,4,0,-1,0,4,7,-1,7,4,8,-1,8,4,9,-1,6,7,10,-1,10,7,8,-1,11,5,10,-1,10,5,6,-1,9,4,11,-1,11,4,5,-1,12,13,14,-1,14,13,15,-1,14,15,16,-1,16,15,17,-1,17,18,16,-1,16,18,19,-1,18,13,19,-1,19,13,12,-1,13,18,20,-1,20,18,21,-1,20,21,22,-1,22,21,23,-1,22,23,24,-1,24,23,25,-1,24,25,26,-1,26,25,27,-1,26,27,28,-1,28,27,29,-1,28,29,30,-1,30,29,31,-1,32,33,34,-1,34,33,35,-1,30,35,36,-1,36,35,33,-1,30,36,28,-1,28,36,37,-1,28,37,26,-1,26,37,38,-1,26,38,24,-1,24,38,39,-1,24,39,22,-1,22,39,40,-1,22,40,20,-1,20,40,41,-1,20,41,13,-1,13,41,15,-1,36,42,43,-1,36,43,37,-1,37,43,44,-1,37,44,38,-1,38,44,45,-1,38,45,39,-1,39,45,46,-1,39,46,40,-1,40,46,47,-1,40,47,41,-1,41,47,17,-1,41,17,15,-1,18,17,21,-1,21,17,47,-1,21,47,23,-1,23,47,46,-1,23,46,25,-1,25,46,45,-1,25,45,27,-1,27,45,44,-1,27,44,29,-1,29,44,43,-1,29,43,31,-1,31,43,42,-1,42,48,31,-1,31,48,49,-1,31,49,30,-1,30,49,35,-1,34,35,50,-1,50,35,49,-1,34,50,32,-1,32,50,51,-1,48,51,49,-1,49,51,50,-1,51,48,32,-1,32,48,33,-1,36,33,42,-1,42,33,48,-1,52,53,54,-1,54,53,55,-1,56,57,58,-1,58,57,59,-1,59,52,58,-1,58,52,54,-1,55,53,56,-1,56,53,57,-1,59,60,52,-1,52,60,61,-1,62,63,60,-1,60,63,61,-1,63,53,61,-1,61,53,52,-1,62,57,63,-1,63,57,53,-1,60,59,62,-1,62,59,57,-1,
        ]
    }
}
Shape{
    appearance Appearance {
        material  Material 	{
            diffuseColor 1.0 1.0 1.0
            specularColor 0.5019607843137255 0.5019607843137255 0.5019607843137255
            ambientIntensity 1.0
            transparency 0.0
            shininess 0.5
        }
    }
    geometry IndexedFaceSet {
        ccw TRUE
        solid FALSE
        coord DEF co Coordinate {
            point [
                0.0349 -0.9882 0.6562, 0.0349 -0.9882 0.6471, 0.0349 -0.9843 0.6562, 0.0349 -0.9843 0.6471, 0.003 -0.9882 0.6562, 0.003 -0.9843 0.6562, 0.003 -0.9882 0.7272, 0.003 -0.9843 0.7272, -0.0073 -0.9882 0.7272, -0.0073 -0.9843 0.7272, -0.0073 -0.9882 0.6471, -0.0073 -0.9843 0.6471, 0.0759 -0.9882 0.6458, 0.0759 -0.9843 0.6458, 0.0881 -0.9843 0.6469, 0.0881 -0.9882 0.6469, 0.0967 -0.9843 0.6498, 0.0967 -0.9882 0.6498, 0.0981 -0.9843 0.6504, 0.0981 -0.9882 0.6504, 0.0981 -0.9882 0.6603, 0.0981 -0.9843 0.6603, 0.0912 -0.9843 0.6571, 0.0912 -0.9882 0.6571, 0.0823 -0.9843 0.6552, 0.0823 -0.9882 0.6552, 0.0774 -0.9843 0.655, 0.0774 -0.9882 0.655, 0.0699 -0.9843 0.6558, 0.0699 -0.9882 0.6558, 0.0641 -0.9843 0.6579, 0.0641 -0.9882 0.6579, 0.0588 -0.9843 0.6616, 0.0588 -0.9882 0.6616, 0.0569 -0.9843 0.6634, 0.0569 -0.9882 0.6634, 0.0529 -0.9843 0.6689, 0.0529 -0.9882 0.6689, 0.0504 -0.9843 0.6753, 0.0504 -0.9882 0.6753, 0.0491 -0.9843 0.6834, 0.0491 -0.9882 0.6834, 0.049 -0.9843 0.6863, 0.049 -0.9882 0.6863, 0.0503 -0.9843 0.6972, 0.0503 -0.9882 0.6972, 0.053 -0.9843 0.7041, 0.053 -0.9882 0.7041, 0.0568 -0.9843 0.7097, 0.0568 -0.9882 0.7097, 0.0574 -0.9843 0.7103, 0.0574 -0.9882 0.7103, 0.0628 -0.9843 0.7148, 0.0628 -0.9882 0.7148, 0.0691 -0.9843 0.7177, 0.0691 -0.9882 0.7177, 0.076 -0.9843 0.7191, 0.076 -0.9882 0.7191, 0.0792 -0.9843 0.7192, 0.0792 -0.9882 0.7192, 0.0877 -0.9843 0.7183, 0.0877 -0.9882 0.7183, 0.096 -0.9843 0.7155, 0.096 -0.9882 0.7155, 0.0981 -0.9843 0.7145, 0.0981 -0.9882 0.7145, 0.0981 -0.9882 0.7253, 0.0981 -0.9843 0.7253, 0.0791 -0.9843 0.7285, 0.0791 -0.9882 0.7285, 0.0807 -0.9882 0.7285, 0.0909 -0.9843 0.7275, 0.0909 -0.9882 0.7275, 0.0871 -0.9843 0.7279, 0.0807 -0.9843 0.7285, 0.0735 -0.9843 0.7279, 0.0676 -0.9882 0.7271, 0.0676 -0.9843 0.7271, 0.0592 -0.9843 0.7239, 0.0592 -0.9882 0.7239, 0.0515 -0.9843 0.7185, 0.0515 -0.9882 0.7185, 0.0497 -0.9843 0.7167, 0.0497 -0.9882 0.7167, 0.0446 -0.9843 0.7104, 0.0417 -0.9843 0.7042, 0.0405 -0.9882 0.7017, 0.0446 -0.9882 0.7104, 0.0405 -0.9843 0.7017, 0.0384 -0.9843 0.6915, 0.0384 -0.9882 0.6915, 0.0382 -0.9843 0.6856, 0.0382 -0.9882 0.6856, 0.0397 -0.9843 0.6727, 0.0417 -0.9843 0.6675, 0.0429 -0.9882 0.6643, 0.0397 -0.9882 0.6727, 0.0429 -0.9843 0.6643, 0.0477 -0.9843 0.6575, 0.0477 -0.9882 0.6575, 0.0484 -0.9843 0.6567, 0.0484 -0.9882 0.6567, 0.0542 -0.9843 0.6518, 0.0542 -0.9882 0.6518, 0.0617 -0.9843 0.648, 0.0617 -0.9882 0.648, 0.0702 -0.9843 0.6461, 0.0702 -0.9882 0.6461, 0.1572 -0.9882 0.6562, 0.1572 -0.9882 0.6471, 0.1572 -0.9843 0.6562, 0.1572 -0.9843 0.6471, 0.1245 -0.9843 0.6562, 0.1245 -0.9882 0.6562, 0.1461 -0.9843 0.6562, 0.1245 -0.9882 0.6832, 0.1245 -0.9843 0.6832, 0.1531 -0.9882 0.6832, 0.1461 -0.9843 0.6832, 0.1531 -0.9843 0.6832, 0.1531 -0.9882 0.6924, 0.1531 -0.9843 0.6924, 0.1245 -0.9843 0.6924, 0.1245 -0.9882 0.6924, 0.1461 -0.9843 0.6924, 0.1245 -0.9882 0.718, 0.1245 -0.9843 0.718, 0.1554 -0.9882 0.718, 0.1461 -0.9843 0.718, 0.1554 -0.9843 0.718, 0.1554 -0.9882 0.7272, 0.1554 -0.9843 0.7272, 0.1141 -0.9843 0.7272, 0.1141 -0.9882 0.7272, 0.1461 -0.9843 0.7272, 0.1141 -0.9882 0.6471, 0.1141 -0.9843 0.6471, 0.1461 -0.9843 0.6471, 0.2222 -0.9882 0.6697, 0.2181 -0.9882 0.6646, 0.2254 -0.9882 0.6583, 0.2171 -0.9882 0.6637, 0.217 -0.9882 0.6523, 0.2119 -0.9882 0.6601, 0.2078 -0.9882 0.6487, 0.2053 -0.9882 0.6575, 0.1943 -0.9882 0.6471, 0.1943 -0.9882 0.6562, 0.1723 -0.9882 0.6471, 0.1827 -0.9882 0.6562, 0.1723 -0.9882 0.7272, 0.1827 -0.9882 0.718, 0.1952 -0.9882 0.7272, 0.1948 -0.9882 0.718, 0.2074 -0.9882 0.7258, 0.2052 -0.9882 0.7168, 0.2171 -0.9882 0.7223, 0.2121 -0.9882 0.7143, 0.2254 -0.9882 0.7166, 0.2179 -0.9882 0.7104, 0.2283 -0.9882 0.7138, 0.2208 -0.9882 0.7075, 0.2332 -0.9882 0.7068, 0.2237 -0.9882 0.7028, 0.2362 -0.9882 0.6991, 0.2258 -0.9882 0.6966, 0.2375 -0.9882 0.6882, 0.2266 -0.9882 0.6879, 0.2371 -0.9882 0.6817, 0.2264 -0.9882 0.6831, 0.2349 -0.9882 0.6726, 0.2249 -0.9882 0.6757, 0.2307 -0.9882 0.6644, 0.1943 -0.9843 0.6471, 0.1723 -0.9843 0.6471, 0.2254 -0.9843 0.6583, 0.2078 -0.9843 0.6487, 0.209 -0.9843 0.6492, 0.217 -0.9843 0.6523, 0.2307 -0.9843 0.6644, 0.2349 -0.9843 0.6726, 0.2371 -0.9843 0.6817, 0.2375 -0.9843 0.6882, 0.2362 -0.9843 0.6991, 0.2332 -0.9843 0.7068, 0.2283 -0.9843 0.7138, 0.2254 -0.9843 0.7166, 0.1952 -0.9843 0.7272, 0.2171 -0.9843 0.7223, 0.209 -0.9843 0.7252, 0.2074 -0.9843 0.7258, 0.1723 -0.9843 0.7272, 0.1948 -0.9843 0.718, 0.1827 -0.9843 0.718, 0.1827 -0.9843 0.6562, 0.1943 -0.9843 0.6562, 0.2181 -0.9843 0.6646, 0.2171 -0.9843 0.6637, 0.2119 -0.9843 0.6601, 0.2053 -0.9843 0.6575, 0.2266 -0.9843 0.6879, 0.2264 -0.9843 0.6831, 0.2249 -0.9843 0.6757, 0.2222 -0.9843 0.6697, 0.2179 -0.9843 0.7104, 0.2208 -0.9843 0.7075, 0.2237 -0.9843 0.7028, 0.2258 -0.9843 0.6966, 0.2052 -0.9843 0.7168, 0.2121 -0.9843 0.7143
            ]
        }
        coordIndex [
            0,1,2,-1,2,1,3,-1,4,0,5,-1,5,0,2,-1,6,4,7,-1,7,4,5,-1,8,6,9,-1,9,6,7,-1,10,8,11,-1,11,8,9,-1,1,10,3,-1,3,10,11,-1,6,8,4,-1,4,8,10,-1,4,10,0,-1,0,10,1,-1,12,13,14,-1,12,14,15,-1,15,14,16,-1,15,16,17,-1,17,16,18,-1,17,18,19,-1,20,19,21,-1,21,19,18,-1,20,21,22,-1,20,22,23,-1,23,22,24,-1,23,24,25,-1,25,24,26,-1,25,26,27,-1,27,26,28,-1,27,28,29,-1,29,28,30,-1,29,30,31,-1,31,30,32,-1,31,32,33,-1,33,32,34,-1,33,34,35,-1,35,34,36,-1,35,36,37,-1,37,36,38,-1,37,38,39,-1,39,38,40,-1,39,40,41,-1,41,40,42,-1,41,42,43,-1,43,42,44,-1,43,44,45,-1,45,44,46,-1,45,46,47,-1,47,46,48,-1,47,48,49,-1,49,48,50,-1,49,50,51,-1,51,50,52,-1,51,52,53,-1,53,52,54,-1,53,54,55,-1,55,54,56,-1,55,56,57,-1,57,56,58,-1,57,58,59,-1,59,58,60,-1,59,60,61,-1,61,60,62,-1,61,62,63,-1,63,62,64,-1,63,64,65,-1,66,65,67,-1,67,65,64,-1,68,69,70,-1,66,67,71,-1,66,71,72,-1,72,71,73,-1,72,73,70,-1,70,73,74,-1,70,74,68,-1,69,68,75,-1,69,75,76,-1,75,77,76,-1,76,77,78,-1,76,78,79,-1,79,78,80,-1,79,80,81,-1,81,80,82,-1,81,82,83,-1,83,82,84,-1,85,86,84,-1,84,86,87,-1,84,87,83,-1,85,88,86,-1,86,88,89,-1,86,89,90,-1,90,89,91,-1,90,91,92,-1,92,91,93,-1,94,95,93,-1,93,95,96,-1,93,96,92,-1,94,97,95,-1,95,97,98,-1,95,98,99,-1,99,98,100,-1,99,100,101,-1,101,100,102,-1,101,102,103,-1,103,102,104,-1,103,104,105,-1,105,104,106,-1,105,106,107,-1,107,106,13,-1,107,13,12,-1,63,65,66,-1,53,55,76,-1,45,47,87,-1,76,55,69,-1,87,47,83,-1,63,66,61,-1,76,79,53,-1,53,79,81,-1,53,81,51,-1,51,81,83,-1,51,83,49,-1,49,83,47,-1,55,57,69,-1,69,57,59,-1,69,59,70,-1,70,59,61,-1,70,61,72,-1,72,61,66,-1,92,43,90,-1,90,43,45,-1,90,45,86,-1,86,45,87,-1,19,20,17,-1,17,20,23,-1,17,23,15,-1,15,23,25,-1,15,25,12,-1,12,25,27,-1,12,27,107,-1,107,27,29,-1,107,29,105,-1,105,29,31,-1,105,31,103,-1,103,31,33,-1,103,33,101,-1,101,33,35,-1,101,35,99,-1,99,35,37,-1,99,37,95,-1,95,37,96,-1,96,37,39,-1,96,39,92,-1,92,39,41,-1,92,41,43,-1,108,109,110,-1,110,109,111,-1,112,113,114,-1,114,113,108,-1,114,108,110,-1,115,113,116,-1,116,113,112,-1,115,116,117,-1,117,116,118,-1,117,118,119,-1,120,117,121,-1,121,117,119,-1,122,123,124,-1,124,123,120,-1,124,120,121,-1,125,123,126,-1,126,123,122,-1,125,126,127,-1,127,126,128,-1,127,128,129,-1,130,127,131,-1,131,127,129,-1,132,133,134,-1,134,133,130,-1,134,130,131,-1,135,133,136,-1,136,133,132,-1,135,136,109,-1,109,136,137,-1,109,137,111,-1,135,109,108,-1,108,113,135,-1,135,113,115,-1,135,115,133,-1,127,130,125,-1,125,130,133,-1,125,133,123,-1,123,133,115,-1,123,115,120,-1,120,115,117,-1,138,139,140,-1,140,139,141,-1,140,141,142,-1,142,141,143,-1,142,143,144,-1,144,143,145,-1,144,145,146,-1,146,145,147,-1,146,147,148,-1,148,147,149,-1,148,149,150,-1,150,149,151,-1,150,151,152,-1,152,151,153,-1,152,153,154,-1,154,153,155,-1,154,155,156,-1,156,155,157,-1,156,157,158,-1,158,157,159,-1,158,159,160,-1,160,159,161,-1,160,161,162,-1,162,161,163,-1,162,163,164,-1,164,163,165,-1,164,165,166,-1,166,165,167,-1,166,167,168,-1,168,167,169,-1,168,169,170,-1,170,169,171,-1,170,171,172,-1,172,171,138,-1,172,138,140,-1,146,148,173,-1,173,148,174,-1,175,140,142,-1,146,173,176,-1,146,176,144,-1,144,176,177,-1,144,177,142,-1,142,177,178,-1,142,178,175,-1,140,175,179,-1,140,179,172,-1,172,179,180,-1,172,180,170,-1,170,180,181,-1,170,181,168,-1,168,181,182,-1,168,182,166,-1,166,182,183,-1,166,183,164,-1,164,183,184,-1,164,184,162,-1,162,184,185,-1,162,185,160,-1,160,185,186,-1,160,186,158,-1,187,152,154,-1,158,186,188,-1,158,188,156,-1,156,188,189,-1,156,189,154,-1,154,189,190,-1,154,190,187,-1,150,152,191,-1,191,152,187,-1,148,150,174,-1,174,150,191,-1,153,151,192,-1,192,151,193,-1,151,149,193,-1,193,149,194,-1,149,147,194,-1,194,147,195,-1,139,196,197,-1,139,197,141,-1,141,197,198,-1,141,198,143,-1,143,198,199,-1,143,199,145,-1,145,199,195,-1,145,195,147,-1,167,200,201,-1,167,201,169,-1,169,201,202,-1,169,202,171,-1,171,202,203,-1,171,203,138,-1,138,203,196,-1,138,196,139,-1,159,204,205,-1,159,205,161,-1,161,205,206,-1,161,206,163,-1,163,206,207,-1,163,207,165,-1,165,207,200,-1,165,200,167,-1,153,192,208,-1,153,208,155,-1,155,208,209,-1,155,209,157,-1,157,209,204,-1,157,204,159,-1,
        ]
    }
}
Shape{
    appearance Appearance {
        material  Material 	{
            diffuseColor 0.2235294117647059 0.2235294117647059 0.2235294117647059
            specularColor 0.19607843137254902 0.19607843137254902 0.19607843137254902
            ambientIntensity 0.2235
            transparency 0.0
            shininess 0.5
        }
    }
    geometry IndexedFaceSet {
        ccw TRUE
        solid FALSE
        coord DEF co Coordinate {
            point [
                0.1827 -0.9843 0.718, 0.1827 -0.9843 0.6562, 0.1948 -0.9843 0.718, 0.1943 -0.9843 0.6562, 0.2171 -0.9843 0.6637, 0.2181 -0.9843 0.6646, 0.2053 -0.9843 0.6575, 0.2119 -0.9843 0.6601, 0.2264 -0.9843 0.6831, 0.2266 -0.9843 0.6879, 0.2222 -0.9843 0.6697, 0.2249 -0.9843 0.6757, 0.2258 -0.9843 0.6966, 0.2237 -0.9843 0.7028, 0.2208 -0.9843 0.7075, 0.2179 -0.9843 0.7104, 0.2121 -0.9843 0.7143, 0.2052 -0.9843 0.7168
            ]
        }
        coordIndex [
            0,1,2,-1,2,1,3,-1,2,4,5,-1,3,6,2,-1,2,6,7,-1,2,7,4,-1,8,9,2,-1,5,10,2,-1,2,10,11,-1,2,11,8,-1,9,12,2,-1,2,12,13,-1,2,13,14,-1,14,15,2,-1,2,15,16,-1,2,16,17,-1,
        ]
    }
}
Shape{
    appearance Appearance {
        material  Material 	{
            diffuseColor 1.0 1.0 1.0
            specularColor 0.5019607843137255 0.5019607843137255 0.5019607843137255
            ambientIntensity 1.0
            transparency 0.0
            shininess 0.5
        }
    }
    geometry IndexedFaceSet {
        ccw TRUE
        solid FALSE
        coord DEF co Coordinate {
            point [
                0.2643 -0.9882 0.6781, 0.2611 -0.9882 0.669, 0.2912 -0.9882 0.6781, 0.2944 -0.9882 0.669, 0.2763 -0.9882 0.7113, 0.2724 -0.9882 0.7272, 0.242 -0.9882 0.6471, 0.2534 -0.9882 0.6471, 0.277 -0.9882 0.7137, 0.2776 -0.9882 0.717, 0.2835 -0.9882 0.7272, 0.2779 -0.9882 0.717, 0.2785 -0.9882 0.7136, 0.2791 -0.9882 0.7113, 0.314 -0.9882 0.6471, 0.3026 -0.9882 0.6471, 0.2835 -0.9843 0.7272, 0.314 -0.9843 0.6471, 0.2724 -0.9843 0.7272, 0.242 -0.9843 0.6471, 0.265 -0.9843 0.7077, 0.2534 -0.9843 0.6471, 0.2611 -0.9843 0.669, 0.2944 -0.9843 0.669, 0.265 -0.9843 0.669, 0.3026 -0.9843 0.6471, 0.2643 -0.9843 0.6781, 0.2912 -0.9843 0.6781, 0.2791 -0.9843 0.7113, 0.2779 -0.9843 0.717, 0.2785 -0.9843 0.7136, 0.2776 -0.9843 0.717, 0.2763 -0.9843 0.7113, 0.277 -0.9843 0.7137
            ]
        }
        coordIndex [
            0,1,2,-1,2,1,3,-1,4,5,0,-1,0,5,6,-1,0,6,1,-1,1,6,7,-1,4,8,5,-1,5,8,9,-1,5,9,10,-1,10,9,11,-1,10,11,12,-1,12,13,10,-1,10,13,2,-1,10,2,14,-1,14,2,3,-1,14,3,15,-1,10,14,16,-1,16,14,17,-1,5,10,18,-1,18,10,16,-1,19,6,20,-1,20,6,5,-1,20,5,18,-1,7,6,21,-1,21,6,19,-1,1,7,22,-1,22,7,21,-1,23,3,24,-1,24,3,1,-1,24,1,22,-1,15,3,25,-1,25,3,23,-1,14,15,17,-1,17,15,25,-1,0,2,26,-1,26,2,27,-1,2,13,27,-1,27,13,28,-1,11,29,30,-1,11,30,12,-1,12,30,28,-1,12,28,13,-1,11,9,29,-1,29,9,31,-1,4,32,33,-1,4,33,8,-1,8,33,31,-1,8,31,9,-1,4,0,32,-1,32,0,26,-1,
        ]
    }
}
Shape{
    appearance Appearance {
        material  Material 	{
            diffuseColor 0.2235294117647059 0.2235294117647059 0.2235294117647059
            specularColor 0.19607843137254902 0.19607843137254902 0.19607843137254902
            ambientIntensity 0.2235
            transparency 0.0
            shininess 0.5
        }
    }
    geometry IndexedFaceSet {
        ccw TRUE
        solid FALSE
        coord DEF co Coordinate {
            point [
                0.2779 -0.9843 0.717, 0.2776 -0.9843 0.717, 0.2785 -0.9843 0.7136, 0.277 -0.9843 0.7137, 0.2791 -0.9843 0.7113, 0.2763 -0.9843 0.7113, 0.2912 -0.9843 0.6781, 0.2643 -0.9843 0.6781
            ]
        }
        coordIndex [
            0,1,2,-1,2,1,3,-1,2,3,4,-1,4,3,5,-1,4,5,6,-1,6,5,7,-1,
        ]
    }
}
Shape{
    appearance Appearance {
        material  Material 	{
            diffuseColor 1.0 1.0 1.0
            specularColor 0.5019607843137255 0.5019607843137255 0.5019607843137255
            ambientIntensity 1.0
            transparency 0.0
            shininess 0.5
        }
    }
    geometry IndexedFaceSet {
        ccw TRUE
        solid FALSE
        coord DEF co Coordinate {
            point [
                0.0357 -0.9882 0.5292, 0.0357 -0.9882 0.5201, 0.0357 -0.9843 0.5292, 0.0357 -0.9843 0.5201, 0.003 -0.9882 0.5292, 0.003 -0.9843 0.5292, 0.003 -0.9882 0.5562, 0.003 -0.9843 0.5562, 0.0316 -0.9882 0.5562, 0.0316 -0.9843 0.5562, 0.0316 -0.9882 0.5653, 0.0316 -0.9843 0.5653, 0.003 -0.9882 0.5653, 0.003 -0.9843 0.5653, 0.003 -0.9882 0.591, 0.003 -0.9843 0.591, 0.0339 -0.9882 0.591, 0.0339 -0.9843 0.591, 0.0339 -0.9882 0.6002, 0.0339 -0.9843 0.6002, -0.0073 -0.9882 0.6002, -0.0073 -0.9843 0.6002, -0.0073 -0.9882 0.5201, -0.0073 -0.9843 0.5201, 0.0812 -0.9882 0.5201, 0.0913 -0.9882 0.5201, 0.0812 -0.9882 0.5289, 0.0913 -0.9882 0.5569, 0.0812 -0.9882 0.5564, 0.0595 -0.9882 0.5445, 0.0618 -0.9882 0.5456, 0.081 -0.9882 0.5289, 0.0757 -0.9882 0.5304, 0.0794 -0.9882 0.5265, 0.0728 -0.9882 0.5285, 0.0679 -0.9882 0.547, 0.0812 -0.9882 0.5488, 0.0812 -0.9882 0.5433, 0.0812 -0.9882 0.5426, 0.0806 -0.9882 0.5382, 0.0791 -0.9882 0.5346, 0.0769 -0.9882 0.5316, 0.0809 -0.9882 0.5609, 0.0904 -0.9882 0.5648, 0.0799 -0.9882 0.5645, 0.0888 -0.9882 0.5693, 0.0787 -0.9882 0.5665, 0.0867 -0.9882 0.5725, 0.0772 -0.9882 0.5681, 0.084 -0.9882 0.575, 0.0754 -0.9882 0.5693, 0.0807 -0.9882 0.5769, 0.0731 -0.9882 0.5701, 0.0764 -0.9882 0.5781, 0.0697 -0.9882 0.5704, 0.0706 -0.9882 0.5786, 0.0636 -0.9882 0.5698, 0.062 -0.9882 0.5777, 0.0573 -0.9882 0.5676, 0.0543 -0.9882 0.5751, 0.0509 -0.9882 0.5635, 0.0509 -0.9882 0.5733, 0.0575 -0.9882 0.5304, 0.0502 -0.9882 0.5232, 0.0584 -0.9882 0.5296, 0.0536 -0.9882 0.5209, 0.0604 -0.9882 0.5282, 0.0575 -0.9882 0.5194, 0.0627 -0.9882 0.5274, 0.0635 -0.9882 0.5187, 0.0661 -0.9882 0.527, 0.0686 -0.9882 0.5193, 0.0698 -0.9882 0.5274, 0.0727 -0.9882 0.5208, 0.0762 -0.9882 0.5231, 0.0643 -0.9882 0.5541, 0.0565 -0.9882 0.5521, 0.0582 -0.9882 0.5435, 0.0523 -0.9882 0.5499, 0.057 -0.9882 0.542, 0.0493 -0.9882 0.5472, 0.0561 -0.9882 0.5401, 0.0473 -0.9882 0.5443, 0.0556 -0.9882 0.5378, 0.0459 -0.9882 0.5408, 0.0555 -0.9882 0.5362, 0.0453 -0.9882 0.5354, 0.0557 -0.9882 0.5339, 0.0458 -0.9882 0.5309, 0.0564 -0.9882 0.5321, 0.047 -0.9882 0.5275, 0.0491 -0.9882 0.5244, 0.0706 -0.9843 0.5786, 0.062 -0.9843 0.5777, 0.0543 -0.9843 0.5751, 0.0509 -0.9843 0.5733, 0.0509 -0.9843 0.5635, 0.0573 -0.9843 0.5676, 0.0636 -0.9843 0.5698, 0.0697 -0.9843 0.5704, 0.0731 -0.9843 0.5701, 0.0754 -0.9843 0.5693, 0.0772 -0.9843 0.5681, 0.0787 -0.9843 0.5665, 0.0799 -0.9843 0.5645, 0.0809 -0.9843 0.5609, 0.0812 -0.9843 0.5564, 0.0643 -0.9843 0.5541, 0.0565 -0.9843 0.5521, 0.0523 -0.9843 0.5499, 0.0493 -0.9843 0.5472, 0.0473 -0.9843 0.5443, 0.0459 -0.9843 0.5408, 0.0453 -0.9843 0.5354, 0.0458 -0.9843 0.5309, 0.047 -0.9843 0.5275, 0.0491 -0.9843 0.5244, 0.0502 -0.9843 0.5232, 0.0635 -0.9843 0.5187, 0.0576 -0.9843 0.5194, 0.0575 -0.9843 0.5194, 0.0536 -0.9843 0.5209, 0.0686 -0.9843 0.5193, 0.0689 -0.9843 0.5194, 0.0727 -0.9843 0.5208, 0.0762 -0.9843 0.5231, 0.0794 -0.9843 0.5265, 0.081 -0.9843 0.5289, 0.0812 -0.9843 0.5289, 0.0812 -0.9843 0.5201, 0.0913 -0.9843 0.5201, 0.0913 -0.9843 0.5569, 0.0904 -0.9843 0.5648, 0.0888 -0.9843 0.5693, 0.0867 -0.9843 0.5725, 0.084 -0.9843 0.575, 0.0807 -0.9843 0.5769, 0.0764 -0.9843 0.5781, 0.0582 -0.9843 0.5435, 0.0595 -0.9843 0.5445, 0.0618 -0.9843 0.5456, 0.0679 -0.9843 0.547, 0.0555 -0.9843 0.5362, 0.0556 -0.9843 0.5378, 0.0561 -0.9843 0.5401, 0.057 -0.9843 0.542, 0.0584 -0.9843 0.5296, 0.0575 -0.9843 0.5304, 0.0564 -0.9843 0.5321, 0.0557 -0.9843 0.5339, 0.0661 -0.9843 0.527, 0.0627 -0.9843 0.5274, 0.0604 -0.9843 0.5282, 0.0769 -0.9843 0.5316, 0.0757 -0.9843 0.5304, 0.0728 -0.9843 0.5285, 0.0698 -0.9843 0.5274, 0.0812 -0.9843 0.5433, 0.0812 -0.9843 0.5426, 0.0806 -0.9843 0.5382, 0.0791 -0.9843 0.5346, 0.0812 -0.9843 0.5488
            ]
        }
        coordIndex [
            0,1,2,-1,2,1,3,-1,4,0,5,-1,5,0,2,-1,6,4,7,-1,7,4,5,-1,8,6,9,-1,9,6,7,-1,10,8,11,-1,11,8,9,-1,12,10,13,-1,13,10,11,-1,14,12,15,-1,15,12,13,-1,16,14,17,-1,17,14,15,-1,18,16,19,-1,19,16,17,-1,20,18,21,-1,21,18,19,-1,22,20,23,-1,23,20,21,-1,1,22,3,-1,3,22,23,-1,1,0,22,-1,22,0,4,-1,8,10,6,-1,6,10,12,-1,16,18,14,-1,14,18,20,-1,14,20,12,-1,12,20,22,-1,12,22,6,-1,6,22,4,-1,24,25,26,-1,26,25,27,-1,28,29,30,-1,31,32,33,-1,33,32,34,-1,35,36,27,-1,27,36,37,-1,37,38,27,-1,27,38,39,-1,27,39,26,-1,26,39,40,-1,26,40,31,-1,31,40,41,-1,31,41,32,-1,30,35,28,-1,28,35,27,-1,28,27,42,-1,42,27,43,-1,42,43,44,-1,44,43,45,-1,44,45,46,-1,46,45,47,-1,46,47,48,-1,48,47,49,-1,48,49,50,-1,50,49,51,-1,50,51,52,-1,52,51,53,-1,52,53,54,-1,54,53,55,-1,54,55,56,-1,56,55,57,-1,56,57,58,-1,58,57,59,-1,58,59,60,-1,60,59,61,-1,62,63,64,-1,64,63,65,-1,64,65,66,-1,66,65,67,-1,66,67,68,-1,68,67,69,-1,68,69,70,-1,70,69,71,-1,70,71,72,-1,72,71,73,-1,72,73,34,-1,34,73,74,-1,34,74,33,-1,28,75,29,-1,29,75,76,-1,29,76,77,-1,77,76,78,-1,77,78,79,-1,79,78,80,-1,79,80,81,-1,81,80,82,-1,81,82,83,-1,83,82,84,-1,83,84,85,-1,85,84,86,-1,85,86,87,-1,87,86,88,-1,87,88,89,-1,89,88,90,-1,89,90,62,-1,62,90,91,-1,62,91,63,-1,55,92,93,-1,55,93,57,-1,57,93,94,-1,57,94,59,-1,59,94,95,-1,59,95,61,-1,60,61,96,-1,96,61,95,-1,60,96,97,-1,60,97,58,-1,58,97,98,-1,58,98,56,-1,56,98,99,-1,56,99,54,-1,54,99,100,-1,54,100,52,-1,52,100,101,-1,52,101,50,-1,50,101,102,-1,50,102,48,-1,48,102,103,-1,48,103,46,-1,46,103,104,-1,46,104,44,-1,44,104,105,-1,44,105,42,-1,42,105,106,-1,42,106,28,-1,75,28,107,-1,107,28,106,-1,75,107,108,-1,75,108,76,-1,76,108,109,-1,76,109,78,-1,78,109,110,-1,78,110,80,-1,80,110,111,-1,80,111,82,-1,82,111,112,-1,82,112,84,-1,84,112,113,-1,84,113,86,-1,86,113,114,-1,86,114,88,-1,88,114,115,-1,88,115,90,-1,90,115,116,-1,90,116,91,-1,91,116,117,-1,91,117,63,-1,118,69,119,-1,119,69,67,-1,119,67,120,-1,120,67,65,-1,120,65,121,-1,121,65,63,-1,121,63,117,-1,69,118,122,-1,69,122,71,-1,71,122,123,-1,71,123,73,-1,123,124,73,-1,73,124,125,-1,73,125,74,-1,74,125,126,-1,74,126,33,-1,33,126,127,-1,33,127,31,-1,26,31,128,-1,128,31,127,-1,24,26,129,-1,129,26,128,-1,25,24,130,-1,130,24,129,-1,27,25,131,-1,131,25,130,-1,27,131,132,-1,27,132,43,-1,43,132,133,-1,43,133,45,-1,45,133,134,-1,45,134,47,-1,47,134,135,-1,47,135,49,-1,49,135,136,-1,49,136,51,-1,51,136,137,-1,51,137,53,-1,53,137,92,-1,53,92,55,-1,77,138,139,-1,77,139,29,-1,29,139,140,-1,29,140,30,-1,30,140,141,-1,30,141,35,-1,85,142,143,-1,85,143,83,-1,83,143,144,-1,83,144,81,-1,81,144,145,-1,81,145,79,-1,79,145,138,-1,79,138,77,-1,64,146,147,-1,64,147,62,-1,62,147,148,-1,62,148,89,-1,89,148,149,-1,89,149,87,-1,87,149,142,-1,87,142,85,-1,70,150,151,-1,70,151,68,-1,68,151,152,-1,68,152,66,-1,66,152,146,-1,66,146,64,-1,41,153,154,-1,41,154,32,-1,32,154,155,-1,32,155,34,-1,34,155,156,-1,34,156,72,-1,72,156,150,-1,72,150,70,-1,37,157,158,-1,37,158,38,-1,38,158,159,-1,38,159,39,-1,39,159,160,-1,39,160,40,-1,40,160,153,-1,40,153,41,-1,37,36,157,-1,157,36,161,-1,36,35,161,-1,161,35,141,-1,
        ]
    }
}
Shape{
    appearance Appearance {
        material  Material 	{
            diffuseColor 0.2235294117647059 0.2235294117647059 0.2235294117647059
            specularColor 0.19607843137254902 0.19607843137254902 0.19607843137254902
            ambientIntensity 0.2235
            transparency 0.0
            shininess 0.5
        }
    }
    geometry IndexedFaceSet {
        ccw TRUE
        solid FALSE
        coord DEF co Coordinate {
            point [
                0.0812 -0.9843 0.5426, 0.0812 -0.9843 0.5433, 0.0582 -0.9843 0.5435, 0.0812 -0.9843 0.5488, 0.0679 -0.9843 0.547, 0.0618 -0.9843 0.5456, 0.0595 -0.9843 0.5445, 0.0806 -0.9843 0.5382, 0.057 -0.9843 0.542, 0.0791 -0.9843 0.5346, 0.0575 -0.9843 0.5304, 0.0584 -0.9843 0.5296, 0.0757 -0.9843 0.5304, 0.0564 -0.9843 0.5321, 0.0728 -0.9843 0.5285, 0.0698 -0.9843 0.5274, 0.0661 -0.9843 0.527, 0.0561 -0.9843 0.5401, 0.0556 -0.9843 0.5378, 0.0769 -0.9843 0.5316, 0.0555 -0.9843 0.5362, 0.0557 -0.9843 0.5339, 0.0604 -0.9843 0.5282, 0.0627 -0.9843 0.5274
            ]
        }
        coordIndex [
            0,1,2,-1,1,3,4,-1,4,5,1,-1,1,5,6,-1,1,6,2,-1,0,2,7,-1,7,2,8,-1,7,8,9,-1,10,11,12,-1,10,12,13,-1,14,12,15,-1,15,12,16,-1,8,17,9,-1,9,17,18,-1,9,18,19,-1,19,18,20,-1,19,20,12,-1,12,20,21,-1,12,21,13,-1,11,22,12,-1,12,22,23,-1,12,23,16,-1,
        ]
    }
}
Shape{
    appearance Appearance {
        material  Material 	{
            diffuseColor 1.0 1.0 1.0
            specularColor 0.5019607843137255 0.5019607843137255 0.5019607843137255
            ambientIntensity 1.0
            transparency 0.0
            shininess 0.5
        }
    }
    geometry IndexedFaceSet {
        ccw TRUE
        solid FALSE
        coord DEF co Coordinate {
            point [
                0.1049 -0.9843 0.5325, 0.1049 -0.9882 0.5325, 0.1084 -0.9882 0.5302, 0.1214 -0.9882 0.5269, 0.1214 -0.9843 0.5269, 0.1147 -0.9843 0.5278, 0.1147 -0.9882 0.5278, 0.1095 -0.9843 0.5298, 0.1084 -0.9843 0.5302, 0.1049 -0.9882 0.5221, 0.1049 -0.9843 0.5221, 0.1095 -0.9843 0.5204, 0.1115 -0.9882 0.5197, 0.1204 -0.9843 0.5187, 0.1204 -0.9882 0.5187, 0.1142 -0.9843 0.5194, 0.1115 -0.9843 0.5197, 0.1268 -0.9843 0.5194, 0.1285 -0.9882 0.5196, 0.1285 -0.9843 0.5196, 0.134 -0.9843 0.5215, 0.134 -0.9882 0.5215, 0.137 -0.9843 0.5233, 0.137 -0.9882 0.5233, 0.1399 -0.9843 0.5258, 0.1399 -0.9882 0.5258, 0.1418 -0.9843 0.5284, 0.1418 -0.9882 0.5284, 0.143 -0.9843 0.5316, 0.143 -0.9882 0.5316, 0.1435 -0.9843 0.5356, 0.1435 -0.9882 0.5356, 0.1431 -0.9843 0.5394, 0.1431 -0.9882 0.5394, 0.142 -0.9843 0.5423, 0.142 -0.9882 0.5423, 0.1401 -0.9843 0.5451, 0.1401 -0.9882 0.5451, 0.1377 -0.9843 0.5472, 0.1377 -0.9882 0.5472, 0.1311 -0.9843 0.5509, 0.1311 -0.9882 0.5509, 0.1272 -0.9843 0.5525, 0.1272 -0.9882 0.5525, 0.121 -0.9843 0.5552, 0.121 -0.9882 0.5552, 0.1174 -0.9843 0.5574, 0.1174 -0.9882 0.5574, 0.1165 -0.9843 0.5585, 0.1165 -0.9882 0.5585, 0.1157 -0.9843 0.5599, 0.1157 -0.9882 0.5599, 0.1153 -0.9843 0.5614, 0.1153 -0.9882 0.5614, 0.1153 -0.9843 0.5627, 0.1153 -0.9882 0.5627, 0.1154 -0.9843 0.5643, 0.1154 -0.9882 0.5643, 0.1159 -0.9843 0.5657, 0.1159 -0.9882 0.5657, 0.1168 -0.9843 0.567, 0.1168 -0.9882 0.567, 0.1183 -0.9843 0.5683, 0.1183 -0.9882 0.5683, 0.1206 -0.9843 0.5695, 0.1206 -0.9882 0.5695, 0.1232 -0.9843 0.5702, 0.1232 -0.9882 0.5702, 0.1262 -0.9843 0.5704, 0.1262 -0.9882 0.5704, 0.1332 -0.9843 0.5696, 0.1332 -0.9882 0.5696, 0.1388 -0.9843 0.5674, 0.1388 -0.9882 0.5674, 0.1407 -0.9843 0.5663, 0.1407 -0.9882 0.5663, 0.1407 -0.9882 0.5761, 0.1407 -0.9843 0.5761, 0.1337 -0.9843 0.5781, 0.1337 -0.9882 0.5781, 0.1272 -0.9843 0.5786, 0.1272 -0.9882 0.5786, 0.1196 -0.9843 0.5777, 0.1196 -0.9882 0.5777, 0.1141 -0.9843 0.5757, 0.1141 -0.9882 0.5757, 0.1113 -0.9843 0.574, 0.1113 -0.9882 0.574, 0.1095 -0.9843 0.5724, 0.1084 -0.9882 0.5714, 0.1084 -0.9843 0.5714, 0.1065 -0.9843 0.5687, 0.1065 -0.9882 0.5687, 0.1053 -0.9843 0.5654, 0.1053 -0.9882 0.5654, 0.1049 -0.9843 0.5618, 0.1049 -0.9882 0.5618, 0.1054 -0.9843 0.558, 0.1054 -0.9882 0.558, 0.1065 -0.9843 0.5549, 0.1065 -0.9882 0.5549, 0.1078 -0.9843 0.5528, 0.1078 -0.9882 0.5528, 0.1201 -0.9843 0.5452, 0.1201 -0.9882 0.5452, 0.1141 -0.9882 0.548, 0.1094 -0.9843 0.5511, 0.1094 -0.9882 0.5511, 0.1095 -0.9843 0.551, 0.1141 -0.9843 0.548, 0.1267 -0.9843 0.5425, 0.1267 -0.9882 0.5425, 0.1306 -0.9843 0.5401, 0.1306 -0.9882 0.5401, 0.1319 -0.9843 0.5388, 0.1319 -0.9882 0.5388, 0.1326 -0.9843 0.5375, 0.1326 -0.9882 0.5375, 0.1331 -0.9843 0.5359, 0.1331 -0.9882 0.5359, 0.1332 -0.9843 0.5347, 0.1332 -0.9882 0.5347, 0.133 -0.9843 0.5328, 0.133 -0.9882 0.5328, 0.1325 -0.9843 0.5313, 0.1325 -0.9882 0.5313, 0.1316 -0.9843 0.53, 0.1316 -0.9882 0.53, 0.1304 -0.9843 0.529, 0.1304 -0.9882 0.529, 0.1295 -0.9843 0.5285, 0.1295 -0.9882 0.5285, 0.1269 -0.9843 0.5275, 0.1269 -0.9882 0.5275, 0.1218 -0.9843 0.5269, 0.1218 -0.9882 0.5269, 0.1932 -0.9882 0.5773, 0.2036 -0.9882 0.5773, 0.1932 -0.9843 0.5773, 0.2036 -0.9843 0.5773, 0.1776 -0.9882 0.5342, 0.1776 -0.9843 0.5342, 0.1768 -0.9843 0.5316, 0.1768 -0.9882 0.5316, 0.1764 -0.9843 0.5296, 0.1764 -0.9882 0.5296, 0.1761 -0.9882 0.5296, 0.1761 -0.9843 0.5296, 0.1749 -0.9882 0.5343, 0.1749 -0.9843 0.5343, 0.1599 -0.9843 0.5773, 0.1599 -0.9882 0.5773, 0.1648 -0.9843 0.5634, 0.1487 -0.9882 0.5773, 0.1487 -0.9843 0.5773, 0.1711 -0.9843 0.5202, 0.1711 -0.9882 0.5202, 0.1648 -0.9843 0.5364, 0.1667 -0.9843 0.5098, 0.1667 -0.9882 0.5098, 0.1708 -0.9843 0.5194, 0.1648 -0.9843 0.5062, 0.1648 -0.9882 0.5062, 0.1648 -0.9843 0.5062, 0.1629 -0.9882 0.5041, 0.1629 -0.9843 0.5041, 0.1611 -0.9843 0.5028, 0.1611 -0.9882 0.5028, 0.1589 -0.9843 0.502, 0.1589 -0.9882 0.502, 0.1565 -0.9843 0.5018, 0.1565 -0.9882 0.5018, 0.1528 -0.9843 0.5022, 0.1528 -0.9882 0.5022, 0.1508 -0.9843 0.5029, 0.1508 -0.9882 0.5029, 0.1508 -0.9882 0.494, 0.1508 -0.9843 0.494, 0.155 -0.9843 0.4932, 0.155 -0.9882 0.4932, 0.1572 -0.9843 0.4932, 0.1572 -0.9882 0.4932, 0.1613 -0.9843 0.4936, 0.1613 -0.9882 0.4936, 0.1648 -0.9843 0.4949, 0.1652 -0.9882 0.4951, 0.1652 -0.9843 0.4951, 0.1687 -0.9843 0.4976, 0.1687 -0.9882 0.4976, 0.1694 -0.9843 0.4982, 0.1694 -0.9882 0.4982, 0.1731 -0.9843 0.5026, 0.1731 -0.9882 0.5026, 0.1776 -0.9843 0.5115, 0.1776 -0.9882 0.5115, 0.1808 -0.9843 0.5194, 0.2575 -0.9882 0.5292, 0.2575 -0.9882 0.5201, 0.2575 -0.9843 0.5292, 0.2575 -0.9843 0.5201, 0.2247 -0.9843 0.5292, 0.2247 -0.9882 0.5292, 0.2397 -0.9843 0.5292, 0.2247 -0.9882 0.5562, 0.2247 -0.9843 0.5562, 0.2534 -0.9843 0.5562, 0.2534 -0.9882 0.5562, 0.2397 -0.9843 0.5562, 0.2534 -0.9882 0.5653, 0.2534 -0.9843 0.5653, 0.2247 -0.9843 0.5653, 0.2247 -0.9882 0.5653, 0.2397 -0.9843 0.5653, 0.2247 -0.9882 0.591, 0.2247 -0.9843 0.591, 0.2556 -0.9843 0.591, 0.2556 -0.9882 0.591, 0.2397 -0.9843 0.591, 0.2556 -0.9882 0.6002, 0.2556 -0.9843 0.6002, 0.2144 -0.9843 0.6002, 0.2144 -0.9882 0.6002, 0.2397 -0.9843 0.6002, 0.2144 -0.9882 0.5201, 0.2144 -0.9843 0.5201, 0.2397 -0.9843 0.5201, 0.3224 -0.9882 0.5427, 0.3184 -0.9882 0.5376, 0.3257 -0.9882 0.5313, 0.3174 -0.9882 0.5366, 0.3173 -0.9882 0.5253, 0.3122 -0.9882 0.5331, 0.3081 -0.9882 0.5217, 0.3055 -0.9882 0.5305, 0.2946 -0.9882 0.5201, 0.2946 -0.9882 0.5292, 0.2726 -0.9882 0.5201, 0.2829 -0.9882 0.5292, 0.2726 -0.9882 0.6002, 0.2829 -0.9882 0.591, 0.2954 -0.9882 0.6002, 0.295 -0.9882 0.591, 0.3077 -0.9882 0.5988, 0.3055 -0.9882 0.5898, 0.3173 -0.9882 0.5953, 0.3124 -0.9882 0.5872, 0.3257 -0.9882 0.5896, 0.3181 -0.9882 0.5834, 0.3286 -0.9882 0.5867, 0.321 -0.9882 0.5804, 0.3335 -0.9882 0.5798, 0.324 -0.9882 0.5757, 0.3365 -0.9882 0.5721, 0.3261 -0.9882 0.5695, 0.3378 -0.9882 0.5612, 0.3269 -0.9882 0.5609, 0.3374 -0.9882 0.5547, 0.3267 -0.9882 0.5561, 0.3352 -0.9882 0.5455, 0.3252 -0.9882 0.5487, 0.331 -0.9882 0.5374, 0.2946 -0.9843 0.5201, 0.2726 -0.9843 0.5201, 0.3081 -0.9843 0.5217, 0.3173 -0.9843 0.5253, 0.3257 -0.9843 0.5313, 0.331 -0.9843 0.5374, 0.3352 -0.9843 0.5455, 0.3374 -0.9843 0.5547, 0.3378 -0.9843 0.5612, 0.3365 -0.9843 0.5721, 0.3335 -0.9843 0.5798, 0.3286 -0.9843 0.5867, 0.3257 -0.9843 0.5896, 0.3173 -0.9843 0.5953, 0.3077 -0.9843 0.5988, 0.2954 -0.9843 0.6002, 0.2726 -0.9843 0.6002, 0.295 -0.9843 0.591, 0.2829 -0.9843 0.591, 0.2829 -0.9843 0.5292, 0.2946 -0.9843 0.5292, 0.3184 -0.9843 0.5376, 0.3174 -0.9843 0.5366, 0.3122 -0.9843 0.5331, 0.3055 -0.9843 0.5305, 0.3269 -0.9843 0.5609, 0.3267 -0.9843 0.5561, 0.3252 -0.9843 0.5487, 0.3224 -0.9843 0.5427, 0.3181 -0.9843 0.5834, 0.321 -0.9843 0.5804, 0.324 -0.9843 0.5757, 0.3261 -0.9843 0.5695, 0.3055 -0.9843 0.5898, 0.3124 -0.9843 0.5872
            ]
        }
        coordIndex [
            0,1,2,-1,3,4,5,-1,3,5,6,-1,6,5,7,-1,6,7,2,-1,2,7,8,-1,2,8,0,-1,9,1,10,-1,10,1,0,-1,10,11,9,-1,9,11,12,-1,13,14,15,-1,15,14,12,-1,15,12,16,-1,16,12,11,-1,13,17,14,-1,14,17,18,-1,17,19,18,-1,18,19,20,-1,18,20,21,-1,21,20,22,-1,21,22,23,-1,23,22,24,-1,23,24,25,-1,25,24,26,-1,25,26,27,-1,27,26,28,-1,27,28,29,-1,29,28,30,-1,29,30,31,-1,31,30,32,-1,31,32,33,-1,33,32,34,-1,33,34,35,-1,35,34,36,-1,35,36,37,-1,37,36,38,-1,37,38,39,-1,39,38,40,-1,39,40,41,-1,41,40,42,-1,41,42,43,-1,43,42,44,-1,43,44,45,-1,45,44,46,-1,45,46,47,-1,47,46,48,-1,47,48,49,-1,49,48,50,-1,49,50,51,-1,51,50,52,-1,51,52,53,-1,53,52,54,-1,53,54,55,-1,55,54,56,-1,55,56,57,-1,57,56,58,-1,57,58,59,-1,59,58,60,-1,59,60,61,-1,61,60,62,-1,61,62,63,-1,63,62,64,-1,63,64,65,-1,65,64,66,-1,65,66,67,-1,67,66,68,-1,67,68,69,-1,69,68,70,-1,69,70,71,-1,71,70,72,-1,71,72,73,-1,73,72,74,-1,73,74,75,-1,76,75,77,-1,77,75,74,-1,76,77,78,-1,76,78,79,-1,79,78,80,-1,79,80,81,-1,81,80,82,-1,81,82,83,-1,83,82,84,-1,83,84,85,-1,85,84,86,-1,85,86,87,-1,86,88,87,-1,87,88,89,-1,88,90,89,-1,89,90,91,-1,89,91,92,-1,92,91,93,-1,92,93,94,-1,94,93,95,-1,94,95,96,-1,96,95,97,-1,96,97,98,-1,98,97,99,-1,98,99,100,-1,100,99,101,-1,100,101,102,-1,103,104,105,-1,102,101,106,-1,102,106,107,-1,107,106,108,-1,107,108,105,-1,105,108,109,-1,105,109,103,-1,104,103,110,-1,104,110,111,-1,111,110,112,-1,111,112,113,-1,113,112,114,-1,113,114,115,-1,115,114,116,-1,115,116,117,-1,117,116,118,-1,117,118,119,-1,119,118,120,-1,119,120,121,-1,121,120,122,-1,121,122,123,-1,123,122,124,-1,123,124,125,-1,125,124,126,-1,125,126,127,-1,127,126,128,-1,127,128,129,-1,129,128,130,-1,129,130,131,-1,131,130,132,-1,131,132,133,-1,133,132,134,-1,133,134,135,-1,135,134,4,-1,135,4,3,-1,61,63,85,-1,85,63,83,-1,111,43,104,-1,104,43,45,-1,21,23,127,-1,127,23,25,-1,127,25,125,-1,125,25,27,-1,125,27,123,-1,123,27,29,-1,123,29,121,-1,121,29,31,-1,121,31,119,-1,119,31,33,-1,119,33,117,-1,117,33,35,-1,117,35,115,-1,115,35,37,-1,115,37,113,-1,113,37,39,-1,113,39,111,-1,111,39,41,-1,111,41,43,-1,14,3,12,-1,12,3,6,-1,12,6,9,-1,9,6,2,-1,9,2,1,-1,63,65,83,-1,83,65,67,-1,83,67,81,-1,81,67,69,-1,81,69,79,-1,79,69,71,-1,79,71,76,-1,76,71,73,-1,76,73,75,-1,127,129,21,-1,21,129,131,-1,21,131,18,-1,18,131,133,-1,18,133,14,-1,14,133,135,-1,14,135,3,-1,85,87,61,-1,61,87,89,-1,61,89,59,-1,59,89,92,-1,59,92,57,-1,57,92,94,-1,57,94,55,-1,55,94,96,-1,55,96,53,-1,53,96,98,-1,53,98,51,-1,51,98,100,-1,51,100,49,-1,49,100,102,-1,49,102,47,-1,47,102,107,-1,47,107,45,-1,45,107,105,-1,45,105,104,-1,136,137,138,-1,138,137,139,-1,140,136,141,-1,141,136,138,-1,140,141,142,-1,140,142,143,-1,143,142,144,-1,143,144,145,-1,146,145,147,-1,147,145,144,-1,148,146,149,-1,149,146,147,-1,150,151,152,-1,152,151,148,-1,152,148,149,-1,153,151,154,-1,154,151,150,-1,155,156,157,-1,157,156,153,-1,157,153,154,-1,158,159,160,-1,160,159,156,-1,160,156,155,-1,159,158,161,-1,159,161,162,-1,162,161,163,-1,162,163,164,-1,163,165,164,-1,164,165,166,-1,164,166,167,-1,167,166,168,-1,167,168,169,-1,169,168,170,-1,169,170,171,-1,171,170,172,-1,171,172,173,-1,173,172,174,-1,173,174,175,-1,176,175,177,-1,177,175,174,-1,176,177,178,-1,176,178,179,-1,179,178,180,-1,179,180,181,-1,181,180,182,-1,181,182,183,-1,183,182,184,-1,183,184,185,-1,184,186,185,-1,185,186,187,-1,185,187,188,-1,188,187,189,-1,188,189,190,-1,190,189,191,-1,190,191,192,-1,192,191,193,-1,192,193,194,-1,139,137,195,-1,195,137,194,-1,195,194,193,-1,143,145,194,-1,137,136,194,-1,194,136,140,-1,194,140,143,-1,151,153,148,-1,148,153,156,-1,148,156,146,-1,192,162,190,-1,190,162,164,-1,175,176,173,-1,173,176,179,-1,173,179,171,-1,171,179,181,-1,171,181,169,-1,169,181,183,-1,169,183,167,-1,167,183,185,-1,167,185,164,-1,164,185,188,-1,164,188,190,-1,145,146,194,-1,194,146,156,-1,194,156,192,-1,192,156,159,-1,192,159,162,-1,196,197,198,-1,198,197,199,-1,200,201,202,-1,202,201,196,-1,202,196,198,-1,203,201,204,-1,204,201,200,-1,205,206,207,-1,207,206,203,-1,207,203,204,-1,208,206,209,-1,209,206,205,-1,210,211,212,-1,212,211,208,-1,212,208,209,-1,213,211,214,-1,214,211,210,-1,215,216,217,-1,217,216,213,-1,217,213,214,-1,218,216,219,-1,219,216,215,-1,220,221,222,-1,222,221,218,-1,222,218,219,-1,223,221,224,-1,224,221,220,-1,199,197,225,-1,225,197,223,-1,225,223,224,-1,223,197,196,-1,196,201,223,-1,223,201,203,-1,223,203,221,-1,216,218,213,-1,213,218,221,-1,213,221,211,-1,211,221,203,-1,211,203,208,-1,208,203,206,-1,226,227,228,-1,228,227,229,-1,228,229,230,-1,230,229,231,-1,230,231,232,-1,232,231,233,-1,232,233,234,-1,234,233,235,-1,234,235,236,-1,236,235,237,-1,236,237,238,-1,238,237,239,-1,238,239,240,-1,240,239,241,-1,240,241,242,-1,242,241,243,-1,242,243,244,-1,244,243,245,-1,244,245,246,-1,246,245,247,-1,246,247,248,-1,248,247,249,-1,248,249,250,-1,250,249,251,-1,250,251,252,-1,252,251,253,-1,252,253,254,-1,254,253,255,-1,254,255,256,-1,256,255,257,-1,256,257,258,-1,258,257,259,-1,258,259,260,-1,260,259,226,-1,260,226,228,-1,234,236,261,-1,261,236,262,-1,234,261,263,-1,234,263,232,-1,232,263,264,-1,232,264,230,-1,230,264,265,-1,230,265,228,-1,228,265,266,-1,228,266,260,-1,260,266,267,-1,260,267,258,-1,258,267,268,-1,258,268,256,-1,256,268,269,-1,256,269,254,-1,254,269,270,-1,254,270,252,-1,252,270,271,-1,252,271,250,-1,250,271,272,-1,250,272,248,-1,248,272,273,-1,248,273,246,-1,246,273,274,-1,246,274,244,-1,244,274,275,-1,244,275,242,-1,242,275,276,-1,242,276,240,-1,238,240,277,-1,277,240,276,-1,236,238,262,-1,262,238,277,-1,241,239,278,-1,278,239,279,-1,239,237,279,-1,279,237,280,-1,237,235,280,-1,280,235,281,-1,227,282,283,-1,227,283,229,-1,229,283,284,-1,229,284,231,-1,231,284,285,-1,231,285,233,-1,233,285,281,-1,233,281,235,-1,255,286,287,-1,255,287,257,-1,257,287,288,-1,257,288,259,-1,259,288,289,-1,259,289,226,-1,226,289,282,-1,226,282,227,-1,247,290,291,-1,247,291,249,-1,249,291,292,-1,249,292,251,-1,251,292,293,-1,251,293,253,-1,253,293,286,-1,253,286,255,-1,241,278,294,-1,241,294,243,-1,243,294,295,-1,243,295,245,-1,245,295,290,-1,245,290,247,-1,
        ]
    }
}
Shape{
    appearance Appearance {
        material  Material 	{
            diffuseColor 0.2235294117647059 0.2235294117647059 0.2235294117647059
            specularColor 0.19607843137254902 0.19607843137254902 0.19607843137254902
            ambientIntensity 0.2235
            transparency 0.0
            shininess 0.5
        }
    }
    geometry IndexedFaceSet {
        ccw TRUE
        solid FALSE
        coord DEF co Coordinate {
            point [
                0.2829 -0.9843 0.591, 0.2829 -0.9843 0.5292, 0.295 -0.9843 0.591, 0.2946 -0.9843 0.5292, 0.3174 -0.9843 0.5366, 0.3184 -0.9843 0.5376, 0.3055 -0.9843 0.5305, 0.3122 -0.9843 0.5331, 0.3267 -0.9843 0.5561, 0.3269 -0.9843 0.5609, 0.3224 -0.9843 0.5427, 0.3252 -0.9843 0.5487, 0.3261 -0.9843 0.5695, 0.324 -0.9843 0.5757, 0.321 -0.9843 0.5804, 0.3181 -0.9843 0.5834, 0.3124 -0.9843 0.5872, 0.3055 -0.9843 0.5898
            ]
        }
        coordIndex [
            0,1,2,-1,2,1,3,-1,2,4,5,-1,3,6,2,-1,2,6,7,-1,2,7,4,-1,8,9,2,-1,5,10,2,-1,2,10,11,-1,2,11,8,-1,9,12,2,-1,2,12,13,-1,2,13,14,-1,14,15,2,-1,2,15,16,-1,2,16,17,-1,
        ]
    }
}
Shape{
    appearance Appearance {
        material  Material 	{
            diffuseColor 1.0 1.0 1.0
            specularColor 0.5019607843137255 0.5019607843137255 0.5019607843137255
            ambientIntensity 1.0
            transparency 0.0
            shininess 0.5
        }
    }
    geometry IndexedFaceSet {
        ccw TRUE
        solid FALSE
        coord DEF co Coordinate {
            point [
                0.3646 -0.9882 0.551, 0.3613 -0.9882 0.542, 0.3915 -0.9882 0.551, 0.3947 -0.9882 0.542, 0.3766 -0.9882 0.5843, 0.3727 -0.9882 0.6002, 0.3422 -0.9882 0.5201, 0.3536 -0.9882 0.5201, 0.3773 -0.9882 0.5867, 0.3779 -0.9882 0.5899, 0.3838 -0.9882 0.6002, 0.3781 -0.9882 0.5899, 0.3788 -0.9882 0.5865, 0.3794 -0.9882 0.5843, 0.4143 -0.9882 0.5201, 0.4028 -0.9882 0.5201, 0.3838 -0.9843 0.6002, 0.4143 -0.9843 0.5201, 0.3727 -0.9843 0.6002, 0.3422 -0.9843 0.5201, 0.3536 -0.9843 0.5201, 0.3613 -0.9843 0.542, 0.3947 -0.9843 0.542, 0.4028 -0.9843 0.5201, 0.3646 -0.9843 0.551, 0.3915 -0.9843 0.551, 0.3794 -0.9843 0.5843, 0.3781 -0.9843 0.5899, 0.3788 -0.9843 0.5865, 0.3779 -0.9843 0.5899, 0.3766 -0.9843 0.5843, 0.3773 -0.9843 0.5867
            ]
        }
        coordIndex [
            0,1,2,-1,2,1,3,-1,4,5,0,-1,0,5,6,-1,0,6,1,-1,1,6,7,-1,4,8,5,-1,5,8,9,-1,5,9,10,-1,10,9,11,-1,10,11,12,-1,12,13,10,-1,10,13,2,-1,10,2,14,-1,14,2,3,-1,14,3,15,-1,10,14,16,-1,16,14,17,-1,5,10,18,-1,18,10,16,-1,6,5,19,-1,19,5,18,-1,7,6,20,-1,20,6,19,-1,1,7,21,-1,21,7,20,-1,3,1,22,-1,22,1,21,-1,15,3,23,-1,23,3,22,-1,14,15,17,-1,17,15,23,-1,0,2,24,-1,24,2,25,-1,2,13,25,-1,25,13,26,-1,11,27,28,-1,11,28,12,-1,12,28,26,-1,12,26,13,-1,11,9,27,-1,27,9,29,-1,4,30,31,-1,4,31,8,-1,8,31,29,-1,8,29,9,-1,4,0,30,-1,30,0,24,-1,
        ]
    }
}
Shape{
    appearance Appearance {
        material  Material 	{
            diffuseColor 0.2235294117647059 0.2235294117647059 0.2235294117647059
            specularColor 0.19607843137254902 0.19607843137254902 0.19607843137254902
            ambientIntensity 0.2235
            transparency 0.0
            shininess 0.5
        }
    }
    geometry IndexedFaceSet {
        ccw TRUE
        solid FALSE
        coord DEF co Coordinate {
            point [
                0.3781 -0.9843 0.5899, 0.3779 -0.9843 0.5899, 0.3788 -0.9843 0.5865, 0.3773 -0.9843 0.5867, 0.3794 -0.9843 0.5843, 0.3766 -0.9843 0.5843, 0.3915 -0.9843 0.551, 0.3646 -0.9843 0.551
            ]
        }
        coordIndex [
            0,1,2,-1,2,1,3,-1,2,3,4,-1,4,3,5,-1,4,5,6,-1,6,5,7,-1,
        ]
    }
}
Shape{
    appearance Appearance {
        material  Material 	{
            diffuseColor 1.0 1.0 1.0
            specularColor 0.5019607843137255 0.5019607843137255 0.5019607843137255
            ambientIntensity 1.0
            transparency 0.0
            shininess 0.5
        }
    }
    geometry IndexedFaceSet {
        ccw TRUE
        solid FALSE
        coord DEF co Coordinate {
            point [
                -0.361 -0.9882 0.5087, -0.3525 -0.9882 0.4983, -0.3661 -0.9882 0.5591, -0.376 -0.9882 0.658, -0.3634 -0.9882 0.6647, -0.3663 -0.9882 0.6998, -0.3308 -0.9882 0.7014, -0.3132 -0.9882 0.6599, -0.3045 -0.9882 0.6779, -0.3785 -0.9882 0.5667, -0.3739 -0.9882 0.5231, -0.3667 -0.9882 0.521, -0.3439 -0.9882 0.7026, -0.3084 -0.9882 0.5603, -0.3031 -0.9882 0.5584, -0.2557 -0.9882 0.5449, -0.2986 -0.9882 0.5553, -0.2949 -0.9882 0.5512, -0.176 -0.9882 0.587, -0.1936 -0.9882 0.6172, -0.2699 -0.9882 0.5773, -0.3132 -0.9882 0.5608, -0.3187 -0.9882 0.5601, -0.3262 -0.9882 0.595, -0.3237 -0.9882 0.5581, -0.3388 -0.9882 0.5902, -0.3281 -0.9882 0.555, -0.3504 -0.9882 0.5821, -0.3304 -0.9882 0.5526, -0.3598 -0.9882 0.5713, -0.3333 -0.9882 0.5479, -0.335 -0.9882 0.5425, -0.3353 -0.9882 0.537, -0.2919 -0.9882 0.5929, -0.3057 -0.9882 0.5963, -0.3126 -0.9882 0.5967, -0.2924 -0.9882 0.5465, -0.2911 -0.9882 0.5413, -0.2557 -0.9882 0.5392, -0.2911 -0.9882 0.5361, -0.256 -0.9882 0.5332, -0.1572 -0.9882 0.6434, -0.1526 -0.9882 0.6434, -0.1293 -0.9882 0.6741, -0.1418 -0.9882 0.642, -0.1265 -0.9882 0.6732, -0.1318 -0.9882 0.6382, -0.1096 -0.9882 0.6648, -0.0941 -0.9882 0.6517, -0.3191 -0.9882 0.715, -0.2917 -0.9882 0.6931, -0.3058 -0.9882 0.7265, -0.2764 -0.9882 0.7043, -0.2917 -0.9882 0.7352, -0.3493 -0.9882 0.6681, -0.3433 -0.9882 0.6684, -0.3374 -0.9882 0.7022, -0.3299 -0.9882 0.6667, -0.3172 -0.9882 0.6621, -0.2799 -0.9882 0.5864, -0.094 -0.9882 0.5454, -0.1205 -0.9882 0.5681, -0.1095 -0.9882 0.5323, -0.1289 -0.9882 0.5612, -0.1268 -0.9882 0.5238, -0.1389 -0.9882 0.5565, -0.1458 -0.9882 0.5198, -0.1492 -0.9882 0.5545, -0.1794 -0.9882 0.5198, -0.1748 -0.9882 0.5545, -0.1826 -0.9882 0.5203, -0.3342 -0.9882 0.5316, -0.332 -0.9882 0.5268, -0.123 -0.9882 0.632, -0.1165 -0.9882 0.6247, -0.0825 -0.9882 0.6355, -0.1112 -0.9882 0.6149, -0.0755 -0.9882 0.6181, -0.1085 -0.9882 0.604, -0.0729 -0.9882 0.5995, -0.1082 -0.9882 0.5989, -0.0755 -0.9882 0.5792, -0.1096 -0.9882 0.5878, -0.0827 -0.9882 0.5612, -0.1135 -0.9882 0.5777, -0.1198 -0.9882 0.5688, -0.16 -0.9882 0.7191, -0.1823 -0.9882 0.6929, -0.1411 -0.9882 0.6972, -0.1695 -0.9882 0.6776, -0.1607 -0.9882 0.6593, -0.3986 -0.9882 0.6253, -0.436 -0.9882 0.6158, -0.4003 -0.9882 0.6115, -0.4361 -0.9882 0.6103, -0.3996 -0.9882 0.6026, -0.4334 -0.9882 0.588, -0.3955 -0.9882 0.5887, -0.4252 -0.9882 0.5668, -0.3887 -0.9882 0.5772, -0.4122 -0.9882 0.5483, -0.3945 -0.9882 0.5331, -0.2593 -0.9882 0.5191, -0.2925 -0.9882 0.5306, -0.2661 -0.9882 0.5065, -0.2951 -0.9882 0.5257, -0.2748 -0.9882 0.4967, -0.2982 -0.9882 0.5222, -0.2861 -0.9882 0.4888, -0.3025 -0.9882 0.5191, -0.2988 -0.9882 0.4839, -0.3075 -0.9882 0.5171, -0.3126 -0.9882 0.4822, -0.3132 -0.9882 0.5164, -0.3148 -0.9882 0.4823, -0.3141 -0.9882 0.5164, -0.3282 -0.9882 0.4844, -0.3192 -0.9882 0.5173, -0.3413 -0.9882 0.4899, -0.3244 -0.9882 0.5195, -0.3287 -0.9882 0.5228, -0.2654 -0.9882 0.7452, -0.2578 -0.9882 0.7118, -0.2374 -0.9882 0.7487, -0.2369 -0.9882 0.7145, -0.2129 -0.9882 0.746, -0.2176 -0.9882 0.7121, -0.1844 -0.9882 0.7356, -0.1997 -0.9882 0.7053, -0.1837 -0.9882 0.6942, -0.3874 -0.9882 0.6916, -0.4055 -0.9882 0.6789, -0.3858 -0.9882 0.6493, -0.4094 -0.9882 0.6752, -0.3937 -0.9882 0.638, -0.4231 -0.9882 0.6577, -0.4321 -0.9882 0.6372, -0.1777 -0.9882 0.5551, -0.1914 -0.9882 0.5258, -0.19 -0.9882 0.5244, -0.176 -0.9882 0.5547, -0.1864 -0.9882 0.5218, -0.1959 -0.9882 0.5375, -0.1953 -0.9882 0.5332, -0.1938 -0.9882 0.5294, -0.1827 -0.9882 0.5545, -0.1866 -0.9882 0.553, -0.1957 -0.9882 0.5397, -0.1901 -0.9882 0.5505, -0.1924 -0.9882 0.5479, -0.1946 -0.9882 0.544, -0.1782 -0.9882 0.5551, -0.0729 -0.9843 0.5995, -0.0755 -0.9843 0.6181, -0.0775 -0.9843 0.623, -0.0825 -0.9843 0.6355, -0.0941 -0.9843 0.6517, -0.1096 -0.9843 0.6648, -0.1265 -0.9843 0.6732, -0.1293 -0.9843 0.6741, -0.1411 -0.9843 0.6972, -0.16 -0.9843 0.7191, -0.173 -0.9843 0.7279, -0.1844 -0.9843 0.7356, -0.2129 -0.9843 0.746, -0.2374 -0.9843 0.7487, -0.2654 -0.9843 0.7452, -0.2917 -0.9843 0.7352, -0.3035 -0.9843 0.7279, -0.3058 -0.9843 0.7265, -0.3191 -0.9843 0.715, -0.3308 -0.9843 0.7014, -0.3374 -0.9843 0.7022, -0.3439 -0.9843 0.7026, -0.3663 -0.9843 0.6998, -0.3874 -0.9843 0.6916, -0.4055 -0.9843 0.6789, -0.4094 -0.9843 0.6752, -0.4321 -0.9843 0.6372, -0.4231 -0.9843 0.6577, -0.4347 -0.9843 0.623, -0.436 -0.9843 0.6158, -0.4361 -0.9843 0.6103, -0.4334 -0.9843 0.588, -0.4252 -0.9843 0.5668, -0.4122 -0.9843 0.5483, -0.3945 -0.9843 0.5331, -0.3739 -0.9843 0.5231, -0.3667 -0.9843 0.521, -0.366 -0.9843 0.5194, -0.361 -0.9843 0.5087, -0.3525 -0.9843 0.4983, -0.3413 -0.9843 0.4899, -0.3361 -0.9843 0.4877, -0.3282 -0.9843 0.4844, -0.3148 -0.9843 0.4823, -0.3126 -0.9843 0.4822, -0.2557 -0.9843 0.5392, -0.2988 -0.9843 0.4839, -0.289 -0.9843 0.4877, -0.2861 -0.9843 0.4888, -0.2748 -0.9843 0.4967, -0.2661 -0.9843 0.5065, -0.2593 -0.9843 0.5191, -0.2593 -0.9843 0.5194, -0.256 -0.9843 0.5332, -0.2557 -0.9843 0.5449, -0.176 -0.9843 0.587, -0.1936 -0.9843 0.6172, -0.2699 -0.9843 0.5773, -0.2799 -0.9843 0.5864, -0.2919 -0.9843 0.5929, -0.3057 -0.9843 0.5963, -0.3126 -0.9843 0.5967, -0.3262 -0.9843 0.595, -0.3388 -0.9843 0.5902, -0.3504 -0.9843 0.5821, -0.3598 -0.9843 0.5713, -0.3661 -0.9843 0.5591, -0.3785 -0.9843 0.5667, -0.3887 -0.9843 0.5772, -0.3955 -0.9843 0.5887, -0.3996 -0.9843 0.6026, -0.4003 -0.9843 0.6115, -0.3988 -0.9843 0.623, -0.3986 -0.9843 0.6253, -0.3937 -0.9843 0.638, -0.3858 -0.9843 0.6493, -0.376 -0.9843 0.658, -0.3634 -0.9843 0.6647, -0.3493 -0.9843 0.6681, -0.3433 -0.9843 0.6684, -0.3299 -0.9843 0.6667, -0.3172 -0.9843 0.6621, -0.3132 -0.9843 0.6599, -0.3045 -0.9843 0.6779, -0.2917 -0.9843 0.6931, -0.2764 -0.9843 0.7043, -0.2578 -0.9843 0.7118, -0.2369 -0.9843 0.7145, -0.2176 -0.9843 0.7121, -0.1997 -0.9843 0.7053, -0.1837 -0.9843 0.6942, -0.1823 -0.9843 0.6929, -0.1695 -0.9843 0.6776, -0.1607 -0.9843 0.6593, -0.1572 -0.9843 0.6434, -0.1526 -0.9843 0.6434, -0.1418 -0.9843 0.642, -0.1318 -0.9843 0.6382, -0.123 -0.9843 0.632, -0.1165 -0.9843 0.6247, -0.1155 -0.9843 0.623, -0.1112 -0.9843 0.6149, -0.1085 -0.9843 0.604, -0.1082 -0.9843 0.5989, -0.1096 -0.9843 0.5878, -0.1135 -0.9843 0.5777, -0.1198 -0.9843 0.5688, -0.1205 -0.9843 0.5681, -0.1289 -0.9843 0.5612, -0.1389 -0.9843 0.5565, -0.1492 -0.9843 0.5545, -0.1748 -0.9843 0.5545, -0.176 -0.9843 0.5547, -0.1777 -0.9843 0.5551, -0.1782 -0.9843 0.5551, -0.1827 -0.9843 0.5545, -0.1866 -0.9843 0.553, -0.1901 -0.9843 0.5505, -0.1924 -0.9843 0.5479, -0.1946 -0.9843 0.544, -0.1957 -0.9843 0.5397, -0.1959 -0.9843 0.5375, -0.1953 -0.9843 0.5332, -0.1938 -0.9843 0.5294, -0.1914 -0.9843 0.5258, -0.19 -0.9843 0.5244, -0.1864 -0.9843 0.5218, -0.1826 -0.9843 0.5203, -0.1794 -0.9843 0.5198, -0.1458 -0.9843 0.5198, -0.1268 -0.9843 0.5238, -0.1095 -0.9843 0.5323, -0.094 -0.9843 0.5454, -0.0827 -0.9843 0.5612, -0.0755 -0.9843 0.5792, -0.3132 -0.9843 0.5608, -0.3084 -0.9843 0.5603, -0.3031 -0.9843 0.5584, -0.2986 -0.9843 0.5553, -0.2949 -0.9843 0.5512, -0.2924 -0.9843 0.5465, -0.2911 -0.9843 0.5413, -0.2911 -0.9843 0.5361, -0.2925 -0.9843 0.5306, -0.2951 -0.9843 0.5257, -0.2982 -0.9843 0.5222, -0.3025 -0.9843 0.5191, -0.3075 -0.9843 0.5171, -0.3132 -0.9843 0.5164, -0.3141 -0.9843 0.5164, -0.3192 -0.9843 0.5173, -0.3244 -0.9843 0.5195, -0.3287 -0.9843 0.5228, -0.332 -0.9843 0.5268, -0.3342 -0.9843 0.5316, -0.3353 -0.9843 0.537, -0.335 -0.9843 0.5425, -0.3333 -0.9843 0.5479, -0.3304 -0.9843 0.5526, -0.3281 -0.9843 0.555, -0.3237 -0.9843 0.5581, -0.3187 -0.9843 0.5601
            ]
        }
        coordIndex [
            0,1,2,-1,3,4,5,-1,6,7,8,-1,9,10,2,-1,2,10,11,-1,2,11,0,-1,5,4,12,-1,13,14,15,-1,15,14,16,-1,15,16,17,-1,18,19,15,-1,15,19,20,-1,15,20,13,-1,13,20,21,-1,22,23,24,-1,24,23,25,-1,24,25,26,-1,26,25,27,-1,26,27,28,-1,28,27,29,-1,28,29,30,-1,30,29,2,-1,30,2,31,-1,31,2,32,-1,33,34,22,-1,22,34,35,-1,22,35,23,-1,17,36,15,-1,15,36,37,-1,15,37,38,-1,38,37,39,-1,38,39,40,-1,41,42,43,-1,43,42,44,-1,43,44,45,-1,45,44,46,-1,45,46,47,-1,47,46,48,-1,6,8,49,-1,49,8,50,-1,49,50,51,-1,51,50,52,-1,51,52,53,-1,4,54,12,-1,12,54,55,-1,12,55,56,-1,56,55,57,-1,56,57,6,-1,6,57,58,-1,6,58,7,-1,21,20,22,-1,22,20,59,-1,22,59,33,-1,60,61,62,-1,62,61,63,-1,62,63,64,-1,64,63,65,-1,64,65,66,-1,66,65,67,-1,66,67,68,-1,68,67,69,-1,68,69,70,-1,32,2,71,-1,71,2,1,-1,71,1,72,-1,46,73,48,-1,48,73,74,-1,48,74,75,-1,75,74,76,-1,75,76,77,-1,77,76,78,-1,77,78,79,-1,79,78,80,-1,79,80,81,-1,81,80,82,-1,81,82,83,-1,83,82,84,-1,83,84,60,-1,60,84,85,-1,60,85,61,-1,86,87,88,-1,88,87,89,-1,88,89,43,-1,43,89,90,-1,43,90,41,-1,91,92,93,-1,93,92,94,-1,93,94,95,-1,95,94,96,-1,95,96,97,-1,97,96,98,-1,97,98,99,-1,99,98,100,-1,99,100,9,-1,9,100,101,-1,9,101,10,-1,40,39,102,-1,102,39,103,-1,102,103,104,-1,104,103,105,-1,104,105,106,-1,106,105,107,-1,106,107,108,-1,108,107,109,-1,108,109,110,-1,110,109,111,-1,110,111,112,-1,112,111,113,-1,112,113,114,-1,114,113,115,-1,114,115,116,-1,116,115,117,-1,116,117,118,-1,118,117,119,-1,118,119,1,-1,1,119,120,-1,1,120,72,-1,53,52,121,-1,121,52,122,-1,121,122,123,-1,123,122,124,-1,123,124,125,-1,125,124,126,-1,125,126,127,-1,127,126,128,-1,127,128,86,-1,86,128,129,-1,86,129,87,-1,5,130,3,-1,3,130,131,-1,3,131,132,-1,132,131,133,-1,132,133,134,-1,134,133,135,-1,134,135,91,-1,91,135,136,-1,91,136,92,-1,137,138,139,-1,69,140,70,-1,70,140,137,-1,70,137,141,-1,141,137,139,-1,142,143,137,-1,137,143,144,-1,137,144,138,-1,145,146,147,-1,146,148,147,-1,147,148,149,-1,147,149,150,-1,142,137,147,-1,147,137,151,-1,147,151,145,-1,79,152,153,-1,79,153,77,-1,77,153,154,-1,77,154,75,-1,154,155,75,-1,75,155,156,-1,75,156,48,-1,48,156,157,-1,48,157,47,-1,47,157,158,-1,47,158,45,-1,45,158,159,-1,45,159,43,-1,43,159,160,-1,43,160,88,-1,88,160,161,-1,88,161,86,-1,127,86,162,-1,162,86,161,-1,162,163,127,-1,127,163,164,-1,127,164,125,-1,125,164,165,-1,125,165,123,-1,123,165,166,-1,123,166,121,-1,121,166,167,-1,121,167,53,-1,53,167,51,-1,51,167,168,-1,51,168,169,-1,51,169,170,-1,51,170,49,-1,49,170,171,-1,49,171,6,-1,6,171,172,-1,6,172,56,-1,56,172,173,-1,56,173,12,-1,12,173,174,-1,12,174,5,-1,5,174,175,-1,5,175,130,-1,130,175,176,-1,130,176,131,-1,131,176,177,-1,131,177,133,-1,178,135,179,-1,179,135,133,-1,179,133,177,-1,180,92,178,-1,178,92,136,-1,178,136,135,-1,180,181,92,-1,92,181,182,-1,92,182,94,-1,94,182,183,-1,94,183,96,-1,96,183,184,-1,96,184,98,-1,98,184,185,-1,98,185,100,-1,100,185,186,-1,100,186,101,-1,101,186,187,-1,101,187,10,-1,10,187,188,-1,10,188,11,-1,11,188,189,-1,11,189,0,-1,189,190,0,-1,0,190,191,-1,0,191,1,-1,1,191,192,-1,1,192,118,-1,118,192,193,-1,118,193,116,-1,193,194,116,-1,116,194,195,-1,116,195,114,-1,114,195,196,-1,114,196,112,-1,197,38,40,-1,112,196,198,-1,199,108,198,-1,198,108,110,-1,198,110,112,-1,199,200,108,-1,108,200,201,-1,108,201,106,-1,106,201,202,-1,106,202,104,-1,104,202,203,-1,104,203,102,-1,102,203,204,-1,102,204,40,-1,40,204,205,-1,40,205,197,-1,15,38,206,-1,206,38,197,-1,18,15,207,-1,207,15,206,-1,19,18,208,-1,208,18,207,-1,20,19,209,-1,209,19,208,-1,20,209,210,-1,20,210,59,-1,59,210,211,-1,59,211,33,-1,33,211,212,-1,33,212,34,-1,34,212,213,-1,34,213,35,-1,35,213,214,-1,35,214,23,-1,23,214,215,-1,23,215,25,-1,25,215,216,-1,25,216,27,-1,27,216,217,-1,27,217,29,-1,29,217,218,-1,29,218,2,-1,2,218,219,-1,2,219,9,-1,9,219,220,-1,9,220,99,-1,99,220,221,-1,99,221,97,-1,97,221,222,-1,97,222,95,-1,95,222,223,-1,95,223,93,-1,93,223,91,-1,91,223,224,-1,224,225,91,-1,91,225,226,-1,91,226,134,-1,134,226,227,-1,134,227,132,-1,132,227,228,-1,132,228,3,-1,3,228,229,-1,3,229,4,-1,4,229,230,-1,4,230,54,-1,54,230,231,-1,54,231,55,-1,55,231,232,-1,55,232,57,-1,57,232,233,-1,57,233,58,-1,58,233,234,-1,58,234,7,-1,7,234,235,-1,7,235,8,-1,8,235,236,-1,8,236,50,-1,50,236,237,-1,50,237,52,-1,52,237,238,-1,52,238,122,-1,122,238,239,-1,122,239,124,-1,124,239,240,-1,124,240,126,-1,126,240,241,-1,126,241,128,-1,128,241,242,-1,128,242,129,-1,129,242,243,-1,129,243,87,-1,87,243,244,-1,87,244,89,-1,89,244,245,-1,89,245,90,-1,90,245,246,-1,90,246,41,-1,42,41,247,-1,247,41,246,-1,42,247,248,-1,42,248,44,-1,44,248,249,-1,44,249,46,-1,46,249,250,-1,46,250,73,-1,73,250,251,-1,73,251,74,-1,74,251,252,-1,74,252,76,-1,252,253,76,-1,76,253,254,-1,76,254,78,-1,78,254,255,-1,78,255,80,-1,80,255,256,-1,80,256,82,-1,82,256,257,-1,82,257,84,-1,84,257,258,-1,84,258,85,-1,85,258,259,-1,85,259,61,-1,61,259,260,-1,61,260,63,-1,63,260,261,-1,63,261,65,-1,65,261,262,-1,65,262,67,-1,69,67,263,-1,263,67,262,-1,69,263,264,-1,69,264,140,-1,140,264,265,-1,140,265,137,-1,137,265,266,-1,137,266,151,-1,151,266,267,-1,151,267,145,-1,145,267,268,-1,145,268,146,-1,146,268,269,-1,146,269,148,-1,148,269,270,-1,148,270,149,-1,149,270,271,-1,149,271,150,-1,150,271,272,-1,150,272,147,-1,147,272,273,-1,147,273,142,-1,142,273,274,-1,142,274,143,-1,143,274,275,-1,143,275,144,-1,144,275,276,-1,144,276,138,-1,138,276,277,-1,138,277,139,-1,139,277,278,-1,139,278,141,-1,141,278,279,-1,141,279,70,-1,70,279,280,-1,70,280,68,-1,66,68,281,-1,281,68,280,-1,66,281,282,-1,66,282,64,-1,64,282,283,-1,64,283,62,-1,62,283,284,-1,62,284,60,-1,60,284,285,-1,60,285,83,-1,83,285,286,-1,83,286,81,-1,81,286,152,-1,81,152,79,-1,21,287,288,-1,21,288,13,-1,13,288,289,-1,13,289,14,-1,14,289,290,-1,14,290,16,-1,16,290,291,-1,16,291,17,-1,17,291,292,-1,17,292,36,-1,36,292,293,-1,36,293,37,-1,37,293,294,-1,37,294,39,-1,39,294,295,-1,39,295,103,-1,103,295,296,-1,103,296,105,-1,105,296,297,-1,105,297,107,-1,107,297,298,-1,107,298,109,-1,109,298,299,-1,109,299,111,-1,111,299,300,-1,111,300,113,-1,113,300,301,-1,113,301,115,-1,115,301,302,-1,115,302,117,-1,117,302,303,-1,117,303,119,-1,119,303,304,-1,119,304,120,-1,120,304,305,-1,120,305,72,-1,72,305,306,-1,72,306,71,-1,71,306,307,-1,71,307,32,-1,32,307,308,-1,32,308,31,-1,31,308,309,-1,31,309,30,-1,30,309,310,-1,30,310,28,-1,28,310,311,-1,28,311,26,-1,26,311,312,-1,26,312,24,-1,24,312,313,-1,24,313,22,-1,22,313,287,-1,22,287,21,-1,
        ]
    }
}
Shape{
    appearance Appearance {
        material  Material 	{
            diffuseColor 0.2235294117647059 0.2235294117647059 0.2235294117647059
            specularColor 0.19607843137254902 0.19607843137254902 0.19607843137254902
            ambientIntensity 0.2235
            transparency 0.0
            shininess 0.5
        }
    }
    geometry IndexedFaceSet {
        ccw TRUE
        solid FALSE
        coord DEF co Coordinate {
            point [
                -0.3141 -0.9843 0.5164, -0.3281 -0.9843 0.555, -0.3304 -0.9843 0.5526, -0.3075 -0.9843 0.5171, -0.3025 -0.9843 0.5191, -0.3084 -0.9843 0.5603, -0.3132 -0.9843 0.5608, -0.3187 -0.9843 0.5601, -0.3237 -0.9843 0.5581, -0.3342 -0.9843 0.5316, -0.332 -0.9843 0.5268, -0.3287 -0.9843 0.5228, -0.3132 -0.9843 0.5164, -0.3333 -0.9843 0.5479, -0.335 -0.9843 0.5425, -0.3353 -0.9843 0.537, -0.3244 -0.9843 0.5195, -0.3192 -0.9843 0.5173, -0.2982 -0.9843 0.5222, -0.2951 -0.9843 0.5257, -0.2925 -0.9843 0.5306, -0.2911 -0.9843 0.5361, -0.2911 -0.9843 0.5413, -0.2924 -0.9843 0.5465, -0.2949 -0.9843 0.5512, -0.2986 -0.9843 0.5553, -0.3031 -0.9843 0.5584
            ]
        }
        coordIndex [
            0,1,2,-1,3,4,5,-1,6,7,0,-1,0,7,8,-1,0,8,1,-1,9,10,2,-1,2,10,11,-1,6,0,5,-1,5,0,12,-1,5,12,3,-1,13,14,2,-1,2,14,15,-1,2,15,9,-1,11,16,2,-1,2,16,17,-1,2,17,0,-1,4,18,5,-1,5,18,19,-1,5,19,20,-1,20,21,5,-1,5,21,22,-1,5,22,23,-1,23,24,5,-1,5,24,25,-1,5,25,26,-1,
        ]
    }
}
Shape{
    appearance Appearance {
        material  Material 	{
            diffuseColor 0.9686274509803922 0.8784313725490196 0.6
            specularColor 0.6784313725490196 0.615686274509804 0.4196078431372549
            ambientIntensity 0.8737
            transparency 0.0
            shininess 0.5
        }
    }
    geometry IndexedFaceSet {
        ccw TRUE
        solid FALSE
        coord DEF co Coordinate {
            point [
                0.4213 0.3592 0.0, 0.4213 0.9646 0.0, 0.5787 0.3592 0.0, 0.5787 0.9646 0.0, 0.5394 1.0827 0.0394, 0.4606 1.0827 0.0394, 0.5787 0.9646 0.1575, 0.5394 1.0827 0.1181, 0.4606 1.0827 0.1181, 0.4213 0.9646 0.1575, 0.5787 0.3592 0.1575, 0.4213 0.3592 0.1575, 0.5787 0.3287 0.1879, 0.5787 0.1713 0.1879, 0.5787 0.3298 0.1801, 0.5787 0.176 0.1461, 0.5787 0.3328 0.1727, 0.5787 0.1899 0.1064, 0.5787 0.3377 0.1664, 0.5787 0.3174 0.0047, 0.5787 0.3513 0.1585, 0.5787 0.2777 0.0186, 0.5787 0.344 0.1616, 0.5787 0.242 0.041, 0.5787 0.2123 0.0708, 0.4213 0.3174 0.0047, 0.4213 0.2777 0.0186, 0.4213 0.242 0.041, 0.4213 0.2123 0.0708, 0.4213 0.1899 0.1064, 0.4213 0.176 0.1461, 0.4213 0.1713 0.1879, 0.4213 0.3287 0.1879, 0.4213 0.3298 0.1801, 0.4213 0.3328 0.1727, 0.4213 0.3377 0.1664, 0.4213 0.344 0.1616, 0.4213 0.3513 0.1585, 0.4213 0.3287 1.811, 0.5787 0.3287 1.811, 0.4606 0.2894 1.9291, 0.5394 0.2894 1.9291, 0.4606 0.2106 1.9291, 0.5394 0.2106 1.9291, 0.5787 0.1713 1.811, 0.4213 0.1713 1.811, 0.9213 0.3592 0.0, 0.9213 0.9646 0.0, 1.0787 0.3592 0.0, 1.0787 0.9646 0.0, 1.0394 1.0827 0.0394, 0.9606 1.0827 0.0394, 1.0787 0.9646 0.1575, 1.0394 1.0827 0.1181, 0.9606 1.0827 0.1181, 0.9213 0.9646 0.1575, 1.0787 0.3592 0.1575, 0.9213 0.3592 0.1575, 1.0787 0.3287 0.1879, 1.0787 0.1713 0.1879, 1.0787 0.3298 0.1801, 1.0787 0.176 0.1461, 1.0787 0.3328 0.1727, 1.0787 0.1899 0.1064, 1.0787 0.3377 0.1664, 1.0787 0.3174 0.0047, 1.0787 0.3513 0.1585, 1.0787 0.2777 0.0186, 1.0787 0.344 0.1616, 1.0787 0.242 0.041, 1.0787 0.2123 0.0708, 0.9213 0.3174 0.0047, 0.9213 0.2777 0.0186, 0.9213 0.242 0.041, 0.9213 0.2123 0.0708, 0.9213 0.1899 0.1064, 0.9213 0.176 0.1461, 0.9213 0.1713 0.1879, 0.9213 0.3287 0.1879, 0.9213 0.3298 0.1801, 0.9213 0.3328 0.1727, 0.9213 0.3377 0.1664, 0.9213 0.344 0.1616, 0.9213 0.3513 0.1585, 0.9213 0.3287 1.811, 1.0787 0.3287 1.811, 0.9606 0.2894 1.9291, 1.0394 0.2894 1.9291, 0.9606 0.2106 1.9291, 1.0394 0.2106 1.9291, 1.0787 0.1713 1.811, 0.9213 0.1713 1.811, -0.9213 -0.3592 0.0, -0.9213 -0.9646 0.0, -1.0787 -0.3592 0.0, -1.0787 -0.9646 0.0, -1.0394 -1.0827 0.0394, -0.9606 -1.0827 0.0394, -1.0787 -0.9646 0.1575, -1.0394 -1.0827 0.1181, -0.9606 -1.0827 0.1181, -0.9213 -0.9646 0.1575, -1.0787 -0.3592 0.1575, -0.9213 -0.3592 0.1575, -1.0787 -0.3287 0.1879, -1.0787 -0.1713 0.1879, -1.0787 -0.3298 0.1801, -1.0787 -0.176 0.1461, -1.0787 -0.3328 0.1727, -1.0787 -0.1899 0.1064, -1.0787 -0.3377 0.1664, -1.0787 -0.3174 0.0047, -1.0787 -0.3513 0.1585, -1.0787 -0.2777 0.0186, -1.0787 -0.344 0.1616, -1.0787 -0.242 0.041, -1.0787 -0.2123 0.0708, -0.9213 -0.3174 0.0047, -0.9213 -0.2777 0.0186, -0.9213 -0.242 0.041, -0.9213 -0.2123 0.0708, -0.9213 -0.1899 0.1064, -0.9213 -0.176 0.1461, -0.9213 -0.1713 0.1879, -0.9213 -0.3287 0.1879, -0.9213 -0.3298 0.1801, -0.9213 -0.3328 0.1727, -0.9213 -0.3377 0.1664, -0.9213 -0.344 0.1616, -0.9213 -0.3513 0.1585, -0.9213 -0.3287 1.811, -1.0787 -0.3287 1.811, -0.9606 -0.2894 1.9291, -1.0394 -0.2894 1.9291, -0.9606 -0.2106 1.9291, -1.0394 -0.2106 1.9291, -1.0787 -0.1713 1.811, -0.9213 -0.1713 1.811, 0.5787 -0.3592 0.0, 0.5787 -0.9646 0.0, 0.4213 -0.3592 0.0, 0.4213 -0.9646 0.0, 0.4606 -1.0827 0.0394, 0.5394 -1.0827 0.0394, 0.4213 -0.9646 0.1575, 0.4606 -1.0827 0.1181, 0.5394 -1.0827 0.1181, 0.5787 -0.9646 0.1575, 0.4213 -0.3592 0.1575, 0.5787 -0.3592 0.1575, 0.4213 -0.3287 0.1879, 0.4213 -0.1713 0.1879, 0.4213 -0.3298 0.1801, 0.4213 -0.176 0.1461, 0.4213 -0.3328 0.1727, 0.4213 -0.1899 0.1064, 0.4213 -0.3377 0.1664, 0.4213 -0.3174 0.0047, 0.4213 -0.3513 0.1585, 0.4213 -0.2777 0.0186, 0.4213 -0.344 0.1616, 0.4213 -0.242 0.041, 0.4213 -0.2123 0.0708, 0.5787 -0.3174 0.0047, 0.5787 -0.2777 0.0186, 0.5787 -0.242 0.041, 0.5787 -0.2123 0.0708, 0.5787 -0.1899 0.1064, 0.5787 -0.176 0.1461, 0.5787 -0.1713 0.1879, 0.5787 -0.3287 0.1879, 0.5787 -0.3298 0.1801, 0.5787 -0.3328 0.1727, 0.5787 -0.3377 0.1664, 0.5787 -0.344 0.1616, 0.5787 -0.3513 0.1585, 0.5787 -0.3287 1.811, 0.4213 -0.3287 1.811, 0.5394 -0.2894 1.9291, 0.4606 -0.2894 1.9291, 0.5394 -0.2106 1.9291, 0.4606 -0.2106 1.9291, 0.4213 -0.1713 1.811, 0.5787 -0.1713 1.811, -1.0787 0.3592 0.0, -1.0787 0.9646 0.0, -0.9213 0.3592 0.0, -0.9213 0.9646 0.0, -0.9606 1.0827 0.0394, -1.0394 1.0827 0.0394, -0.9213 0.9646 0.1575, -0.9606 1.0827 0.1181, -1.0394 1.0827 0.1181, -1.0787 0.9646 0.1575, -0.9213 0.3592 0.1575, -1.0787 0.3592 0.1575, -0.9213 0.3287 0.1879, -0.9213 0.1713 0.1879, -0.9213 0.3298 0.1801, -0.9213 0.176 0.1461, -0.9213 0.3328 0.1727, -0.9213 0.1899 0.1064, -0.9213 0.3377 0.1664, -0.9213 0.3174 0.0047, -0.9213 0.3513 0.1585, -0.9213 0.2777 0.0186, -0.9213 0.344 0.1616, -0.9213 0.242 0.041, -0.9213 0.2123 0.0708, -1.0787 0.3174 0.0047, -1.0787 0.2777 0.0186, -1.0787 0.242 0.041, -1.0787 0.2123 0.0708, -1.0787 0.1899 0.1064, -1.0787 0.176 0.1461, -1.0787 0.1713 0.1879, -1.0787 0.3287 0.1879, -1.0787 0.3298 0.1801, -1.0787 0.3328 0.1727, -1.0787 0.3377 0.1664, -1.0787 0.344 0.1616, -1.0787 0.3513 0.1585, -1.0787 0.3287 1.811, -0.9213 0.3287 1.811, -1.0394 0.2894 1.9291, -0.9606 0.2894 1.9291, -1.0394 0.2106 1.9291, -0.9606 0.2106 1.9291, -0.9213 0.1713 1.811, -1.0787 0.1713 1.811, 1.0787 -0.3592 0.0, 1.0787 -0.9646 0.0, 0.9213 -0.3592 0.0, 0.9213 -0.9646 0.0, 0.9606 -1.0827 0.0394, 1.0394 -1.0827 0.0394, 0.9213 -0.9646 0.1575, 0.9606 -1.0827 0.1181, 1.0394 -1.0827 0.1181, 1.0787 -0.9646 0.1575, 0.9213 -0.3592 0.1575, 1.0787 -0.3592 0.1575, 0.9213 -0.3287 0.1879, 0.9213 -0.1713 0.1879, 0.9213 -0.3298 0.1801, 0.9213 -0.176 0.1461, 0.9213 -0.3328 0.1727, 0.9213 -0.1899 0.1064, 0.9213 -0.3377 0.1664, 0.9213 -0.3174 0.0047, 0.9213 -0.3513 0.1585, 0.9213 -0.2777 0.0186, 0.9213 -0.344 0.1616, 0.9213 -0.242 0.041, 0.9213 -0.2123 0.0708, 1.0787 -0.3174 0.0047, 1.0787 -0.2777 0.0186, 1.0787 -0.242 0.041, 1.0787 -0.2123 0.0708, 1.0787 -0.1899 0.1064, 1.0787 -0.176 0.1461, 1.0787 -0.1713 0.1879, 1.0787 -0.3513 0.1585, 1.0787 -0.344 0.1616, 1.0787 -0.3287 0.1879, 1.0787 -0.3298 0.1801, 1.0787 -0.3328 0.1727, 1.0787 -0.3377 0.1664, 1.0787 -0.3287 1.811, 0.9213 -0.3287 1.811, 1.0394 -0.2894 1.9291, 0.9606 -0.2894 1.9291, 1.0394 -0.2106 1.9291, 0.9606 -0.2106 1.9291, 0.9213 -0.1713 1.811, 1.0787 -0.1713 1.811, -0.5787 0.3592 0.0, -0.5787 0.9646 0.0, -0.4213 0.3592 0.0, -0.4213 0.9646 0.0, -0.4606 1.0827 0.0394, -0.5394 1.0827 0.0394, -0.4213 0.9646 0.1575, -0.4606 1.0827 0.1181, -0.5394 1.0827 0.1181, -0.5787 0.9646 0.1575, -0.4213 0.3592 0.1575, -0.5787 0.3592 0.1575, -0.4213 0.3287 0.1879, -0.4213 0.1713 0.1879, -0.4213 0.3298 0.1801, -0.4213 0.176 0.1461, -0.4213 0.3328 0.1727, -0.4213 0.1899 0.1064, -0.4213 0.3377 0.1664, -0.4213 0.3174 0.0047, -0.4213 0.3513 0.1585, -0.4213 0.2777 0.0186, -0.4213 0.344 0.1616, -0.4213 0.242 0.041, -0.4213 0.2123 0.0708, -0.5787 0.3174 0.0047, -0.5787 0.2777 0.0186, -0.5787 0.242 0.041, -0.5787 0.2123 0.0708, -0.5787 0.1899 0.1064, -0.5787 0.176 0.1461, -0.5787 0.1713 0.1879, -0.5787 0.3287 0.1879, -0.5787 0.3298 0.1801, -0.5787 0.3328 0.1727, -0.5787 0.3377 0.1664, -0.5787 0.344 0.1616, -0.5787 0.3513 0.1585, -0.5787 0.3287 1.811, -0.4213 0.3287 1.811, -0.5394 0.2894 1.9291, -0.4606 0.2894 1.9291, -0.5394 0.2106 1.9291, -0.4606 0.2106 1.9291, -0.4213 0.1713 1.811, -0.5787 0.1713 1.811
            ]
        }
        coordIndex [
            0,1,2,-1,2,1,3,-1,4,3,5,-1,5,3,1,-1,3,4,6,-1,6,4,7,-1,8,7,5,-1,5,7,4,-1,8,9,7,-1,7,9,6,-1,10,6,11,-1,11,6,9,-1,2,3,10,-1,10,3,6,-1,12,13,14,-1,14,13,15,-1,14,15,16,-1,16,15,17,-1,16,17,18,-1,2,10,19,-1,19,10,20,-1,19,20,21,-1,21,20,22,-1,21,22,23,-1,23,22,18,-1,23,18,24,-1,24,18,17,-1,0,2,19,-1,0,19,25,-1,25,19,21,-1,25,21,26,-1,26,21,23,-1,26,23,27,-1,27,23,24,-1,27,24,28,-1,28,24,17,-1,28,17,29,-1,29,17,15,-1,29,15,30,-1,30,15,13,-1,30,13,31,-1,31,32,30,-1,30,32,33,-1,30,33,29,-1,29,33,34,-1,29,34,28,-1,28,34,35,-1,28,35,27,-1,27,35,36,-1,11,0,37,-1,37,0,25,-1,37,25,36,-1,36,25,26,-1,36,26,27,-1,11,9,0,-1,0,9,1,-1,5,1,8,-1,8,1,9,-1,32,12,33,-1,33,12,14,-1,33,14,34,-1,34,14,16,-1,34,16,35,-1,35,16,18,-1,35,18,36,-1,36,18,22,-1,36,22,37,-1,37,22,20,-1,37,20,11,-1,11,20,10,-1,32,38,12,-1,12,38,39,-1,38,40,39,-1,39,40,41,-1,42,43,40,-1,40,43,41,-1,43,44,41,-1,41,44,39,-1,12,39,13,-1,13,39,44,-1,13,44,31,-1,31,44,45,-1,42,45,43,-1,43,45,44,-1,40,38,42,-1,42,38,45,-1,31,45,32,-1,32,45,38,-1,46,47,48,-1,48,47,49,-1,50,49,51,-1,51,49,47,-1,49,50,52,-1,52,50,53,-1,54,53,51,-1,51,53,50,-1,54,55,53,-1,53,55,52,-1,56,52,57,-1,57,52,55,-1,48,49,56,-1,56,49,52,-1,58,59,60,-1,60,59,61,-1,60,61,62,-1,62,61,63,-1,62,63,64,-1,48,56,65,-1,65,56,66,-1,65,66,67,-1,67,66,68,-1,67,68,69,-1,69,68,64,-1,69,64,70,-1,70,64,63,-1,46,48,65,-1,46,65,71,-1,71,65,67,-1,71,67,72,-1,72,67,69,-1,72,69,73,-1,73,69,70,-1,73,70,74,-1,74,70,63,-1,74,63,75,-1,75,63,61,-1,75,61,76,-1,76,61,59,-1,76,59,77,-1,77,78,76,-1,76,78,79,-1,76,79,75,-1,75,79,80,-1,75,80,74,-1,74,80,81,-1,74,81,73,-1,73,81,82,-1,57,46,83,-1,83,46,71,-1,83,71,82,-1,82,71,72,-1,82,72,73,-1,57,55,46,-1,46,55,47,-1,51,47,54,-1,54,47,55,-1,78,58,79,-1,79,58,60,-1,79,60,80,-1,80,60,62,-1,80,62,81,-1,81,62,64,-1,81,64,82,-1,82,64,68,-1,82,68,83,-1,83,68,66,-1,83,66,57,-1,57,66,56,-1,78,84,58,-1,58,84,85,-1,84,86,85,-1,85,86,87,-1,88,89,86,-1,86,89,87,-1,89,90,87,-1,87,90,85,-1,58,85,59,-1,59,85,90,-1,59,90,77,-1,77,90,91,-1,88,91,89,-1,89,91,90,-1,86,84,88,-1,88,84,91,-1,77,91,78,-1,78,91,84,-1,92,93,94,-1,94,93,95,-1,96,95,97,-1,97,95,93,-1,95,96,98,-1,98,96,99,-1,100,99,97,-1,97,99,96,-1,100,101,99,-1,99,101,98,-1,102,98,103,-1,103,98,101,-1,94,95,102,-1,102,95,98,-1,104,105,106,-1,106,105,107,-1,106,107,108,-1,108,107,109,-1,108,109,110,-1,94,102,111,-1,111,102,112,-1,111,112,113,-1,113,112,114,-1,113,114,115,-1,115,114,110,-1,115,110,116,-1,116,110,109,-1,92,94,111,-1,92,111,117,-1,117,111,113,-1,117,113,118,-1,118,113,115,-1,118,115,119,-1,119,115,116,-1,119,116,120,-1,120,116,109,-1,120,109,121,-1,121,109,107,-1,121,107,122,-1,122,107,105,-1,122,105,123,-1,123,124,122,-1,122,124,125,-1,122,125,121,-1,121,125,126,-1,121,126,120,-1,120,126,127,-1,120,127,119,-1,119,127,128,-1,103,92,129,-1,129,92,117,-1,129,117,128,-1,128,117,118,-1,128,118,119,-1,103,101,92,-1,92,101,93,-1,97,93,100,-1,100,93,101,-1,124,104,125,-1,125,104,106,-1,125,106,126,-1,126,106,108,-1,126,108,127,-1,127,108,110,-1,127,110,128,-1,128,110,114,-1,128,114,129,-1,129,114,112,-1,129,112,103,-1,103,112,102,-1,124,130,104,-1,104,130,131,-1,130,132,131,-1,131,132,133,-1,134,135,132,-1,132,135,133,-1,135,136,133,-1,133,136,131,-1,104,131,105,-1,105,131,136,-1,105,136,123,-1,123,136,137,-1,134,137,135,-1,135,137,136,-1,132,130,134,-1,134,130,137,-1,123,137,124,-1,124,137,130,-1,138,139,140,-1,140,139,141,-1,142,141,143,-1,143,141,139,-1,141,142,144,-1,144,142,145,-1,146,145,143,-1,143,145,142,-1,146,147,145,-1,145,147,144,-1,148,144,149,-1,149,144,147,-1,140,141,148,-1,148,141,144,-1,150,151,152,-1,152,151,153,-1,152,153,154,-1,154,153,155,-1,154,155,156,-1,140,148,157,-1,157,148,158,-1,157,158,159,-1,159,158,160,-1,159,160,161,-1,161,160,156,-1,161,156,162,-1,162,156,155,-1,138,140,157,-1,138,157,163,-1,163,157,159,-1,163,159,164,-1,164,159,161,-1,164,161,165,-1,165,161,162,-1,165,162,166,-1,166,162,155,-1,166,155,167,-1,167,155,153,-1,167,153,168,-1,168,153,151,-1,168,151,169,-1,169,170,168,-1,168,170,171,-1,168,171,167,-1,167,171,172,-1,167,172,166,-1,166,172,173,-1,166,173,165,-1,165,173,174,-1,149,138,175,-1,175,138,163,-1,175,163,174,-1,174,163,164,-1,174,164,165,-1,149,147,138,-1,138,147,139,-1,143,139,146,-1,146,139,147,-1,170,150,171,-1,171,150,152,-1,171,152,172,-1,172,152,154,-1,172,154,173,-1,173,154,156,-1,173,156,174,-1,174,156,160,-1,174,160,175,-1,175,160,158,-1,175,158,149,-1,149,158,148,-1,170,176,150,-1,150,176,177,-1,176,178,177,-1,177,178,179,-1,180,181,178,-1,178,181,179,-1,181,182,179,-1,179,182,177,-1,150,177,151,-1,151,177,182,-1,151,182,169,-1,169,182,183,-1,180,183,181,-1,181,183,182,-1,178,176,180,-1,180,176,183,-1,169,183,170,-1,170,183,176,-1,184,185,186,-1,186,185,187,-1,188,187,189,-1,189,187,185,-1,187,188,190,-1,190,188,191,-1,192,191,189,-1,189,191,188,-1,192,193,191,-1,191,193,190,-1,194,190,195,-1,195,190,193,-1,186,187,194,-1,194,187,190,-1,196,197,198,-1,198,197,199,-1,198,199,200,-1,200,199,201,-1,200,201,202,-1,186,194,203,-1,203,194,204,-1,203,204,205,-1,205,204,206,-1,205,206,207,-1,207,206,202,-1,207,202,208,-1,208,202,201,-1,184,186,203,-1,184,203,209,-1,209,203,205,-1,209,205,210,-1,210,205,207,-1,210,207,211,-1,211,207,208,-1,211,208,212,-1,212,208,201,-1,212,201,213,-1,213,201,199,-1,213,199,214,-1,214,199,197,-1,214,197,215,-1,215,216,214,-1,214,216,217,-1,214,217,213,-1,213,217,218,-1,213,218,212,-1,212,218,219,-1,212,219,211,-1,211,219,220,-1,195,184,221,-1,221,184,209,-1,221,209,220,-1,220,209,210,-1,220,210,211,-1,195,193,184,-1,184,193,185,-1,189,185,192,-1,192,185,193,-1,216,196,217,-1,217,196,198,-1,217,198,218,-1,218,198,200,-1,218,200,219,-1,219,200,202,-1,219,202,220,-1,220,202,206,-1,220,206,221,-1,221,206,204,-1,221,204,195,-1,195,204,194,-1,216,222,196,-1,196,222,223,-1,222,224,223,-1,223,224,225,-1,226,227,224,-1,224,227,225,-1,227,228,225,-1,225,228,223,-1,196,223,197,-1,197,223,228,-1,197,228,215,-1,215,228,229,-1,226,229,227,-1,227,229,228,-1,224,222,226,-1,226,222,229,-1,215,229,216,-1,216,229,222,-1,230,231,232,-1,232,231,233,-1,234,233,235,-1,235,233,231,-1,233,234,236,-1,236,234,237,-1,238,237,235,-1,235,237,234,-1,238,239,237,-1,237,239,236,-1,240,236,241,-1,241,236,239,-1,232,233,240,-1,240,233,236,-1,242,243,244,-1,244,243,245,-1,244,245,246,-1,246,245,247,-1,246,247,248,-1,232,240,249,-1,249,240,250,-1,249,250,251,-1,251,250,252,-1,251,252,253,-1,253,252,248,-1,253,248,254,-1,254,248,247,-1,230,232,249,-1,230,249,255,-1,255,249,251,-1,255,251,256,-1,256,251,253,-1,256,253,257,-1,257,253,254,-1,257,254,258,-1,258,254,247,-1,258,247,259,-1,259,247,245,-1,259,245,260,-1,260,245,243,-1,260,243,261,-1,241,230,262,-1,262,230,255,-1,262,255,263,-1,261,264,260,-1,260,264,265,-1,260,265,259,-1,259,265,266,-1,259,266,258,-1,258,266,267,-1,258,267,257,-1,257,267,263,-1,257,263,256,-1,256,263,255,-1,241,239,230,-1,230,239,231,-1,235,231,238,-1,238,231,239,-1,264,242,265,-1,265,242,244,-1,265,244,266,-1,266,244,246,-1,266,246,267,-1,267,246,248,-1,267,248,263,-1,263,248,252,-1,263,252,262,-1,262,252,250,-1,262,250,241,-1,241,250,240,-1,264,268,242,-1,242,268,269,-1,268,270,269,-1,269,270,271,-1,272,273,270,-1,270,273,271,-1,273,274,271,-1,271,274,269,-1,242,269,243,-1,243,269,274,-1,243,274,261,-1,261,274,275,-1,272,275,273,-1,273,275,274,-1,270,268,272,-1,272,268,275,-1,261,275,264,-1,264,275,268,-1,276,277,278,-1,278,277,279,-1,280,279,281,-1,281,279,277,-1,279,280,282,-1,282,280,283,-1,284,283,281,-1,281,283,280,-1,284,285,283,-1,283,285,282,-1,286,282,287,-1,287,282,285,-1,278,279,286,-1,286,279,282,-1,288,289,290,-1,290,289,291,-1,290,291,292,-1,292,291,293,-1,292,293,294,-1,278,286,295,-1,295,286,296,-1,295,296,297,-1,297,296,298,-1,297,298,299,-1,299,298,294,-1,299,294,300,-1,300,294,293,-1,276,278,295,-1,276,295,301,-1,301,295,297,-1,301,297,302,-1,302,297,299,-1,302,299,303,-1,303,299,300,-1,303,300,304,-1,304,300,293,-1,304,293,305,-1,305,293,291,-1,305,291,306,-1,306,291,289,-1,306,289,307,-1,307,308,306,-1,306,308,309,-1,306,309,305,-1,305,309,310,-1,305,310,304,-1,304,310,311,-1,304,311,303,-1,303,311,312,-1,287,276,313,-1,313,276,301,-1,313,301,312,-1,312,301,302,-1,312,302,303,-1,287,285,276,-1,276,285,277,-1,281,277,284,-1,284,277,285,-1,308,288,309,-1,309,288,290,-1,309,290,310,-1,310,290,292,-1,310,292,311,-1,311,292,294,-1,311,294,312,-1,312,294,298,-1,312,298,313,-1,313,298,296,-1,313,296,287,-1,287,296,286,-1,308,314,288,-1,288,314,315,-1,314,316,315,-1,315,316,317,-1,318,319,316,-1,316,319,317,-1,319,320,317,-1,317,320,315,-1,288,315,289,-1,289,315,320,-1,289,320,307,-1,307,320,321,-1,318,321,319,-1,319,321,320,-1,316,314,318,-1,318,314,321,-1,307,321,308,-1,308,321,314,-1,
        ]
    }
}