#VRML V2.0 utf8
# 3D model generated by easyeda2kicad.py (https://github.com/uPesy/easyeda2kicad.py)

Shape{
    appearance Appearance {
        material  Material 	{
            diffuseColor 0.8196078431372549 0.7019607843137254 0.43137254901960786
            specularColor 0.7529411764705882 0.7529411764705882 0.7529411764705882
            ambientIntensity 1.0
            transparency 1.0
            shininess 0.5
        }
    }
    geometry IndexedFaceSet {
        ccw TRUE
        solid FALSE
        coord DEF co Coordinate {
            point [
                -0.0984 0.1468 0.1295, -0.0984 0.1391 0.1346, -0.0591 0.1391 0.1346, -0.0591 0.1468 0.1295, -0.0984 0.1558 0.1277, -0.0591 0.1558 0.1277, -0.0591 0.134 0.1423, -0.0984 0.134 0.1423, -0.0591 0.1322 0.1513, -0.0984 0.1322 0.1513, -0.0591 0.1322 0.2419, -0.0984 0.1322 0.2419, -0.0591 0.1253 0.2586, -0.0984 0.1253 0.2586, -0.0984 0.1176 0.2637, -0.0984 0.1086 0.2655, -0.0591 0.1176 0.2637, -0.0591 0.1086 0.2655, -0.0591 0.1304 0.2509, -0.0984 0.1304 0.2509, -0.0984 0.085 0.2655, -0.0984 0.199 0.1277, -0.0984 0.085 0.0883, -0.0984 0.2698 0.0883, -0.0984 0.208 0.1295, -0.0984 0.2157 0.1346, -0.0984 0.2208 0.1423, -0.0984 0.2295 0.2586, -0.0984 0.2372 0.2637, -0.0984 0.2462 0.2655, -0.0984 0.2226 0.1513, -0.0984 0.2226 0.2419, -0.0984 0.2698 0.2655, -0.0984 0.2244 0.2509, -0.0984 -0.2698 0.2655, -0.0591 -0.2698 0.2655, -0.0591 -0.2462 0.2655, -0.0984 -0.2462 0.2655, -0.0984 -0.1086 0.2655, -0.0591 -0.085 0.2655, -0.0984 -0.085 0.2655, -0.0591 -0.1086 0.2655, -0.0591 0.085 0.2655, -0.0591 0.2698 0.2655, -0.0591 0.2462 0.2655, -0.0591 -0.2295 0.2586, -0.0984 -0.2295 0.2586, -0.0984 -0.2372 0.2637, -0.0591 -0.2372 0.2637, -0.0591 -0.2244 0.2509, -0.0984 -0.2244 0.2509, -0.0591 -0.2226 0.2419, -0.0984 -0.2226 0.2419, -0.0984 -0.2226 0.1513, -0.0984 -0.1558 0.1277, -0.0984 -0.2698 0.0883, -0.0984 -0.199 0.1277, -0.0984 -0.2208 0.1423, -0.0984 -0.208 0.1295, -0.0984 -0.2157 0.1346, -0.0984 -0.085 0.0883, -0.0984 -0.1468 0.1295, -0.0984 -0.1391 0.1346, -0.0984 -0.134 0.1423, -0.0984 -0.1253 0.2586, -0.0984 -0.1176 0.2637, -0.0984 -0.1322 0.1513, -0.0984 -0.1322 0.2419, -0.0984 -0.1304 0.2509, -0.0591 -0.2698 0.0883, -0.0591 -0.208 0.1295, -0.0591 -0.199 0.1277, -0.0591 -0.1253 0.2586, -0.0591 -0.1176 0.2637, -0.0591 -0.1322 0.2419, -0.0591 -0.1304 0.2509, -0.0591 -0.1322 0.1513, -0.0591 -0.085 0.0883, -0.0591 -0.1391 0.1346, -0.0591 -0.134 0.1423, -0.0591 -0.1468 0.1295, -0.0591 -0.1558 0.1277, -0.0591 -0.2226 0.1513, -0.0591 -0.2208 0.1423, -0.0591 -0.2157 0.1346, -0.0591 0.199 0.1277, -0.0591 0.208 0.1295, -0.0591 0.2157 0.1346, -0.0591 0.2208 0.1423, -0.0591 0.2226 0.1513, -0.0591 0.2226 0.2419, -0.0591 0.2295 0.2586, -0.0591 0.2372 0.2637, -0.0591 0.2244 0.2509, -0.0591 0.085 0.0883, -0.0591 0.2698 0.0883, -0.8465 0.4293 0.1474, -0.8465 0.4293 0.2655, -0.8465 0.3552 0.2655, -0.8465 0.3552 0.1474, -0.8858 0.3552 0.2655, -0.8858 0.3552 0.1474, -0.8858 0.4293 0.2655, -0.8858 0.4293 0.1474, -0.8858 -0.4293 0.2655, -0.8465 -0.3552 0.2655, -0.8858 -0.3552 0.2655, -0.8465 -0.4293 0.2655, -0.8858 -0.3552 0.1474, -0.8465 -0.3552 0.1474, -0.8465 -0.4293 0.1474, -0.8858 -0.4293 0.1474, -0.689 0.3552 0.2655, -0.689 0.4293 0.1474, -0.689 0.4293 0.2655, -0.689 0.3552 0.1474, -0.7283 0.3552 0.2655, -0.7283 0.3552 0.1474, -0.7283 0.4293 0.2655, -0.7283 0.4293 0.1474, -0.7283 -0.4293 0.2655, -0.689 -0.3552 0.2655, -0.7283 -0.3552 0.2655, -0.689 -0.4293 0.2655, -0.7283 -0.3552 0.1474, -0.689 -0.3552 0.1474, -0.689 -0.4293 0.1474, -0.7283 -0.4293 0.1474, -0.5315 0.3552 0.2655, -0.5315 0.4293 0.1474, -0.5315 0.4293 0.2655, -0.5315 0.3552 0.1474, -0.5709 0.3552 0.2655, -0.5709 0.3552 0.1474, -0.5709 0.4293 0.2655, -0.5709 0.4293 0.1474, -0.5709 -0.4293 0.2655, -0.5315 -0.3552 0.2655, -0.5709 -0.3552 0.2655, -0.5315 -0.4293 0.2655, -0.5709 -0.3552 0.1474, -0.5315 -0.3552 0.1474, -0.5315 -0.4293 0.1474, -0.5709 -0.4293 0.1474, -0.374 0.3552 0.2655, -0.374 0.4293 0.1474, -0.374 0.4293 0.2655, -0.374 0.3552 0.1474, -0.4134 0.3552 0.2655, -0.4134 0.3552 0.1474, -0.4134 0.4293 0.2655, -0.4134 0.4293 0.1474, -0.4134 -0.4293 0.2655, -0.374 -0.3552 0.2655, -0.4134 -0.3552 0.2655, -0.374 -0.4293 0.2655, -0.4134 -0.3552 0.1474, -0.374 -0.3552 0.1474, -0.374 -0.4293 0.1474, -0.4134 -0.4293 0.1474, -0.2165 0.3552 0.2655, -0.2165 0.4293 0.1474, -0.2165 0.4293 0.2655, -0.2165 0.3552 0.1474, -0.2559 0.3552 0.2655, -0.2559 0.3552 0.1474, -0.2559 0.4293 0.2655, -0.2559 0.4293 0.1474, -0.2559 -0.4293 0.2655, -0.2165 -0.3552 0.2655, -0.2559 -0.3552 0.2655, -0.2165 -0.4293 0.2655, -0.2559 -0.3552 0.1474, -0.2165 -0.3552 0.1474, -0.2165 -0.4293 0.1474, -0.2559 -0.4293 0.1474, -0.0591 0.3552 0.2655, -0.0591 0.4293 0.1474, -0.0591 0.4293 0.2655, -0.0591 0.3552 0.1474, -0.0984 0.3552 0.2655, -0.0984 0.3552 0.1474, -0.0984 0.4293 0.2655, -0.0984 0.4293 0.1474, -0.0984 -0.4293 0.2655, -0.0591 -0.3552 0.2655, -0.0984 -0.3552 0.2655, -0.0591 -0.4293 0.2655, -0.0984 -0.3552 0.1474, -0.0591 -0.3552 0.1474, -0.0591 -0.4293 0.1474, -0.0984 -0.4293 0.1474, 0.0984 0.3552 0.2655, 0.0984 0.4293 0.1474, 0.0984 0.4293 0.2655, 0.0984 0.3552 0.1474, 0.0591 0.3552 0.2655, 0.0591 0.3552 0.1474, 0.0591 0.4293 0.2655, 0.0591 0.4293 0.1474, 0.0591 -0.4293 0.2655, 0.0984 -0.3552 0.2655, 0.0591 -0.3552 0.2655, 0.0984 -0.4293 0.2655, 0.0591 -0.3552 0.1474, 0.0984 -0.3552 0.1474, 0.0984 -0.4293 0.1474, 0.0591 -0.4293 0.1474, 0.2559 0.3552 0.2655, 0.2559 0.4293 0.1474, 0.2559 0.4293 0.2655, 0.2559 0.3552 0.1474, 0.2165 0.3552 0.2655, 0.2165 0.3552 0.1474, 0.2165 0.4293 0.2655, 0.2165 0.4293 0.1474, 0.2165 -0.4293 0.2655, 0.2559 -0.3552 0.2655, 0.2165 -0.3552 0.2655, 0.2559 -0.4293 0.2655, 0.2165 -0.3552 0.1474, 0.2559 -0.3552 0.1474, 0.2559 -0.4293 0.1474, 0.2165 -0.4293 0.1474, 0.4134 0.3552 0.2655, 0.4134 0.4293 0.1474, 0.4134 0.4293 0.2655, 0.4134 0.3552 0.1474, 0.374 0.3552 0.2655, 0.374 0.3552 0.1474, 0.374 0.4293 0.2655, 0.374 0.4293 0.1474, 0.374 -0.4293 0.2655, 0.4134 -0.3552 0.2655, 0.374 -0.3552 0.2655, 0.4134 -0.4293 0.2655, 0.374 -0.3552 0.1474, 0.4134 -0.3552 0.1474, 0.4134 -0.4293 0.1474, 0.374 -0.4293 0.1474, 0.5709 0.3552 0.2655, 0.5709 0.4293 0.1474, 0.5709 0.4293 0.2655, 0.5709 0.3552 0.1474, 0.5315 0.3552 0.2655, 0.5315 0.3552 0.1474, 0.5315 0.4293 0.2655, 0.5315 0.4293 0.1474, 0.5315 -0.4293 0.2655, 0.5709 -0.3552 0.2655, 0.5315 -0.3552 0.2655, 0.5709 -0.4293 0.2655, 0.5315 -0.3552 0.1474, 0.5709 -0.3552 0.1474, 0.5709 -0.4293 0.1474, 0.5315 -0.4293 0.1474, 0.7283 0.3552 0.2655, 0.7283 0.4293 0.1474, 0.7283 0.4293 0.2655, 0.7283 0.3552 0.1474, 0.689 0.3552 0.2655, 0.689 0.3552 0.1474, 0.689 0.4293 0.2655, 0.689 0.4293 0.1474, 0.689 -0.4293 0.2655, 0.7283 -0.3552 0.2655, 0.689 -0.3552 0.2655, 0.7283 -0.4293 0.2655, 0.689 -0.3552 0.1474, 0.7283 -0.3552 0.1474, 0.7283 -0.4293 0.1474, 0.689 -0.4293 0.1474, -0.5315 -0.208 0.1295, -0.5315 -0.2698 0.0883, -0.5315 -0.199 0.1277, -0.5315 -0.1253 0.2586, -0.5315 -0.1086 0.2655, -0.5315 -0.1176 0.2637, -0.5315 -0.1322 0.2419, -0.5315 -0.1304 0.2509, -0.5315 -0.085 0.2655, -0.5315 -0.1322 0.1513, -0.5315 -0.085 0.0883, -0.5315 -0.1391 0.1346, -0.5315 -0.134 0.1423, -0.5315 -0.1468 0.1295, -0.5315 -0.1558 0.1277, -0.5315 -0.2226 0.1513, -0.5315 -0.2698 0.2655, -0.5315 -0.2208 0.1423, -0.5315 -0.2157 0.1346, -0.5315 -0.2226 0.2419, -0.5315 -0.2462 0.2655, -0.5315 -0.2295 0.2586, -0.5315 -0.2244 0.2509, -0.5315 -0.2372 0.2637, -0.5709 -0.2295 0.2586, -0.5709 -0.2372 0.2637, -0.5709 -0.2462 0.2655, -0.5709 -0.2244 0.2509, -0.5709 -0.2226 0.2419, -0.5709 -0.2226 0.1513, -0.5709 -0.2698 0.2655, -0.5709 -0.1558 0.1277, -0.5709 -0.2698 0.0883, -0.5709 -0.199 0.1277, -0.5709 -0.2208 0.1423, -0.5709 -0.208 0.1295, -0.5709 -0.2157 0.1346, -0.5709 -0.085 0.0883, -0.5709 -0.1468 0.1295, -0.5709 -0.1391 0.1346, -0.5709 -0.134 0.1423, -0.5709 -0.1253 0.2586, -0.5709 -0.1176 0.2637, -0.5709 -0.1086 0.2655, -0.5709 -0.1322 0.1513, -0.5709 -0.1322 0.2419, -0.5709 -0.085 0.2655, -0.5709 -0.1304 0.2509, -0.5709 0.085 0.2655, -0.5315 0.085 0.2655, -0.5315 0.1086 0.2655, -0.5709 0.1086 0.2655, -0.5709 0.2462 0.2655, -0.5315 0.2698 0.2655, -0.5709 0.2698 0.2655, -0.5315 0.2462 0.2655, -0.5709 0.1558 0.1277, -0.5315 0.199 0.1277, -0.5709 0.199 0.1277, -0.5315 0.1558 0.1277, -0.5709 0.1468 0.1295, -0.5709 0.1391 0.1346, -0.5315 0.1391 0.1346, -0.5315 0.1468 0.1295, -0.5315 0.134 0.1423, -0.5709 0.134 0.1423, -0.5315 0.1322 0.1513, -0.5709 0.1322 0.1513, -0.5315 0.1322 0.2419, -0.5709 0.1322 0.2419, -0.5315 0.1253 0.2586, -0.5709 0.1253 0.2586, -0.5709 0.1176 0.2637, -0.5315 0.1176 0.2637, -0.5315 0.1304 0.2509, -0.5709 0.1304 0.2509, -0.5709 0.085 0.0883, -0.5709 0.2698 0.0883, -0.5709 0.208 0.1295, -0.5709 0.2157 0.1346, -0.5709 0.2208 0.1423, -0.5709 0.2295 0.2586, -0.5709 0.2372 0.2637, -0.5709 0.2226 0.1513, -0.5709 0.2226 0.2419, -0.5709 0.2244 0.2509, -0.5315 0.085 0.0883, -0.5315 0.2295 0.2586, -0.5315 0.2372 0.2637, -0.5315 0.2226 0.2419, -0.5315 0.2244 0.2509, -0.5315 0.2226 0.1513, -0.5315 0.2698 0.0883, -0.5315 0.2157 0.1346, -0.5315 0.2208 0.1423, -0.5315 0.208 0.1295, -0.374 -0.208 0.1295, -0.374 -0.2698 0.0883, -0.374 -0.199 0.1277, -0.374 -0.1253 0.2586, -0.374 -0.1086 0.2655, -0.374 -0.1176 0.2637, -0.374 -0.1322 0.2419, -0.374 -0.1304 0.2509, -0.374 -0.085 0.2655, -0.374 -0.1322 0.1513, -0.374 -0.085 0.0883, -0.374 -0.1391 0.1346, -0.374 -0.134 0.1423, -0.374 -0.1468 0.1295, -0.374 -0.1558 0.1277, -0.374 -0.2226 0.1513, -0.374 -0.2698 0.2655, -0.374 -0.2208 0.1423, -0.374 -0.2157 0.1346, -0.374 -0.2226 0.2419, -0.374 -0.2462 0.2655, -0.374 -0.2295 0.2586, -0.374 -0.2244 0.2509, -0.374 -0.2372 0.2637, -0.4134 -0.2295 0.2586, -0.4134 -0.2372 0.2637, -0.4134 -0.2462 0.2655, -0.4134 -0.2244 0.2509, -0.4134 -0.2226 0.2419, -0.4134 -0.2226 0.1513, -0.4134 -0.2698 0.2655, -0.4134 -0.1558 0.1277, -0.4134 -0.2698 0.0883, -0.4134 -0.199 0.1277, -0.4134 -0.2208 0.1423, -0.4134 -0.208 0.1295, -0.4134 -0.2157 0.1346, -0.4134 -0.085 0.0883, -0.4134 -0.1468 0.1295, -0.4134 -0.1391 0.1346, -0.4134 -0.134 0.1423, -0.4134 -0.1253 0.2586, -0.4134 -0.1176 0.2637, -0.4134 -0.1086 0.2655, -0.4134 -0.1322 0.1513, -0.4134 -0.1322 0.2419, -0.4134 -0.085 0.2655, -0.4134 -0.1304 0.2509, -0.4134 0.085 0.2655, -0.374 0.085 0.2655, -0.374 0.1086 0.2655, -0.4134 0.1086 0.2655, -0.4134 0.2462 0.2655, -0.374 0.2698 0.2655, -0.4134 0.2698 0.2655, -0.374 0.2462 0.2655, -0.4134 0.1558 0.1277, -0.374 0.199 0.1277, -0.4134 0.199 0.1277, -0.374 0.1558 0.1277, -0.4134 0.1468 0.1295, -0.4134 0.1391 0.1346, -0.374 0.1391 0.1346, -0.374 0.1468 0.1295, -0.374 0.134 0.1423, -0.4134 0.134 0.1423, -0.374 0.1322 0.1513, -0.4134 0.1322 0.1513, -0.374 0.1322 0.2419, -0.4134 0.1322 0.2419, -0.374 0.1253 0.2586, -0.4134 0.1253 0.2586, -0.4134 0.1176 0.2637, -0.374 0.1176 0.2637, -0.374 0.1304 0.2509, -0.4134 0.1304 0.2509, -0.4134 0.085 0.0883, -0.4134 0.2698 0.0883, -0.4134 0.208 0.1295, -0.4134 0.2157 0.1346, -0.4134 0.2208 0.1423, -0.4134 0.2295 0.2586, -0.4134 0.2372 0.2637, -0.4134 0.2226 0.1513, -0.4134 0.2226 0.2419, -0.4134 0.2244 0.2509, -0.374 0.085 0.0883, -0.374 0.2295 0.2586, -0.374 0.2372 0.2637, -0.374 0.2226 0.2419, -0.374 0.2244 0.2509, -0.374 0.2226 0.1513, -0.374 0.2698 0.0883, -0.374 0.2157 0.1346, -0.374 0.2208 0.1423, -0.374 0.208 0.1295, -0.2165 -0.208 0.1295, -0.2165 -0.2698 0.0883, -0.2165 -0.199 0.1277, -0.2165 -0.1253 0.2586, -0.2165 -0.1086 0.2655, -0.2165 -0.1176 0.2637, -0.2165 -0.1322 0.2419, -0.2165 -0.1304 0.2509, -0.2165 -0.085 0.2655, -0.2165 -0.1322 0.1513, -0.2165 -0.085 0.0883, -0.2165 -0.1391 0.1346, -0.2165 -0.134 0.1423, -0.2165 -0.1468 0.1295, -0.2165 -0.1558 0.1277, -0.2165 -0.2226 0.1513, -0.2165 -0.2698 0.2655, -0.2165 -0.2208 0.1423, -0.2165 -0.2157 0.1346, -0.2165 -0.2226 0.2419, -0.2165 -0.2462 0.2655, -0.2165 -0.2295 0.2586, -0.2165 -0.2244 0.2509, -0.2165 -0.2372 0.2637, -0.2559 -0.2295 0.2586, -0.2559 -0.2372 0.2637, -0.2559 -0.2462 0.2655, -0.2559 -0.2244 0.2509, -0.2559 -0.2226 0.2419, -0.2559 -0.2226 0.1513, -0.2559 -0.2698 0.2655, -0.2559 -0.1558 0.1277, -0.2559 -0.2698 0.0883, -0.2559 -0.199 0.1277, -0.2559 -0.2208 0.1423, -0.2559 -0.208 0.1295, -0.2559 -0.2157 0.1346, -0.2559 -0.085 0.0883, -0.2559 -0.1468 0.1295, -0.2559 -0.1391 0.1346, -0.2559 -0.134 0.1423, -0.2559 -0.1253 0.2586, -0.2559 -0.1176 0.2637, -0.2559 -0.1086 0.2655, -0.2559 -0.1322 0.1513, -0.2559 -0.1322 0.2419, -0.2559 -0.085 0.2655, -0.2559 -0.1304 0.2509, -0.2559 0.085 0.2655, -0.2165 0.085 0.2655, -0.2165 0.1086 0.2655, -0.2559 0.1086 0.2655, -0.2559 0.2462 0.2655, -0.2165 0.2698 0.2655, -0.2559 0.2698 0.2655, -0.2165 0.2462 0.2655, -0.2559 0.1558 0.1277, -0.2165 0.199 0.1277, -0.2559 0.199 0.1277, -0.2165 0.1558 0.1277, -0.2559 0.1468 0.1295, -0.2559 0.1391 0.1346, -0.2165 0.1391 0.1346, -0.2165 0.1468 0.1295, -0.2165 0.134 0.1423, -0.2559 0.134 0.1423, -0.2165 0.1322 0.1513, -0.2559 0.1322 0.1513, -0.2165 0.1322 0.2419, -0.2559 0.1322 0.2419, -0.2165 0.1253 0.2586, -0.2559 0.1253 0.2586, -0.2559 0.1176 0.2637, -0.2165 0.1176 0.2637, -0.2165 0.1304 0.2509, -0.2559 0.1304 0.2509, -0.2559 0.085 0.0883, -0.2559 0.2698 0.0883, -0.2559 0.208 0.1295, -0.2559 0.2157 0.1346, -0.2559 0.2208 0.1423, -0.2559 0.2295 0.2586, -0.2559 0.2372 0.2637, -0.2559 0.2226 0.1513, -0.2559 0.2226 0.2419, -0.2559 0.2244 0.2509, -0.2165 0.085 0.0883, -0.2165 0.2295 0.2586, -0.2165 0.2372 0.2637, -0.2165 0.2226 0.2419, -0.2165 0.2244 0.2509, -0.2165 0.2226 0.1513, -0.2165 0.2698 0.0883, -0.2165 0.2157 0.1346, -0.2165 0.2208 0.1423, -0.2165 0.208 0.1295, 0.0984 -0.208 0.1295, 0.0984 -0.2698 0.0883, 0.0984 -0.199 0.1277, 0.0984 -0.1253 0.2586, 0.0984 -0.1086 0.2655, 0.0984 -0.1176 0.2637, 0.0984 -0.1322 0.2419, 0.0984 -0.1304 0.2509, 0.0984 -0.085 0.2655, 0.0984 -0.1322 0.1513, 0.0984 -0.085 0.0883, 0.0984 -0.1391 0.1346, 0.0984 -0.134 0.1423, 0.0984 -0.1468 0.1295, 0.0984 -0.1558 0.1277, 0.0984 -0.2226 0.1513, 0.0984 -0.2698 0.2655, 0.0984 -0.2208 0.1423, 0.0984 -0.2157 0.1346, 0.0984 -0.2226 0.2419, 0.0984 -0.2462 0.2655, 0.0984 -0.2295 0.2586, 0.0984 -0.2244 0.2509, 0.0984 -0.2372 0.2637, 0.0591 -0.2295 0.2586, 0.0591 -0.2372 0.2637, 0.0591 -0.2462 0.2655, 0.0591 -0.2244 0.2509, 0.0591 -0.2226 0.2419, 0.0591 -0.2226 0.1513, 0.0591 -0.2698 0.2655, 0.0591 -0.1558 0.1277, 0.0591 -0.2698 0.0883, 0.0591 -0.199 0.1277, 0.0591 -0.2208 0.1423, 0.0591 -0.208 0.1295, 0.0591 -0.2157 0.1346, 0.0591 -0.085 0.0883, 0.0591 -0.1468 0.1295, 0.0591 -0.1391 0.1346, 0.0591 -0.134 0.1423, 0.0591 -0.1253 0.2586, 0.0591 -0.1176 0.2637, 0.0591 -0.1086 0.2655, 0.0591 -0.1322 0.1513, 0.0591 -0.1322 0.2419, 0.0591 -0.085 0.2655, 0.0591 -0.1304 0.2509, 0.0591 0.085 0.2655, 0.0984 0.085 0.2655, 0.0984 0.1086 0.2655, 0.0591 0.1086 0.2655, 0.0591 0.2462 0.2655, 0.0984 0.2698 0.2655, 0.0591 0.2698 0.2655, 0.0984 0.2462 0.2655, 0.0591 0.1558 0.1277, 0.0984 0.199 0.1277, 0.0591 0.199 0.1277, 0.0984 0.1558 0.1277, 0.0591 0.1468 0.1295, 0.0591 0.1391 0.1346, 0.0984 0.1391 0.1346, 0.0984 0.1468 0.1295, 0.0984 0.134 0.1423, 0.0591 0.134 0.1423, 0.0984 0.1322 0.1513, 0.0591 0.1322 0.1513, 0.0984 0.1322 0.2419, 0.0591 0.1322 0.2419, 0.0984 0.1253 0.2586, 0.0591 0.1253 0.2586, 0.0591 0.1176 0.2637, 0.0984 0.1176 0.2637, 0.0984 0.1304 0.2509, 0.0591 0.1304 0.2509, 0.0591 0.085 0.0883, 0.0591 0.2698 0.0883, 0.0591 0.208 0.1295, 0.0591 0.2157 0.1346, 0.0591 0.2208 0.1423, 0.0591 0.2295 0.2586, 0.0591 0.2372 0.2637, 0.0591 0.2226 0.1513, 0.0591 0.2226 0.2419, 0.0591 0.2244 0.2509, 0.0984 0.085 0.0883, 0.0984 0.2295 0.2586, 0.0984 0.2372 0.2637, 0.0984 0.2226 0.2419, 0.0984 0.2244 0.2509, 0.0984 0.2226 0.1513, 0.0984 0.2698 0.0883, 0.0984 0.2157 0.1346, 0.0984 0.2208 0.1423, 0.0984 0.208 0.1295, 0.2559 -0.208 0.1295, 0.2559 -0.2698 0.0883, 0.2559 -0.199 0.1277, 0.2559 -0.1253 0.2586, 0.2559 -0.1086 0.2655, 0.2559 -0.1176 0.2637, 0.2559 -0.1322 0.2419, 0.2559 -0.1304 0.2509, 0.2559 -0.085 0.2655, 0.2559 -0.1322 0.1513, 0.2559 -0.085 0.0883, 0.2559 -0.1391 0.1346, 0.2559 -0.134 0.1423, 0.2559 -0.1468 0.1295, 0.2559 -0.1558 0.1277, 0.2559 -0.2226 0.1513, 0.2559 -0.2698 0.2655, 0.2559 -0.2208 0.1423, 0.2559 -0.2157 0.1346, 0.2559 -0.2226 0.2419, 0.2559 -0.2462 0.2655, 0.2559 -0.2295 0.2586, 0.2559 -0.2244 0.2509, 0.2559 -0.2372 0.2637, 0.2165 -0.2295 0.2586, 0.2165 -0.2372 0.2637, 0.2165 -0.2462 0.2655, 0.2165 -0.2244 0.2509, 0.2165 -0.2226 0.2419, 0.2165 -0.2226 0.1513, 0.2165 -0.2698 0.2655, 0.2165 -0.1558 0.1277, 0.2165 -0.2698 0.0883, 0.2165 -0.199 0.1277, 0.2165 -0.2208 0.1423, 0.2165 -0.208 0.1295, 0.2165 -0.2157 0.1346, 0.2165 -0.085 0.0883, 0.2165 -0.1468 0.1295, 0.2165 -0.1391 0.1346, 0.2165 -0.134 0.1423, 0.2165 -0.1253 0.2586, 0.2165 -0.1176 0.2637, 0.2165 -0.1086 0.2655, 0.2165 -0.1322 0.1513, 0.2165 -0.1322 0.2419, 0.2165 -0.085 0.2655, 0.2165 -0.1304 0.2509, 0.2165 0.085 0.2655, 0.2559 0.085 0.2655, 0.2559 0.1086 0.2655, 0.2165 0.1086 0.2655, 0.2165 0.2462 0.2655, 0.2559 0.2698 0.2655, 0.2165 0.2698 0.2655, 0.2559 0.2462 0.2655, 0.2165 0.1558 0.1277, 0.2559 0.199 0.1277, 0.2165 0.199 0.1277, 0.2559 0.1558 0.1277, 0.2165 0.1468 0.1295, 0.2165 0.1391 0.1346, 0.2559 0.1391 0.1346, 0.2559 0.1468 0.1295, 0.2559 0.134 0.1423, 0.2165 0.134 0.1423, 0.2559 0.1322 0.1513, 0.2165 0.1322 0.1513, 0.2559 0.1322 0.2419, 0.2165 0.1322 0.2419, 0.2559 0.1253 0.2586, 0.2165 0.1253 0.2586, 0.2165 0.1176 0.2637, 0.2559 0.1176 0.2637, 0.2559 0.1304 0.2509, 0.2165 0.1304 0.2509, 0.2165 0.085 0.0883, 0.2165 0.2698 0.0883, 0.2165 0.208 0.1295, 0.2165 0.2157 0.1346, 0.2165 0.2208 0.1423, 0.2165 0.2295 0.2586, 0.2165 0.2372 0.2637, 0.2165 0.2226 0.1513, 0.2165 0.2226 0.2419, 0.2165 0.2244 0.2509, 0.2559 0.085 0.0883, 0.2559 0.2295 0.2586, 0.2559 0.2372 0.2637, 0.2559 0.2226 0.2419, 0.2559 0.2244 0.2509, 0.2559 0.2226 0.1513, 0.2559 0.2698 0.0883, 0.2559 0.2157 0.1346, 0.2559 0.2208 0.1423, 0.2559 0.208 0.1295, 0.4134 -0.208 0.1295, 0.4134 -0.2698 0.0883, 0.4134 -0.199 0.1277, 0.4134 -0.1253 0.2586, 0.4134 -0.1086 0.2655, 0.4134 -0.1176 0.2637, 0.4134 -0.1322 0.2419, 0.4134 -0.1304 0.2509, 0.4134 -0.085 0.2655, 0.4134 -0.1322 0.1513, 0.4134 -0.085 0.0883, 0.4134 -0.1391 0.1346, 0.4134 -0.134 0.1423, 0.4134 -0.1468 0.1295, 0.4134 -0.1558 0.1277, 0.4134 -0.2226 0.1513, 0.4134 -0.2698 0.2655, 0.4134 -0.2208 0.1423, 0.4134 -0.2157 0.1346, 0.4134 -0.2226 0.2419, 0.4134 -0.2462 0.2655, 0.4134 -0.2295 0.2586, 0.4134 -0.2244 0.2509, 0.4134 -0.2372 0.2637, 0.374 -0.2295 0.2586, 0.374 -0.2372 0.2637, 0.374 -0.2462 0.2655, 0.374 -0.2244 0.2509, 0.374 -0.2226 0.2419, 0.374 -0.2226 0.1513, 0.374 -0.2698 0.2655, 0.374 -0.1558 0.1277, 0.374 -0.2698 0.0883, 0.374 -0.199 0.1277, 0.374 -0.2208 0.1423, 0.374 -0.208 0.1295, 0.374 -0.2157 0.1346, 0.374 -0.085 0.0883, 0.374 -0.1468 0.1295, 0.374 -0.1391 0.1346, 0.374 -0.134 0.1423, 0.374 -0.1253 0.2586, 0.374 -0.1176 0.2637, 0.374 -0.1086 0.2655, 0.374 -0.1322 0.1513, 0.374 -0.1322 0.2419, 0.374 -0.085 0.2655, 0.374 -0.1304 0.2509, 0.374 0.085 0.2655, 0.4134 0.085 0.2655, 0.4134 0.1086 0.2655, 0.374 0.1086 0.2655, 0.374 0.2462 0.2655, 0.4134 0.2698 0.2655, 0.374 0.2698 0.2655, 0.4134 0.2462 0.2655, 0.374 0.1558 0.1277, 0.4134 0.199 0.1277, 0.374 0.199 0.1277, 0.4134 0.1558 0.1277, 0.374 0.1468 0.1295, 0.374 0.1391 0.1346, 0.4134 0.1391 0.1346, 0.4134 0.1468 0.1295, 0.4134 0.134 0.1423, 0.374 0.134 0.1423, 0.4134 0.1322 0.1513, 0.374 0.1322 0.1513, 0.4134 0.1322 0.2419, 0.374 0.1322 0.2419, 0.4134 0.1253 0.2586, 0.374 0.1253 0.2586, 0.374 0.1176 0.2637, 0.4134 0.1176 0.2637, 0.4134 0.1304 0.2509, 0.374 0.1304 0.2509, 0.374 0.085 0.0883, 0.374 0.2698 0.0883, 0.374 0.208 0.1295, 0.374 0.2157 0.1346, 0.374 0.2208 0.1423, 0.374 0.2295 0.2586, 0.374 0.2372 0.2637, 0.374 0.2226 0.1513, 0.374 0.2226 0.2419, 0.374 0.2244 0.2509, 0.4134 0.085 0.0883, 0.4134 0.2295 0.2586, 0.4134 0.2372 0.2637, 0.4134 0.2226 0.2419, 0.4134 0.2244 0.2509, 0.4134 0.2226 0.1513, 0.4134 0.2698 0.0883, 0.4134 0.2157 0.1346, 0.4134 0.2208 0.1423, 0.4134 0.208 0.1295, 0.5709 -0.208 0.1295, 0.5709 -0.2698 0.0883, 0.5709 -0.199 0.1277, 0.5709 -0.1253 0.2586, 0.5709 -0.1086 0.2655, 0.5709 -0.1176 0.2637, 0.5709 -0.1322 0.2419, 0.5709 -0.1304 0.2509, 0.5709 -0.085 0.2655, 0.5709 -0.1322 0.1513, 0.5709 -0.085 0.0883, 0.5709 -0.1391 0.1346, 0.5709 -0.134 0.1423, 0.5709 -0.1468 0.1295, 0.5709 -0.1558 0.1277, 0.5709 -0.2226 0.1513, 0.5709 -0.2698 0.2655, 0.5709 -0.2208 0.1423, 0.5709 -0.2157 0.1346, 0.5709 -0.2226 0.2419, 0.5709 -0.2462 0.2655, 0.5709 -0.2295 0.2586, 0.5709 -0.2244 0.2509, 0.5709 -0.2372 0.2637, 0.5315 -0.2295 0.2586, 0.5315 -0.2372 0.2637, 0.5315 -0.2462 0.2655, 0.5315 -0.2244 0.2509, 0.5315 -0.2226 0.2419, 0.5315 -0.2226 0.1513, 0.5315 -0.2698 0.2655, 0.5315 -0.1558 0.1277, 0.5315 -0.2698 0.0883, 0.5315 -0.199 0.1277, 0.5315 -0.2208 0.1423, 0.5315 -0.208 0.1295, 0.5315 -0.2157 0.1346, 0.5315 -0.085 0.0883, 0.5315 -0.1468 0.1295, 0.5315 -0.1391 0.1346, 0.5315 -0.134 0.1423, 0.5315 -0.1253 0.2586, 0.5315 -0.1176 0.2637, 0.5315 -0.1086 0.2655, 0.5315 -0.1322 0.1513, 0.5315 -0.1322 0.2419, 0.5315 -0.085 0.2655, 0.5315 -0.1304 0.2509, 0.5315 0.085 0.2655, 0.5709 0.085 0.2655, 0.5709 0.1086 0.2655, 0.5315 0.1086 0.2655, 0.5315 0.2462 0.2655, 0.5709 0.2698 0.2655, 0.5315 0.2698 0.2655, 0.5709 0.2462 0.2655, 0.5315 0.1558 0.1277, 0.5709 0.199 0.1277, 0.5315 0.199 0.1277, 0.5709 0.1558 0.1277, 0.5315 0.1468 0.1295, 0.5315 0.1391 0.1346, 0.5709 0.1391 0.1346, 0.5709 0.1468 0.1295, 0.5709 0.134 0.1423, 0.5315 0.134 0.1423, 0.5709 0.1322 0.1513, 0.5315 0.1322 0.1513, 0.5709 0.1322 0.2419, 0.5315 0.1322 0.2419, 0.5709 0.1253 0.2586, 0.5315 0.1253 0.2586, 0.5315 0.1176 0.2637, 0.5709 0.1176 0.2637, 0.5709 0.1304 0.2509, 0.5315 0.1304 0.2509, 0.5315 0.085 0.0883, 0.5315 0.2698 0.0883, 0.5315 0.208 0.1295, 0.5315 0.2157 0.1346, 0.5315 0.2208 0.1423, 0.5315 0.2295 0.2586, 0.5315 0.2372 0.2637, 0.5315 0.2226 0.1513, 0.5315 0.2226 0.2419, 0.5315 0.2244 0.2509, 0.5709 0.085 0.0883, 0.5709 0.2295 0.2586, 0.5709 0.2372 0.2637, 0.5709 0.2226 0.2419, 0.5709 0.2244 0.2509, 0.5709 0.2226 0.1513, 0.5709 0.2698 0.0883, 0.5709 0.2157 0.1346, 0.5709 0.2208 0.1423, 0.5709 0.208 0.1295, 0.7283 -0.208 0.1295, 0.7283 -0.2698 0.0883, 0.7283 -0.199 0.1277, 0.7283 -0.1253 0.2586, 0.7283 -0.1086 0.2655, 0.7283 -0.1176 0.2637, 0.7283 -0.1322 0.2419, 0.7283 -0.1304 0.2509, 0.7283 -0.085 0.2655, 0.7283 -0.1322 0.1513, 0.7283 -0.085 0.0883, 0.7283 -0.1391 0.1346, 0.7283 -0.134 0.1423, 0.7283 -0.1468 0.1295, 0.7283 -0.1558 0.1277, 0.7283 -0.2226 0.1513, 0.7283 -0.2698 0.2655, 0.7283 -0.2208 0.1423, 0.7283 -0.2157 0.1346, 0.7283 -0.2226 0.2419, 0.7283 -0.2462 0.2655, 0.7283 -0.2295 0.2586, 0.7283 -0.2244 0.2509, 0.7283 -0.2372 0.2637, 0.689 -0.2295 0.2586, 0.689 -0.2372 0.2637, 0.689 -0.2462 0.2655, 0.689 -0.2244 0.2509, 0.689 -0.2226 0.2419, 0.689 -0.2226 0.1513, 0.689 -0.2698 0.2655, 0.689 -0.1558 0.1277, 0.689 -0.2698 0.0883, 0.689 -0.199 0.1277, 0.689 -0.2208 0.1423, 0.689 -0.208 0.1295, 0.689 -0.2157 0.1346, 0.689 -0.085 0.0883, 0.689 -0.1468 0.1295, 0.689 -0.1391 0.1346, 0.689 -0.134 0.1423, 0.689 -0.1253 0.2586, 0.689 -0.1176 0.2637, 0.689 -0.1086 0.2655, 0.689 -0.1322 0.1513, 0.689 -0.1322 0.2419, 0.689 -0.085 0.2655, 0.689 -0.1304 0.2509, 0.689 0.085 0.2655, 0.7283 0.085 0.2655, 0.7283 0.1086 0.2655, 0.689 0.1086 0.2655, 0.689 0.2462 0.2655, 0.7283 0.2698 0.2655, 0.689 0.2698 0.2655, 0.7283 0.2462 0.2655, 0.689 0.1558 0.1277, 0.7283 0.199 0.1277, 0.689 0.199 0.1277, 0.7283 0.1558 0.1277, 0.689 0.1468 0.1295, 0.689 0.1391 0.1346, 0.7283 0.1391 0.1346, 0.7283 0.1468 0.1295, 0.7283 0.134 0.1423, 0.689 0.134 0.1423, 0.7283 0.1322 0.1513, 0.689 0.1322 0.1513, 0.7283 0.1322 0.2419, 0.689 0.1322 0.2419, 0.7283 0.1253 0.2586, 0.689 0.1253 0.2586, 0.689 0.1176 0.2637, 0.7283 0.1176 0.2637, 0.7283 0.1304 0.2509, 0.689 0.1304 0.2509, 0.689 0.085 0.0883, 0.689 0.2698 0.0883, 0.689 0.208 0.1295, 0.689 0.2157 0.1346, 0.689 0.2208 0.1423, 0.689 0.2295 0.2586, 0.689 0.2372 0.2637, 0.689 0.2226 0.1513, 0.689 0.2226 0.2419, 0.689 0.2244 0.2509, 0.7283 0.085 0.0883, 0.7283 0.2295 0.2586, 0.7283 0.2372 0.2637, 0.7283 0.2226 0.2419, 0.7283 0.2244 0.2509, 0.7283 0.2226 0.1513, 0.7283 0.2698 0.0883, 0.7283 0.2157 0.1346, 0.7283 0.2208 0.1423, 0.7283 0.208 0.1295, -0.689 -0.208 0.1295, -0.689 -0.2698 0.0883, -0.689 -0.199 0.1277, -0.689 -0.1253 0.2586, -0.689 -0.1086 0.2655, -0.689 -0.1176 0.2637, -0.689 -0.1322 0.2419, -0.689 -0.1304 0.2509, -0.689 -0.085 0.2655, -0.689 -0.1322 0.1513, -0.689 -0.085 0.0883, -0.689 -0.1391 0.1346, -0.689 -0.134 0.1423, -0.689 -0.1468 0.1295, -0.689 -0.1558 0.1277, -0.689 -0.2226 0.1513, -0.689 -0.2698 0.2655, -0.689 -0.2208 0.1423, -0.689 -0.2157 0.1346, -0.689 -0.2226 0.2419, -0.689 -0.2462 0.2655, -0.689 -0.2295 0.2586, -0.689 -0.2244 0.2509, -0.689 -0.2372 0.2637, -0.7283 -0.2295 0.2586, -0.7283 -0.2372 0.2637, -0.7283 -0.2462 0.2655, -0.7283 -0.2244 0.2509, -0.7283 -0.2226 0.2419, -0.7283 -0.2226 0.1513, -0.7283 -0.2698 0.2655, -0.7283 -0.1558 0.1277, -0.7283 -0.2698 0.0883, -0.7283 -0.199 0.1277, -0.7283 -0.2208 0.1423, -0.7283 -0.208 0.1295, -0.7283 -0.2157 0.1346, -0.7283 -0.085 0.0883, -0.7283 -0.1468 0.1295, -0.7283 -0.1391 0.1346, -0.7283 -0.134 0.1423, -0.7283 -0.1253 0.2586, -0.7283 -0.1176 0.2637, -0.7283 -0.1086 0.2655, -0.7283 -0.1322 0.1513, -0.7283 -0.1322 0.2419, -0.7283 -0.085 0.2655, -0.7283 -0.1304 0.2509, -0.7283 0.085 0.2655, -0.689 0.085 0.2655, -0.689 0.1086 0.2655, -0.7283 0.1086 0.2655, -0.7283 0.2462 0.2655, -0.689 0.2698 0.2655, -0.7283 0.2698 0.2655, -0.689 0.2462 0.2655, -0.7283 0.1558 0.1277, -0.689 0.199 0.1277, -0.7283 0.199 0.1277, -0.689 0.1558 0.1277, -0.7283 0.1468 0.1295, -0.7283 0.1391 0.1346, -0.689 0.1391 0.1346, -0.689 0.1468 0.1295, -0.689 0.134 0.1423, -0.7283 0.134 0.1423, -0.689 0.1322 0.1513, -0.7283 0.1322 0.1513, -0.689 0.1322 0.2419, -0.7283 0.1322 0.2419, -0.689 0.1253 0.2586, -0.7283 0.1253 0.2586, -0.7283 0.1176 0.2637, -0.689 0.1176 0.2637, -0.689 0.1304 0.2509, -0.7283 0.1304 0.2509, -0.7283 0.085 0.0883, -0.7283 0.2698 0.0883, -0.7283 0.208 0.1295, -0.7283 0.2157 0.1346, -0.7283 0.2208 0.1423, -0.7283 0.2295 0.2586, -0.7283 0.2372 0.2637, -0.7283 0.2226 0.1513, -0.7283 0.2226 0.2419, -0.7283 0.2244 0.2509, -0.689 0.085 0.0883, -0.689 0.2295 0.2586, -0.689 0.2372 0.2637, -0.689 0.2226 0.2419, -0.689 0.2244 0.2509, -0.689 0.2226 0.1513, -0.689 0.2698 0.0883, -0.689 0.2157 0.1346, -0.689 0.2208 0.1423, -0.689 0.208 0.1295, -0.8465 -0.208 0.1295, -0.8465 -0.2698 0.0883, -0.8465 -0.199 0.1277, -0.8465 -0.1253 0.2586, -0.8465 -0.1086 0.2655, -0.8465 -0.1176 0.2637, -0.8465 -0.1322 0.2419, -0.8465 -0.1304 0.2509, -0.8465 -0.085 0.2655, -0.8465 -0.1322 0.1513, -0.8465 -0.085 0.0883, -0.8465 -0.1391 0.1346, -0.8465 -0.134 0.1423, -0.8465 -0.1468 0.1295, -0.8465 -0.1558 0.1277, -0.8465 -0.2226 0.1513, -0.8465 -0.2698 0.2655, -0.8465 -0.2208 0.1423, -0.8465 -0.2157 0.1346, -0.8465 -0.2226 0.2419, -0.8465 -0.2462 0.2655, -0.8465 -0.2295 0.2586, -0.8465 -0.2244 0.2509, -0.8465 -0.2372 0.2637, -0.8858 -0.2295 0.2586, -0.8858 -0.2372 0.2637, -0.8858 -0.2462 0.2655, -0.8858 -0.2244 0.2509, -0.8858 -0.2226 0.2419, -0.8858 -0.2226 0.1513, -0.8858 -0.2698 0.2655, -0.8858 -0.1558 0.1277, -0.8858 -0.2698 0.0883, -0.8858 -0.199 0.1277, -0.8858 -0.2208 0.1423, -0.8858 -0.208 0.1295, -0.8858 -0.2157 0.1346, -0.8858 -0.085 0.0883, -0.8858 -0.1468 0.1295, -0.8858 -0.1391 0.1346, -0.8858 -0.134 0.1423, -0.8858 -0.1253 0.2586, -0.8858 -0.1176 0.2637, -0.8858 -0.1086 0.2655, -0.8858 -0.1322 0.1513, -0.8858 -0.1322 0.2419, -0.8858 -0.085 0.2655, -0.8858 -0.1304 0.2509, -0.8858 0.085 0.2655, -0.8465 0.085 0.2655, -0.8465 0.1086 0.2655, -0.8858 0.1086 0.2655, -0.8858 0.2462 0.2655, -0.8465 0.2698 0.2655, -0.8858 0.2698 0.2655, -0.8465 0.2462 0.2655, -0.8858 0.1558 0.1277, -0.8465 0.199 0.1277, -0.8858 0.199 0.1277, -0.8465 0.1558 0.1277, -0.8858 0.1468 0.1295, -0.8858 0.1391 0.1346, -0.8465 0.1391 0.1346, -0.8465 0.1468 0.1295, -0.8465 0.134 0.1423, -0.8858 0.134 0.1423, -0.8465 0.1322 0.1513, -0.8858 0.1322 0.1513, -0.8465 0.1322 0.2419, -0.8858 0.1322 0.2419, -0.8465 0.1253 0.2586, -0.8858 0.1253 0.2586, -0.8858 0.1176 0.2637, -0.8465 0.1176 0.2637, -0.8465 0.1304 0.2509, -0.8858 0.1304 0.2509, -0.8858 0.085 0.0883, -0.8858 0.2698 0.0883, -0.8858 0.208 0.1295, -0.8858 0.2157 0.1346, -0.8858 0.2208 0.1423, -0.8858 0.2295 0.2586, -0.8858 0.2372 0.2637, -0.8858 0.2226 0.1513, -0.8858 0.2226 0.2419, -0.8858 0.2244 0.2509, -0.8465 0.085 0.0883, -0.8465 0.2295 0.2586, -0.8465 0.2372 0.2637, -0.8465 0.2226 0.2419, -0.8465 0.2244 0.2509, -0.8465 0.2226 0.1513, -0.8465 0.2698 0.0883, -0.8465 0.2157 0.1346, -0.8465 0.2208 0.1423, -0.8465 0.208 0.1295, 0.8858 -0.208 0.1295, 0.8858 -0.2698 0.0883, 0.8858 -0.199 0.1277, 0.8858 -0.1253 0.2586, 0.8858 -0.1086 0.2655, 0.8858 -0.1176 0.2637, 0.8858 -0.1322 0.2419, 0.8858 -0.1304 0.2509, 0.8858 -0.085 0.2655, 0.8858 -0.1322 0.1513, 0.8858 -0.085 0.0883, 0.8858 -0.1391 0.1346, 0.8858 -0.134 0.1423, 0.8858 -0.1468 0.1295, 0.8858 -0.1558 0.1277, 0.8858 -0.2226 0.1513, 0.8858 -0.2698 0.2655, 0.8858 -0.2208 0.1423, 0.8858 -0.2157 0.1346, 0.8858 -0.2226 0.2419, 0.8858 -0.2462 0.2655, 0.8858 -0.2295 0.2586, 0.8858 -0.2244 0.2509, 0.8858 -0.2372 0.2637, 0.8465 -0.2295 0.2586, 0.8465 -0.2372 0.2637, 0.8465 -0.2462 0.2655, 0.8465 -0.2244 0.2509, 0.8465 -0.2226 0.2419, 0.8465 -0.2226 0.1513, 0.8465 -0.2698 0.2655, 0.8465 -0.1558 0.1277, 0.8465 -0.2698 0.0883, 0.8465 -0.199 0.1277, 0.8465 -0.2208 0.1423, 0.8465 -0.208 0.1295, 0.8465 -0.2157 0.1346, 0.8465 -0.085 0.0883, 0.8465 -0.1468 0.1295, 0.8465 -0.1391 0.1346, 0.8465 -0.134 0.1423, 0.8465 -0.1253 0.2586, 0.8465 -0.1176 0.2637, 0.8465 -0.1086 0.2655, 0.8465 -0.1322 0.1513, 0.8465 -0.1322 0.2419, 0.8465 -0.085 0.2655, 0.8465 -0.1304 0.2509, 0.8465 0.085 0.2655, 0.8858 0.085 0.2655, 0.8858 0.1086 0.2655, 0.8465 0.1086 0.2655, 0.8465 0.2462 0.2655, 0.8858 0.2698 0.2655, 0.8465 0.2698 0.2655, 0.8858 0.2462 0.2655, 0.8465 0.1558 0.1277, 0.8858 0.199 0.1277, 0.8465 0.199 0.1277, 0.8858 0.1558 0.1277, 0.8465 0.1468 0.1295, 0.8465 0.1391 0.1346, 0.8858 0.1391 0.1346, 0.8858 0.1468 0.1295, 0.8858 0.134 0.1423, 0.8465 0.134 0.1423, 0.8858 0.1322 0.1513, 0.8465 0.1322 0.1513, 0.8858 0.1322 0.2419, 0.8465 0.1322 0.2419, 0.8858 0.1253 0.2586, 0.8465 0.1253 0.2586, 0.8465 0.1176 0.2637, 0.8858 0.1176 0.2637, 0.8858 0.1304 0.2509, 0.8465 0.1304 0.2509, 0.8465 0.085 0.0883, 0.8465 0.2698 0.0883, 0.8465 0.208 0.1295, 0.8465 0.2157 0.1346, 0.8465 0.2208 0.1423, 0.8465 0.2295 0.2586, 0.8465 0.2372 0.2637, 0.8465 0.2226 0.1513, 0.8465 0.2226 0.2419, 0.8465 0.2244 0.2509, 0.8858 0.085 0.0883, 0.8858 0.2295 0.2586, 0.8858 0.2372 0.2637, 0.8858 0.2226 0.2419, 0.8858 0.2244 0.2509, 0.8858 0.2226 0.1513, 0.8858 0.2698 0.0883, 0.8858 0.2157 0.1346, 0.8858 0.2208 0.1423, 0.8858 0.208 0.1295, 0.8858 0.3552 0.2655, 0.8858 0.4293 0.1474, 0.8858 0.4293 0.2655, 0.8858 0.3552 0.1474, 0.8465 0.3552 0.2655, 0.8465 0.3552 0.1474, 0.8465 0.4293 0.2655, 0.8465 0.4293 0.1474, 0.8465 -0.4293 0.2655, 0.8858 -0.3552 0.2655, 0.8465 -0.3552 0.2655, 0.8858 -0.4293 0.2655, 0.8465 -0.3552 0.1474, 0.8858 -0.3552 0.1474, 0.8858 -0.4293 0.1474, 0.8465 -0.4293 0.1474, -0.8858 -0.0642 0.0568, -0.8465 -0.0642 0.0568, -0.8465 -0.0642 0.0104, -0.8858 -0.0642 0.0104, -0.8858 -0.5118 0.0, -0.8858 -0.4067 0.0104, -0.8858 -0.4331 0.0, -0.8858 -0.4317 0.0442, -0.8858 -0.3997 0.0568, -0.8858 -0.5118 0.0442, -0.8465 -0.3997 0.0568, -0.8465 -0.4317 0.0442, -0.8465 -0.5118 0.0, -0.8465 -0.4331 0.0, -0.8465 -0.4067 0.0104, -0.8465 -0.5118 0.0442, -0.8858 0.0642 0.0568, -0.8465 0.0642 0.0568, -0.8465 0.3997 0.0568, -0.8858 0.3997 0.0568, -0.8858 0.4317 0.0442, -0.8858 0.4067 0.0104, -0.8858 0.0642 0.0104, -0.8858 0.5118 0.0, -0.8858 0.4331 0.0, -0.8858 0.5118 0.0442, -0.8465 0.0642 0.0104, -0.8465 0.4317 0.0442, -0.8465 0.4067 0.0104, -0.8465 0.5118 0.0442, -0.8465 0.4331 0.0, -0.8465 0.5118 0.0, -0.7283 -0.0642 0.0568, -0.689 -0.0642 0.0568, -0.689 -0.0642 0.0104, -0.7283 -0.0642 0.0104, -0.7283 -0.5118 0.0, -0.7283 -0.4067 0.0104, -0.7283 -0.4331 0.0, -0.7283 -0.4317 0.0442, -0.7283 -0.3997 0.0568, -0.7283 -0.5118 0.0442, -0.689 -0.3997 0.0568, -0.689 -0.4317 0.0442, -0.689 -0.5118 0.0, -0.689 -0.4331 0.0, -0.689 -0.4067 0.0104, -0.689 -0.5118 0.0442, -0.7283 0.0642 0.0568, -0.689 0.0642 0.0568, -0.689 0.3997 0.0568, -0.7283 0.3997 0.0568, -0.7283 0.4317 0.0442, -0.7283 0.4067 0.0104, -0.7283 0.0642 0.0104, -0.7283 0.5118 0.0, -0.7283 0.4331 0.0, -0.7283 0.5118 0.0442, -0.689 0.0642 0.0104, -0.689 0.4317 0.0442, -0.689 0.4067 0.0104, -0.689 0.5118 0.0442, -0.689 0.4331 0.0, -0.689 0.5118 0.0, -0.5709 -0.0642 0.0568, -0.5315 -0.0642 0.0568, -0.5315 -0.0642 0.0104, -0.5709 -0.0642 0.0104, -0.5709 -0.5118 0.0, -0.5709 -0.4067 0.0104, -0.5709 -0.4331 0.0, -0.5709 -0.4317 0.0442, -0.5709 -0.3997 0.0568, -0.5709 -0.5118 0.0442, -0.5315 -0.3997 0.0568, -0.5315 -0.4317 0.0442, -0.5315 -0.5118 0.0, -0.5315 -0.4331 0.0, -0.5315 -0.4067 0.0104, -0.5315 -0.5118 0.0442, -0.5709 0.0642 0.0568, -0.5315 0.0642 0.0568, -0.5315 0.3997 0.0568, -0.5709 0.3997 0.0568, -0.5709 0.4317 0.0442, -0.5709 0.4067 0.0104, -0.5709 0.0642 0.0104, -0.5709 0.5118 0.0, -0.5709 0.4331 0.0, -0.5709 0.5118 0.0442, -0.5315 0.0642 0.0104, -0.5315 0.4317 0.0442, -0.5315 0.4067 0.0104, -0.5315 0.5118 0.0442, -0.5315 0.4331 0.0, -0.5315 0.5118 0.0, -0.4134 -0.0642 0.0568, -0.374 -0.0642 0.0568, -0.374 -0.0642 0.0104, -0.4134 -0.0642 0.0104, -0.4134 -0.5118 0.0, -0.4134 -0.4067 0.0104, -0.4134 -0.4331 0.0, -0.4134 -0.4317 0.0442, -0.4134 -0.3997 0.0568, -0.4134 -0.5118 0.0442, -0.374 -0.3997 0.0568, -0.374 -0.4317 0.0442, -0.374 -0.5118 0.0, -0.374 -0.4331 0.0, -0.374 -0.4067 0.0104, -0.374 -0.5118 0.0442, -0.4134 0.0642 0.0568, -0.374 0.0642 0.0568, -0.374 0.3997 0.0568, -0.4134 0.3997 0.0568, -0.4134 0.4317 0.0442, -0.4134 0.4067 0.0104, -0.4134 0.0642 0.0104, -0.4134 0.5118 0.0, -0.4134 0.4331 0.0, -0.4134 0.5118 0.0442, -0.374 0.0642 0.0104, -0.374 0.4317 0.0442, -0.374 0.4067 0.0104, -0.374 0.5118 0.0442, -0.374 0.4331 0.0, -0.374 0.5118 0.0, -0.2559 -0.0642 0.0568, -0.2165 -0.0642 0.0568, -0.2165 -0.0642 0.0104, -0.2559 -0.0642 0.0104, -0.2559 -0.5118 0.0, -0.2559 -0.4067 0.0104, -0.2559 -0.4331 0.0, -0.2559 -0.4317 0.0442, -0.2559 -0.3997 0.0568, -0.2559 -0.5118 0.0442, -0.2165 -0.3997 0.0568, -0.2165 -0.4317 0.0442, -0.2165 -0.5118 0.0, -0.2165 -0.4331 0.0, -0.2165 -0.4067 0.0104, -0.2165 -0.5118 0.0442, -0.2559 0.0642 0.0568, -0.2165 0.0642 0.0568, -0.2165 0.3997 0.0568, -0.2559 0.3997 0.0568, -0.2559 0.4317 0.0442, -0.2559 0.4067 0.0104, -0.2559 0.0642 0.0104, -0.2559 0.5118 0.0, -0.2559 0.4331 0.0, -0.2559 0.5118 0.0442, -0.2165 0.0642 0.0104, -0.2165 0.4317 0.0442, -0.2165 0.4067 0.0104, -0.2165 0.5118 0.0442, -0.2165 0.4331 0.0, -0.2165 0.5118 0.0, -0.0984 -0.0642 0.0568, -0.0591 -0.0642 0.0568, -0.0591 -0.0642 0.0104, -0.0984 -0.0642 0.0104, -0.0984 -0.5118 0.0, -0.0984 -0.4067 0.0104, -0.0984 -0.4331 0.0, -0.0984 -0.4317 0.0442, -0.0984 -0.3997 0.0568, -0.0984 -0.5118 0.0442, -0.0591 -0.3997 0.0568, -0.0591 -0.4317 0.0442, -0.0591 -0.5118 0.0, -0.0591 -0.4331 0.0, -0.0591 -0.4067 0.0104, -0.0591 -0.5118 0.0442, -0.0984 0.0642 0.0568, -0.0591 0.0642 0.0568, -0.0591 0.3997 0.0568, -0.0984 0.3997 0.0568, -0.0984 0.4317 0.0442, -0.0984 0.4067 0.0104, -0.0984 0.0642 0.0104, -0.0984 0.5118 0.0, -0.0984 0.4331 0.0, -0.0984 0.5118 0.0442, -0.0591 0.0642 0.0104, -0.0591 0.4317 0.0442, -0.0591 0.4067 0.0104, -0.0591 0.5118 0.0442, -0.0591 0.4331 0.0, -0.0591 0.5118 0.0, 0.0591 -0.0642 0.0568, 0.0984 -0.0642 0.0568, 0.0984 -0.0642 0.0104, 0.0591 -0.0642 0.0104, 0.0591 -0.5118 0.0, 0.0591 -0.4067 0.0104, 0.0591 -0.4331 0.0, 0.0591 -0.4317 0.0442, 0.0591 -0.3997 0.0568, 0.0591 -0.5118 0.0442, 0.0984 -0.3997 0.0568, 0.0984 -0.4317 0.0442, 0.0984 -0.5118 0.0, 0.0984 -0.4331 0.0, 0.0984 -0.4067 0.0104, 0.0984 -0.5118 0.0442, 0.0591 0.0642 0.0568, 0.0984 0.0642 0.0568, 0.0984 0.3997 0.0568, 0.0591 0.3997 0.0568, 0.0591 0.4317 0.0442, 0.0591 0.4067 0.0104, 0.0591 0.0642 0.0104, 0.0591 0.5118 0.0, 0.0591 0.4331 0.0, 0.0591 0.5118 0.0442, 0.0984 0.0642 0.0104, 0.0984 0.4317 0.0442, 0.0984 0.4067 0.0104, 0.0984 0.5118 0.0442, 0.0984 0.4331 0.0, 0.0984 0.5118 0.0, 0.2165 -0.0642 0.0568, 0.2559 -0.0642 0.0568, 0.2559 -0.0642 0.0104, 0.2165 -0.0642 0.0104, 0.2165 -0.5118 0.0, 0.2165 -0.4067 0.0104, 0.2165 -0.4331 0.0, 0.2165 -0.4317 0.0442, 0.2165 -0.3997 0.0568, 0.2165 -0.5118 0.0442, 0.2559 -0.3997 0.0568, 0.2559 -0.4317 0.0442, 0.2559 -0.5118 0.0, 0.2559 -0.4331 0.0, 0.2559 -0.4067 0.0104, 0.2559 -0.5118 0.0442, 0.2165 0.0642 0.0568, 0.2559 0.0642 0.0568, 0.2559 0.3997 0.0568, 0.2165 0.3997 0.0568, 0.2165 0.4317 0.0442, 0.2165 0.4067 0.0104, 0.2165 0.0642 0.0104, 0.2165 0.5118 0.0, 0.2165 0.4331 0.0, 0.2165 0.5118 0.0442, 0.2559 0.0642 0.0104, 0.2559 0.4317 0.0442, 0.2559 0.4067 0.0104, 0.2559 0.5118 0.0442, 0.2559 0.4331 0.0, 0.2559 0.5118 0.0, 0.374 -0.0642 0.0568, 0.4134 -0.0642 0.0568, 0.4134 -0.0642 0.0104, 0.374 -0.0642 0.0104, 0.374 -0.5118 0.0, 0.374 -0.4067 0.0104, 0.374 -0.4331 0.0, 0.374 -0.4317 0.0442, 0.374 -0.3997 0.0568, 0.374 -0.5118 0.0442, 0.4134 -0.3997 0.0568, 0.4134 -0.4317 0.0442, 0.4134 -0.5118 0.0, 0.4134 -0.4331 0.0, 0.4134 -0.4067 0.0104, 0.4134 -0.5118 0.0442, 0.374 0.0642 0.0568, 0.4134 0.0642 0.0568, 0.4134 0.3997 0.0568, 0.374 0.3997 0.0568, 0.374 0.4317 0.0442, 0.374 0.4067 0.0104, 0.374 0.0642 0.0104, 0.374 0.5118 0.0, 0.374 0.4331 0.0, 0.374 0.5118 0.0442, 0.4134 0.0642 0.0104, 0.4134 0.4317 0.0442, 0.4134 0.4067 0.0104, 0.4134 0.5118 0.0442, 0.4134 0.4331 0.0, 0.4134 0.5118 0.0, 0.5315 -0.0642 0.0568, 0.5709 -0.0642 0.0568, 0.5709 -0.0642 0.0104, 0.5315 -0.0642 0.0104, 0.5315 -0.5118 0.0, 0.5315 -0.4067 0.0104, 0.5315 -0.4331 0.0, 0.5315 -0.4317 0.0442, 0.5315 -0.3997 0.0568, 0.5315 -0.5118 0.0442, 0.5709 -0.3997 0.0568, 0.5709 -0.4317 0.0442, 0.5709 -0.5118 0.0, 0.5709 -0.4331 0.0, 0.5709 -0.4067 0.0104, 0.5709 -0.5118 0.0442, 0.5315 0.0642 0.0568, 0.5709 0.0642 0.0568, 0.5709 0.3997 0.0568, 0.5315 0.3997 0.0568, 0.5315 0.4317 0.0442, 0.5315 0.4067 0.0104, 0.5315 0.0642 0.0104, 0.5315 0.5118 0.0, 0.5315 0.4331 0.0, 0.5315 0.5118 0.0442, 0.5709 0.0642 0.0104, 0.5709 0.4317 0.0442, 0.5709 0.4067 0.0104, 0.5709 0.5118 0.0442, 0.5709 0.4331 0.0, 0.5709 0.5118 0.0, 0.689 -0.0642 0.0568, 0.7283 -0.0642 0.0568, 0.7283 -0.0642 0.0104, 0.689 -0.0642 0.0104, 0.689 -0.5118 0.0, 0.689 -0.4067 0.0104, 0.689 -0.4331 0.0, 0.689 -0.4317 0.0442, 0.689 -0.3997 0.0568, 0.689 -0.5118 0.0442, 0.7283 -0.3997 0.0568, 0.7283 -0.4317 0.0442, 0.7283 -0.5118 0.0, 0.7283 -0.4331 0.0, 0.7283 -0.4067 0.0104, 0.7283 -0.5118 0.0442, 0.689 0.0642 0.0568, 0.7283 0.0642 0.0568, 0.7283 0.3997 0.0568, 0.689 0.3997 0.0568, 0.689 0.4317 0.0442, 0.689 0.4067 0.0104, 0.689 0.0642 0.0104, 0.689 0.5118 0.0, 0.689 0.4331 0.0, 0.689 0.5118 0.0442, 0.7283 0.0642 0.0104, 0.7283 0.4317 0.0442, 0.7283 0.4067 0.0104, 0.7283 0.5118 0.0442, 0.7283 0.4331 0.0, 0.7283 0.5118 0.0, 0.8465 -0.0642 0.0568, 0.8858 -0.0642 0.0568, 0.8858 -0.0642 0.0104, 0.8465 -0.0642 0.0104, 0.8465 -0.5118 0.0, 0.8465 -0.4067 0.0104, 0.8465 -0.4331 0.0, 0.8465 -0.4317 0.0442, 0.8465 -0.3997 0.0568, 0.8465 -0.5118 0.0442, 0.8858 -0.3997 0.0568, 0.8858 -0.4317 0.0442, 0.8858 -0.5118 0.0, 0.8858 -0.4331 0.0, 0.8858 -0.4067 0.0104, 0.8858 -0.5118 0.0442, 0.8465 0.0642 0.0568, 0.8858 0.0642 0.0568, 0.8858 0.3997 0.0568, 0.8465 0.3997 0.0568, 0.8465 0.4317 0.0442, 0.8465 0.4067 0.0104, 0.8465 0.0642 0.0104, 0.8465 0.5118 0.0, 0.8465 0.4331 0.0, 0.8465 0.5118 0.0442, 0.8858 0.0642 0.0104, 0.8858 0.4317 0.0442, 0.8858 0.4067 0.0104, 0.8858 0.5118 0.0442, 0.8858 0.4331 0.0, 0.8858 0.5118 0.0
            ]
        }
        coordIndex [
            0,1,2,-1,0,3,4,-1,3,0,2,-1,4,3,5,-1,6,2,1,-1,7,8,6,-1,6,1,7,-1,7,9,8,-1,10,9,11,-1,9,10,8,-1,12,13,14,-1,15,16,14,-1,12,14,16,-1,17,16,15,-1,18,13,12,-1,19,18,10,-1,18,19,13,-1,19,10,11,-1,9,20,11,-1,21,22,4,-1,22,9,7,-1,9,22,20,-1,0,4,22,-1,7,1,22,-1,21,23,22,-1,21,24,23,-1,23,25,26,-1,25,23,24,-1,27,28,29,-1,30,23,26,-1,31,32,30,-1,15,14,13,-1,29,31,33,-1,27,29,33,-1,11,20,15,-1,32,31,29,-1,30,32,23,-1,1,0,22,-1,11,15,19,-1,13,19,15,-1,34,35,36,-1,34,36,37,-1,38,39,40,-1,39,38,41,-1,20,42,17,-1,20,17,15,-1,29,43,32,-1,43,29,44,-1,45,46,47,-1,37,48,47,-1,45,47,48,-1,36,48,37,-1,49,46,45,-1,50,49,51,-1,49,50,46,-1,50,51,52,-1,53,34,52,-1,54,55,56,-1,55,53,57,-1,53,55,34,-1,58,56,55,-1,57,59,55,-1,54,60,55,-1,54,61,60,-1,60,62,63,-1,62,60,61,-1,64,65,38,-1,66,60,63,-1,67,40,66,-1,37,47,46,-1,38,67,68,-1,64,38,68,-1,52,34,37,-1,40,67,38,-1,66,40,60,-1,59,58,55,-1,52,37,50,-1,46,50,37,-1,34,69,35,-1,69,34,55,-1,70,69,71,-1,72,41,73,-1,74,41,75,-1,72,75,41,-1,39,74,76,-1,74,39,41,-1,77,39,76,-1,78,77,79,-1,77,76,79,-1,77,80,81,-1,77,78,80,-1,81,71,77,-1,82,35,69,-1,77,71,69,-1,83,69,84,-1,69,70,84,-1,69,83,82,-1,82,51,35,-1,35,51,36,-1,45,36,49,-1,36,51,49,-1,36,45,48,-1,51,53,52,-1,53,51,82,-1,58,59,84,-1,58,70,56,-1,70,58,84,-1,56,70,71,-1,83,84,59,-1,57,82,83,-1,83,59,57,-1,57,53,82,-1,56,71,81,-1,56,81,54,-1,4,85,21,-1,85,4,5,-1,80,78,62,-1,80,61,81,-1,61,80,62,-1,81,61,54,-1,63,62,78,-1,79,66,63,-1,63,78,79,-1,79,76,66,-1,67,76,74,-1,76,67,66,-1,64,72,73,-1,41,65,73,-1,64,73,65,-1,38,65,41,-1,68,72,64,-1,75,68,67,-1,68,75,72,-1,75,67,74,-1,86,87,25,-1,86,24,85,-1,24,86,25,-1,85,24,21,-1,26,25,87,-1,88,30,26,-1,26,87,88,-1,88,89,30,-1,31,89,90,-1,89,31,30,-1,27,91,92,-1,44,28,92,-1,27,92,28,-1,29,28,44,-1,33,91,27,-1,93,33,31,-1,33,93,91,-1,93,31,90,-1,3,94,5,-1,91,44,92,-1,90,44,93,-1,91,93,44,-1,43,90,89,-1,90,43,44,-1,95,43,89,-1,87,95,88,-1,95,89,88,-1,95,86,85,-1,95,87,86,-1,85,5,95,-1,8,42,94,-1,95,5,94,-1,6,94,2,-1,94,3,2,-1,94,6,8,-1,8,10,42,-1,42,10,17,-1,12,17,18,-1,17,10,18,-1,17,12,16,-1,43,23,32,-1,23,43,95,-1,96,97,98,-1,96,98,99,-1,99,98,100,-1,99,100,101,-1,101,100,102,-1,101,102,103,-1,103,102,97,-1,103,97,96,-1,100,98,97,-1,97,102,100,-1,104,105,106,-1,104,107,105,-1,108,106,105,-1,108,105,109,-1,109,105,107,-1,109,107,110,-1,110,107,104,-1,110,104,111,-1,111,104,106,-1,111,106,108,-1,112,113,114,-1,113,112,115,-1,116,117,115,-1,116,115,112,-1,118,117,116,-1,117,118,119,-1,114,119,118,-1,119,114,113,-1,116,112,114,-1,114,118,116,-1,120,121,122,-1,120,123,121,-1,121,124,122,-1,124,121,125,-1,123,126,125,-1,123,125,121,-1,120,126,123,-1,126,120,127,-1,122,127,120,-1,127,122,124,-1,128,129,130,-1,129,128,131,-1,132,133,131,-1,132,131,128,-1,134,133,132,-1,133,134,135,-1,130,135,134,-1,135,130,129,-1,132,128,130,-1,130,134,132,-1,136,137,138,-1,136,139,137,-1,137,140,138,-1,140,137,141,-1,139,142,141,-1,139,141,137,-1,136,142,139,-1,142,136,143,-1,138,143,136,-1,143,138,140,-1,144,145,146,-1,145,144,147,-1,148,149,147,-1,148,147,144,-1,150,149,148,-1,149,150,151,-1,146,151,150,-1,151,146,145,-1,148,144,146,-1,146,150,148,-1,152,153,154,-1,152,155,153,-1,153,156,154,-1,156,153,157,-1,155,158,157,-1,155,157,153,-1,152,158,155,-1,158,152,159,-1,154,159,152,-1,159,154,156,-1,160,161,162,-1,161,160,163,-1,164,165,163,-1,164,163,160,-1,166,165,164,-1,165,166,167,-1,162,167,166,-1,167,162,161,-1,164,160,162,-1,162,166,164,-1,168,169,170,-1,168,171,169,-1,169,172,170,-1,172,169,173,-1,171,174,173,-1,171,173,169,-1,168,174,171,-1,174,168,175,-1,170,175,168,-1,175,170,172,-1,176,177,178,-1,177,176,179,-1,180,181,179,-1,180,179,176,-1,182,181,180,-1,181,182,183,-1,178,183,182,-1,183,178,177,-1,180,176,178,-1,178,182,180,-1,184,185,186,-1,184,187,185,-1,185,188,186,-1,188,185,189,-1,187,190,189,-1,187,189,185,-1,184,190,187,-1,190,184,191,-1,186,191,184,-1,191,186,188,-1,192,193,194,-1,193,192,195,-1,196,197,195,-1,196,195,192,-1,198,197,196,-1,197,198,199,-1,194,199,198,-1,199,194,193,-1,196,192,194,-1,194,198,196,-1,200,201,202,-1,200,203,201,-1,201,204,202,-1,204,201,205,-1,203,206,205,-1,203,205,201,-1,200,206,203,-1,206,200,207,-1,202,207,200,-1,207,202,204,-1,208,209,210,-1,209,208,211,-1,212,213,211,-1,212,211,208,-1,214,213,212,-1,213,214,215,-1,210,215,214,-1,215,210,209,-1,212,208,210,-1,210,214,212,-1,216,217,218,-1,216,219,217,-1,217,220,218,-1,220,217,221,-1,219,222,221,-1,219,221,217,-1,216,222,219,-1,222,216,223,-1,218,223,216,-1,223,218,220,-1,224,225,226,-1,225,224,227,-1,228,229,227,-1,228,227,224,-1,230,229,228,-1,229,230,231,-1,226,231,230,-1,231,226,225,-1,228,224,226,-1,226,230,228,-1,232,233,234,-1,232,235,233,-1,233,236,234,-1,236,233,237,-1,235,238,237,-1,235,237,233,-1,232,238,235,-1,238,232,239,-1,234,239,232,-1,239,234,236,-1,240,241,242,-1,241,240,243,-1,244,245,243,-1,244,243,240,-1,246,245,244,-1,245,246,247,-1,242,247,246,-1,247,242,241,-1,244,240,242,-1,242,246,244,-1,248,249,250,-1,248,251,249,-1,249,252,250,-1,252,249,253,-1,251,254,253,-1,251,253,249,-1,248,254,251,-1,254,248,255,-1,250,255,248,-1,255,250,252,-1,256,257,258,-1,257,256,259,-1,260,261,259,-1,260,259,256,-1,262,261,260,-1,261,262,263,-1,258,263,262,-1,263,258,257,-1,260,256,258,-1,258,262,260,-1,264,265,266,-1,264,267,265,-1,265,268,266,-1,268,265,269,-1,267,270,269,-1,267,269,265,-1,264,270,267,-1,270,264,271,-1,266,271,264,-1,271,266,268,-1,272,273,274,-1,275,276,277,-1,278,276,279,-1,275,279,276,-1,280,278,281,-1,278,280,276,-1,282,280,281,-1,283,282,284,-1,282,281,284,-1,282,285,286,-1,282,283,285,-1,286,274,282,-1,287,288,273,-1,282,274,273,-1,289,273,290,-1,273,272,290,-1,273,289,287,-1,287,291,288,-1,288,291,292,-1,293,292,294,-1,292,291,294,-1,292,293,295,-1,293,296,297,-1,298,295,297,-1,293,297,295,-1,292,295,298,-1,294,296,293,-1,299,294,291,-1,294,299,296,-1,299,291,300,-1,301,302,300,-1,303,304,305,-1,304,301,306,-1,301,304,302,-1,307,305,304,-1,306,308,304,-1,303,309,304,-1,303,310,309,-1,309,311,312,-1,311,309,310,-1,313,314,315,-1,316,309,312,-1,317,318,316,-1,298,297,296,-1,315,317,319,-1,313,315,319,-1,300,302,298,-1,318,317,315,-1,316,318,309,-1,308,307,304,-1,300,298,299,-1,296,299,298,-1,302,288,292,-1,302,292,298,-1,315,280,318,-1,280,315,276,-1,320,321,322,-1,320,322,323,-1,324,325,326,-1,325,324,327,-1,302,273,288,-1,273,302,304,-1,313,275,277,-1,276,314,277,-1,313,277,314,-1,315,314,276,-1,319,275,313,-1,279,319,317,-1,319,279,275,-1,279,317,278,-1,317,281,278,-1,281,317,316,-1,285,283,311,-1,285,310,286,-1,310,285,311,-1,286,310,303,-1,312,311,283,-1,284,316,312,-1,312,283,284,-1,284,281,316,-1,305,274,286,-1,305,286,303,-1,328,329,330,-1,329,328,331,-1,307,308,290,-1,307,272,305,-1,272,307,290,-1,305,272,274,-1,289,290,308,-1,306,287,289,-1,289,308,306,-1,306,301,287,-1,291,301,300,-1,301,291,287,-1,332,333,334,-1,332,335,328,-1,335,332,334,-1,328,335,331,-1,336,334,333,-1,337,338,336,-1,336,333,337,-1,337,339,338,-1,340,339,341,-1,339,340,338,-1,342,343,344,-1,323,345,344,-1,342,344,345,-1,322,345,323,-1,346,343,342,-1,347,346,340,-1,346,347,343,-1,347,340,341,-1,339,320,341,-1,330,348,328,-1,348,339,337,-1,339,348,320,-1,332,328,348,-1,337,333,348,-1,330,349,348,-1,330,350,349,-1,349,351,352,-1,351,349,350,-1,353,354,324,-1,355,349,352,-1,356,326,355,-1,323,344,343,-1,324,356,357,-1,353,324,357,-1,341,320,323,-1,326,356,324,-1,355,326,349,-1,333,332,348,-1,341,323,347,-1,343,347,323,-1,320,358,321,-1,358,320,348,-1,335,358,331,-1,359,327,360,-1,361,327,362,-1,359,362,327,-1,325,361,363,-1,361,325,327,-1,364,325,363,-1,365,364,366,-1,364,363,366,-1,364,367,329,-1,364,365,367,-1,329,331,364,-1,338,321,358,-1,364,331,358,-1,336,358,334,-1,358,335,334,-1,358,336,338,-1,338,340,321,-1,321,340,322,-1,342,322,346,-1,322,340,346,-1,322,342,345,-1,367,365,351,-1,367,350,329,-1,350,367,351,-1,329,350,330,-1,352,351,365,-1,366,355,352,-1,352,365,366,-1,366,363,355,-1,356,363,361,-1,363,356,355,-1,353,359,360,-1,327,354,360,-1,353,360,354,-1,324,354,327,-1,357,359,353,-1,362,357,356,-1,357,362,359,-1,362,356,361,-1,325,349,326,-1,349,325,364,-1,280,309,318,-1,309,280,282,-1,368,369,370,-1,371,372,373,-1,374,372,375,-1,371,375,372,-1,376,374,377,-1,374,376,372,-1,378,376,377,-1,379,378,380,-1,378,377,380,-1,378,381,382,-1,378,379,381,-1,382,370,378,-1,383,384,369,-1,378,370,369,-1,385,369,386,-1,369,368,386,-1,369,385,383,-1,383,387,384,-1,384,387,388,-1,389,388,390,-1,388,387,390,-1,388,389,391,-1,389,392,393,-1,394,391,393,-1,389,393,391,-1,388,391,394,-1,390,392,389,-1,395,390,387,-1,390,395,392,-1,395,387,396,-1,397,398,396,-1,399,400,401,-1,400,397,402,-1,397,400,398,-1,403,401,400,-1,402,404,400,-1,399,405,400,-1,399,406,405,-1,405,407,408,-1,407,405,406,-1,409,410,411,-1,412,405,408,-1,413,414,412,-1,394,393,392,-1,411,413,415,-1,409,411,415,-1,396,398,394,-1,414,413,411,-1,412,414,405,-1,404,403,400,-1,396,394,395,-1,392,395,394,-1,398,384,388,-1,398,388,394,-1,411,376,414,-1,376,411,372,-1,416,417,418,-1,416,418,419,-1,420,421,422,-1,421,420,423,-1,398,369,384,-1,369,398,400,-1,409,371,373,-1,372,410,373,-1,409,373,410,-1,411,410,372,-1,415,371,409,-1,375,415,413,-1,415,375,371,-1,375,413,374,-1,413,377,374,-1,377,413,412,-1,381,379,407,-1,381,406,382,-1,406,381,407,-1,382,406,399,-1,408,407,379,-1,380,412,408,-1,408,379,380,-1,380,377,412,-1,401,370,382,-1,401,382,399,-1,424,425,426,-1,425,424,427,-1,403,404,386,-1,403,368,401,-1,368,403,386,-1,401,368,370,-1,385,386,404,-1,402,383,385,-1,385,404,402,-1,402,397,383,-1,387,397,396,-1,397,387,383,-1,428,429,430,-1,428,431,424,-1,431,428,430,-1,424,431,427,-1,432,430,429,-1,433,434,432,-1,432,429,433,-1,433,435,434,-1,436,435,437,-1,435,436,434,-1,438,439,440,-1,419,441,440,-1,438,440,441,-1,418,441,419,-1,442,439,438,-1,443,442,436,-1,442,443,439,-1,443,436,437,-1,435,416,437,-1,426,444,424,-1,444,435,433,-1,435,444,416,-1,428,424,444,-1,433,429,444,-1,426,445,444,-1,426,446,445,-1,445,447,448,-1,447,445,446,-1,449,450,420,-1,451,445,448,-1,452,422,451,-1,419,440,439,-1,420,452,453,-1,449,420,453,-1,437,416,419,-1,422,452,420,-1,451,422,445,-1,429,428,444,-1,437,419,443,-1,439,443,419,-1,416,454,417,-1,454,416,444,-1,431,454,427,-1,455,423,456,-1,457,423,458,-1,455,458,423,-1,421,457,459,-1,457,421,423,-1,460,421,459,-1,461,460,462,-1,460,459,462,-1,460,463,425,-1,460,461,463,-1,425,427,460,-1,434,417,454,-1,460,427,454,-1,432,454,430,-1,454,431,430,-1,454,432,434,-1,434,436,417,-1,417,436,418,-1,438,418,442,-1,418,436,442,-1,418,438,441,-1,463,461,447,-1,463,446,425,-1,446,463,447,-1,425,446,426,-1,448,447,461,-1,462,451,448,-1,448,461,462,-1,462,459,451,-1,452,459,457,-1,459,452,451,-1,449,455,456,-1,423,450,456,-1,449,456,450,-1,420,450,423,-1,453,455,449,-1,458,453,452,-1,453,458,455,-1,458,452,457,-1,421,445,422,-1,445,421,460,-1,376,405,414,-1,405,376,378,-1,464,465,466,-1,467,468,469,-1,470,468,471,-1,467,471,468,-1,472,470,473,-1,470,472,468,-1,474,472,473,-1,475,474,476,-1,474,473,476,-1,474,477,478,-1,474,475,477,-1,478,466,474,-1,479,480,465,-1,474,466,465,-1,481,465,482,-1,465,464,482,-1,465,481,479,-1,479,483,480,-1,480,483,484,-1,485,484,486,-1,484,483,486,-1,484,485,487,-1,485,488,489,-1,490,487,489,-1,485,489,487,-1,484,487,490,-1,486,488,485,-1,491,486,483,-1,486,491,488,-1,491,483,492,-1,493,494,492,-1,495,496,497,-1,496,493,498,-1,493,496,494,-1,499,497,496,-1,498,500,496,-1,495,501,496,-1,495,502,501,-1,501,503,504,-1,503,501,502,-1,505,506,507,-1,508,501,504,-1,509,510,508,-1,490,489,488,-1,507,509,511,-1,505,507,511,-1,492,494,490,-1,510,509,507,-1,508,510,501,-1,500,499,496,-1,492,490,491,-1,488,491,490,-1,494,480,484,-1,494,484,490,-1,507,472,510,-1,472,507,468,-1,512,513,514,-1,512,514,515,-1,516,517,518,-1,517,516,519,-1,494,465,480,-1,465,494,496,-1,505,467,469,-1,468,506,469,-1,505,469,506,-1,507,506,468,-1,511,467,505,-1,471,511,509,-1,511,471,467,-1,471,509,470,-1,509,473,470,-1,473,509,508,-1,477,475,503,-1,477,502,478,-1,502,477,503,-1,478,502,495,-1,504,503,475,-1,476,508,504,-1,504,475,476,-1,476,473,508,-1,497,466,478,-1,497,478,495,-1,520,521,522,-1,521,520,523,-1,499,500,482,-1,499,464,497,-1,464,499,482,-1,497,464,466,-1,481,482,500,-1,498,479,481,-1,481,500,498,-1,498,493,479,-1,483,493,492,-1,493,483,479,-1,524,525,526,-1,524,527,520,-1,527,524,526,-1,520,527,523,-1,528,526,525,-1,529,530,528,-1,528,525,529,-1,529,531,530,-1,532,531,533,-1,531,532,530,-1,534,535,536,-1,515,537,536,-1,534,536,537,-1,514,537,515,-1,538,535,534,-1,539,538,532,-1,538,539,535,-1,539,532,533,-1,531,512,533,-1,522,540,520,-1,540,531,529,-1,531,540,512,-1,524,520,540,-1,529,525,540,-1,522,541,540,-1,522,542,541,-1,541,543,544,-1,543,541,542,-1,545,546,516,-1,547,541,544,-1,548,518,547,-1,515,536,535,-1,516,548,549,-1,545,516,549,-1,533,512,515,-1,518,548,516,-1,547,518,541,-1,525,524,540,-1,533,515,539,-1,535,539,515,-1,512,550,513,-1,550,512,540,-1,527,550,523,-1,551,519,552,-1,553,519,554,-1,551,554,519,-1,517,553,555,-1,553,517,519,-1,556,517,555,-1,557,556,558,-1,556,555,558,-1,556,559,521,-1,556,557,559,-1,521,523,556,-1,530,513,550,-1,556,523,550,-1,528,550,526,-1,550,527,526,-1,550,528,530,-1,530,532,513,-1,513,532,514,-1,534,514,538,-1,514,532,538,-1,514,534,537,-1,559,557,543,-1,559,542,521,-1,542,559,543,-1,521,542,522,-1,544,543,557,-1,558,547,544,-1,544,557,558,-1,558,555,547,-1,548,555,553,-1,555,548,547,-1,545,551,552,-1,519,546,552,-1,545,552,546,-1,516,546,519,-1,549,551,545,-1,554,549,548,-1,549,554,551,-1,554,548,553,-1,517,541,518,-1,541,517,556,-1,472,501,510,-1,501,472,474,-1,560,561,562,-1,563,564,565,-1,566,564,567,-1,563,567,564,-1,568,566,569,-1,566,568,564,-1,570,568,569,-1,571,570,572,-1,570,569,572,-1,570,573,574,-1,570,571,573,-1,574,562,570,-1,575,576,561,-1,570,562,561,-1,577,561,578,-1,561,560,578,-1,561,577,575,-1,575,579,576,-1,576,579,580,-1,581,580,582,-1,580,579,582,-1,580,581,583,-1,581,584,585,-1,586,583,585,-1,581,585,583,-1,580,583,586,-1,582,584,581,-1,587,582,579,-1,582,587,584,-1,587,579,588,-1,589,590,588,-1,591,592,593,-1,592,589,594,-1,589,592,590,-1,595,593,592,-1,594,596,592,-1,591,597,592,-1,591,598,597,-1,597,599,600,-1,599,597,598,-1,601,602,603,-1,604,597,600,-1,605,606,604,-1,586,585,584,-1,603,605,607,-1,601,603,607,-1,588,590,586,-1,606,605,603,-1,604,606,597,-1,596,595,592,-1,588,586,587,-1,584,587,586,-1,590,576,580,-1,590,580,586,-1,603,568,606,-1,568,603,564,-1,608,609,610,-1,608,610,611,-1,612,613,614,-1,613,612,615,-1,590,561,576,-1,561,590,592,-1,601,563,565,-1,564,602,565,-1,601,565,602,-1,603,602,564,-1,607,563,601,-1,567,607,605,-1,607,567,563,-1,567,605,566,-1,605,569,566,-1,569,605,604,-1,573,571,599,-1,573,598,574,-1,598,573,599,-1,574,598,591,-1,600,599,571,-1,572,604,600,-1,600,571,572,-1,572,569,604,-1,593,562,574,-1,593,574,591,-1,616,617,618,-1,617,616,619,-1,595,596,578,-1,595,560,593,-1,560,595,578,-1,593,560,562,-1,577,578,596,-1,594,575,577,-1,577,596,594,-1,594,589,575,-1,579,589,588,-1,589,579,575,-1,620,621,622,-1,620,623,616,-1,623,620,622,-1,616,623,619,-1,624,622,621,-1,625,626,624,-1,624,621,625,-1,625,627,626,-1,628,627,629,-1,627,628,626,-1,630,631,632,-1,611,633,632,-1,630,632,633,-1,610,633,611,-1,634,631,630,-1,635,634,628,-1,634,635,631,-1,635,628,629,-1,627,608,629,-1,618,636,616,-1,636,627,625,-1,627,636,608,-1,620,616,636,-1,625,621,636,-1,618,637,636,-1,618,638,637,-1,637,639,640,-1,639,637,638,-1,641,642,612,-1,643,637,640,-1,644,614,643,-1,611,632,631,-1,612,644,645,-1,641,612,645,-1,629,608,611,-1,614,644,612,-1,643,614,637,-1,621,620,636,-1,629,611,635,-1,631,635,611,-1,608,646,609,-1,646,608,636,-1,623,646,619,-1,647,615,648,-1,649,615,650,-1,647,650,615,-1,613,649,651,-1,649,613,615,-1,652,613,651,-1,653,652,654,-1,652,651,654,-1,652,655,617,-1,652,653,655,-1,617,619,652,-1,626,609,646,-1,652,619,646,-1,624,646,622,-1,646,623,622,-1,646,624,626,-1,626,628,609,-1,609,628,610,-1,630,610,634,-1,610,628,634,-1,610,630,633,-1,655,653,639,-1,655,638,617,-1,638,655,639,-1,617,638,618,-1,640,639,653,-1,654,643,640,-1,640,653,654,-1,654,651,643,-1,644,651,649,-1,651,644,643,-1,641,647,648,-1,615,642,648,-1,641,648,642,-1,612,642,615,-1,645,647,641,-1,650,645,644,-1,645,650,647,-1,650,644,649,-1,613,637,614,-1,637,613,652,-1,568,597,606,-1,597,568,570,-1,656,657,658,-1,659,660,661,-1,662,660,663,-1,659,663,660,-1,664,662,665,-1,662,664,660,-1,666,664,665,-1,667,666,668,-1,666,665,668,-1,666,669,670,-1,666,667,669,-1,670,658,666,-1,671,672,657,-1,666,658,657,-1,673,657,674,-1,657,656,674,-1,657,673,671,-1,671,675,672,-1,672,675,676,-1,677,676,678,-1,676,675,678,-1,676,677,679,-1,677,680,681,-1,682,679,681,-1,677,681,679,-1,676,679,682,-1,678,680,677,-1,683,678,675,-1,678,683,680,-1,683,675,684,-1,685,686,684,-1,687,688,689,-1,688,685,690,-1,685,688,686,-1,691,689,688,-1,690,692,688,-1,687,693,688,-1,687,694,693,-1,693,695,696,-1,695,693,694,-1,697,698,699,-1,700,693,696,-1,701,702,700,-1,682,681,680,-1,699,701,703,-1,697,699,703,-1,684,686,682,-1,702,701,699,-1,700,702,693,-1,692,691,688,-1,684,682,683,-1,680,683,682,-1,686,672,676,-1,686,676,682,-1,699,664,702,-1,664,699,660,-1,704,705,706,-1,704,706,707,-1,708,709,710,-1,709,708,711,-1,686,657,672,-1,657,686,688,-1,697,659,661,-1,660,698,661,-1,697,661,698,-1,699,698,660,-1,703,659,697,-1,663,703,701,-1,703,663,659,-1,663,701,662,-1,701,665,662,-1,665,701,700,-1,669,667,695,-1,669,694,670,-1,694,669,695,-1,670,694,687,-1,696,695,667,-1,668,700,696,-1,696,667,668,-1,668,665,700,-1,689,658,670,-1,689,670,687,-1,712,713,714,-1,713,712,715,-1,691,692,674,-1,691,656,689,-1,656,691,674,-1,689,656,658,-1,673,674,692,-1,690,671,673,-1,673,692,690,-1,690,685,671,-1,675,685,684,-1,685,675,671,-1,716,717,718,-1,716,719,712,-1,719,716,718,-1,712,719,715,-1,720,718,717,-1,721,722,720,-1,720,717,721,-1,721,723,722,-1,724,723,725,-1,723,724,722,-1,726,727,728,-1,707,729,728,-1,726,728,729,-1,706,729,707,-1,730,727,726,-1,731,730,724,-1,730,731,727,-1,731,724,725,-1,723,704,725,-1,714,732,712,-1,732,723,721,-1,723,732,704,-1,716,712,732,-1,721,717,732,-1,714,733,732,-1,714,734,733,-1,733,735,736,-1,735,733,734,-1,737,738,708,-1,739,733,736,-1,740,710,739,-1,707,728,727,-1,708,740,741,-1,737,708,741,-1,725,704,707,-1,710,740,708,-1,739,710,733,-1,717,716,732,-1,725,707,731,-1,727,731,707,-1,704,742,705,-1,742,704,732,-1,719,742,715,-1,743,711,744,-1,745,711,746,-1,743,746,711,-1,709,745,747,-1,745,709,711,-1,748,709,747,-1,749,748,750,-1,748,747,750,-1,748,751,713,-1,748,749,751,-1,713,715,748,-1,722,705,742,-1,748,715,742,-1,720,742,718,-1,742,719,718,-1,742,720,722,-1,722,724,705,-1,705,724,706,-1,726,706,730,-1,706,724,730,-1,706,726,729,-1,751,749,735,-1,751,734,713,-1,734,751,735,-1,713,734,714,-1,736,735,749,-1,750,739,736,-1,736,749,750,-1,750,747,739,-1,740,747,745,-1,747,740,739,-1,737,743,744,-1,711,738,744,-1,737,744,738,-1,708,738,711,-1,741,743,737,-1,746,741,740,-1,741,746,743,-1,746,740,745,-1,709,733,710,-1,733,709,748,-1,664,693,702,-1,693,664,666,-1,752,753,754,-1,755,756,757,-1,758,756,759,-1,755,759,756,-1,760,758,761,-1,758,760,756,-1,762,760,761,-1,763,762,764,-1,762,761,764,-1,762,765,766,-1,762,763,765,-1,766,754,762,-1,767,768,753,-1,762,754,753,-1,769,753,770,-1,753,752,770,-1,753,769,767,-1,767,771,768,-1,768,771,772,-1,773,772,774,-1,772,771,774,-1,772,773,775,-1,773,776,777,-1,778,775,777,-1,773,777,775,-1,772,775,778,-1,774,776,773,-1,779,774,771,-1,774,779,776,-1,779,771,780,-1,781,782,780,-1,783,784,785,-1,784,781,786,-1,781,784,782,-1,787,785,784,-1,786,788,784,-1,783,789,784,-1,783,790,789,-1,789,791,792,-1,791,789,790,-1,793,794,795,-1,796,789,792,-1,797,798,796,-1,778,777,776,-1,795,797,799,-1,793,795,799,-1,780,782,778,-1,798,797,795,-1,796,798,789,-1,788,787,784,-1,780,778,779,-1,776,779,778,-1,782,768,772,-1,782,772,778,-1,795,760,798,-1,760,795,756,-1,800,801,802,-1,800,802,803,-1,804,805,806,-1,805,804,807,-1,782,753,768,-1,753,782,784,-1,793,755,757,-1,756,794,757,-1,793,757,794,-1,795,794,756,-1,799,755,793,-1,759,799,797,-1,799,759,755,-1,759,797,758,-1,797,761,758,-1,761,797,796,-1,765,763,791,-1,765,790,766,-1,790,765,791,-1,766,790,783,-1,792,791,763,-1,764,796,792,-1,792,763,764,-1,764,761,796,-1,785,754,766,-1,785,766,783,-1,808,809,810,-1,809,808,811,-1,787,788,770,-1,787,752,785,-1,752,787,770,-1,785,752,754,-1,769,770,788,-1,786,767,769,-1,769,788,786,-1,786,781,767,-1,771,781,780,-1,781,771,767,-1,812,813,814,-1,812,815,808,-1,815,812,814,-1,808,815,811,-1,816,814,813,-1,817,818,816,-1,816,813,817,-1,817,819,818,-1,820,819,821,-1,819,820,818,-1,822,823,824,-1,803,825,824,-1,822,824,825,-1,802,825,803,-1,826,823,822,-1,827,826,820,-1,826,827,823,-1,827,820,821,-1,819,800,821,-1,810,828,808,-1,828,819,817,-1,819,828,800,-1,812,808,828,-1,817,813,828,-1,810,829,828,-1,810,830,829,-1,829,831,832,-1,831,829,830,-1,833,834,804,-1,835,829,832,-1,836,806,835,-1,803,824,823,-1,804,836,837,-1,833,804,837,-1,821,800,803,-1,806,836,804,-1,835,806,829,-1,813,812,828,-1,821,803,827,-1,823,827,803,-1,800,838,801,-1,838,800,828,-1,815,838,811,-1,839,807,840,-1,841,807,842,-1,839,842,807,-1,805,841,843,-1,841,805,807,-1,844,805,843,-1,845,844,846,-1,844,843,846,-1,844,847,809,-1,844,845,847,-1,809,811,844,-1,818,801,838,-1,844,811,838,-1,816,838,814,-1,838,815,814,-1,838,816,818,-1,818,820,801,-1,801,820,802,-1,822,802,826,-1,802,820,826,-1,802,822,825,-1,847,845,831,-1,847,830,809,-1,830,847,831,-1,809,830,810,-1,832,831,845,-1,846,835,832,-1,832,845,846,-1,846,843,835,-1,836,843,841,-1,843,836,835,-1,833,839,840,-1,807,834,840,-1,833,840,834,-1,804,834,807,-1,837,839,833,-1,842,837,836,-1,837,842,839,-1,842,836,841,-1,805,829,806,-1,829,805,844,-1,760,789,798,-1,789,760,762,-1,848,849,850,-1,851,852,853,-1,854,852,855,-1,851,855,852,-1,856,854,857,-1,854,856,852,-1,858,856,857,-1,859,858,860,-1,858,857,860,-1,858,861,862,-1,858,859,861,-1,862,850,858,-1,863,864,849,-1,858,850,849,-1,865,849,866,-1,849,848,866,-1,849,865,863,-1,863,867,864,-1,864,867,868,-1,869,868,870,-1,868,867,870,-1,868,869,871,-1,869,872,873,-1,874,871,873,-1,869,873,871,-1,868,871,874,-1,870,872,869,-1,875,870,867,-1,870,875,872,-1,875,867,876,-1,877,878,876,-1,879,880,881,-1,880,877,882,-1,877,880,878,-1,883,881,880,-1,882,884,880,-1,879,885,880,-1,879,886,885,-1,885,887,888,-1,887,885,886,-1,889,890,891,-1,892,885,888,-1,893,894,892,-1,874,873,872,-1,891,893,895,-1,889,891,895,-1,876,878,874,-1,894,893,891,-1,892,894,885,-1,884,883,880,-1,876,874,875,-1,872,875,874,-1,878,864,868,-1,878,868,874,-1,891,856,894,-1,856,891,852,-1,896,897,898,-1,896,898,899,-1,900,901,902,-1,901,900,903,-1,878,849,864,-1,849,878,880,-1,889,851,853,-1,852,890,853,-1,889,853,890,-1,891,890,852,-1,895,851,889,-1,855,895,893,-1,895,855,851,-1,855,893,854,-1,893,857,854,-1,857,893,892,-1,861,859,887,-1,861,886,862,-1,886,861,887,-1,862,886,879,-1,888,887,859,-1,860,892,888,-1,888,859,860,-1,860,857,892,-1,881,850,862,-1,881,862,879,-1,904,905,906,-1,905,904,907,-1,883,884,866,-1,883,848,881,-1,848,883,866,-1,881,848,850,-1,865,866,884,-1,882,863,865,-1,865,884,882,-1,882,877,863,-1,867,877,876,-1,877,867,863,-1,908,909,910,-1,908,911,904,-1,911,908,910,-1,904,911,907,-1,912,910,909,-1,913,914,912,-1,912,909,913,-1,913,915,914,-1,916,915,917,-1,915,916,914,-1,918,919,920,-1,899,921,920,-1,918,920,921,-1,898,921,899,-1,922,919,918,-1,923,922,916,-1,922,923,919,-1,923,916,917,-1,915,896,917,-1,906,924,904,-1,924,915,913,-1,915,924,896,-1,908,904,924,-1,913,909,924,-1,906,925,924,-1,906,926,925,-1,925,927,928,-1,927,925,926,-1,929,930,900,-1,931,925,928,-1,932,902,931,-1,899,920,919,-1,900,932,933,-1,929,900,933,-1,917,896,899,-1,902,932,900,-1,931,902,925,-1,909,908,924,-1,917,899,923,-1,919,923,899,-1,896,934,897,-1,934,896,924,-1,911,934,907,-1,935,903,936,-1,937,903,938,-1,935,938,903,-1,901,937,939,-1,937,901,903,-1,940,901,939,-1,941,940,942,-1,940,939,942,-1,940,943,905,-1,940,941,943,-1,905,907,940,-1,914,897,934,-1,940,907,934,-1,912,934,910,-1,934,911,910,-1,934,912,914,-1,914,916,897,-1,897,916,898,-1,918,898,922,-1,898,916,922,-1,898,918,921,-1,943,941,927,-1,943,926,905,-1,926,943,927,-1,905,926,906,-1,928,927,941,-1,942,931,928,-1,928,941,942,-1,942,939,931,-1,932,939,937,-1,939,932,931,-1,929,935,936,-1,903,930,936,-1,929,936,930,-1,900,930,903,-1,933,935,929,-1,938,933,932,-1,933,938,935,-1,938,932,937,-1,901,925,902,-1,925,901,940,-1,856,885,894,-1,885,856,858,-1,944,945,946,-1,947,948,949,-1,950,948,951,-1,947,951,948,-1,952,950,953,-1,950,952,948,-1,954,952,953,-1,955,954,956,-1,954,953,956,-1,954,957,958,-1,954,955,957,-1,958,946,954,-1,959,960,945,-1,954,946,945,-1,961,945,962,-1,945,944,962,-1,945,961,959,-1,959,963,960,-1,960,963,964,-1,965,964,966,-1,964,963,966,-1,964,965,967,-1,965,968,969,-1,970,967,969,-1,965,969,967,-1,964,967,970,-1,966,968,965,-1,971,966,963,-1,966,971,968,-1,971,963,972,-1,973,974,972,-1,975,976,977,-1,976,973,978,-1,973,976,974,-1,979,977,976,-1,978,980,976,-1,975,981,976,-1,975,982,981,-1,981,983,984,-1,983,981,982,-1,985,986,987,-1,988,981,984,-1,989,990,988,-1,970,969,968,-1,987,989,991,-1,985,987,991,-1,972,974,970,-1,990,989,987,-1,988,990,981,-1,980,979,976,-1,972,970,971,-1,968,971,970,-1,974,960,964,-1,974,964,970,-1,987,952,990,-1,952,987,948,-1,992,993,994,-1,992,994,995,-1,996,997,998,-1,997,996,999,-1,974,945,960,-1,945,974,976,-1,985,947,949,-1,948,986,949,-1,985,949,986,-1,987,986,948,-1,991,947,985,-1,951,991,989,-1,991,951,947,-1,951,989,950,-1,989,953,950,-1,953,989,988,-1,957,955,983,-1,957,982,958,-1,982,957,983,-1,958,982,975,-1,984,983,955,-1,956,988,984,-1,984,955,956,-1,956,953,988,-1,977,946,958,-1,977,958,975,-1,1000,1001,1002,-1,1001,1000,1003,-1,979,980,962,-1,979,944,977,-1,944,979,962,-1,977,944,946,-1,961,962,980,-1,978,959,961,-1,961,980,978,-1,978,973,959,-1,963,973,972,-1,973,963,959,-1,1004,1005,1006,-1,1004,1007,1000,-1,1007,1004,1006,-1,1000,1007,1003,-1,1008,1006,1005,-1,1009,1010,1008,-1,1008,1005,1009,-1,1009,1011,1010,-1,1012,1011,1013,-1,1011,1012,1010,-1,1014,1015,1016,-1,995,1017,1016,-1,1014,1016,1017,-1,994,1017,995,-1,1018,1015,1014,-1,1019,1018,1012,-1,1018,1019,1015,-1,1019,1012,1013,-1,1011,992,1013,-1,1002,1020,1000,-1,1020,1011,1009,-1,1011,1020,992,-1,1004,1000,1020,-1,1009,1005,1020,-1,1002,1021,1020,-1,1002,1022,1021,-1,1021,1023,1024,-1,1023,1021,1022,-1,1025,1026,996,-1,1027,1021,1024,-1,1028,998,1027,-1,995,1016,1015,-1,996,1028,1029,-1,1025,996,1029,-1,1013,992,995,-1,998,1028,996,-1,1027,998,1021,-1,1005,1004,1020,-1,1013,995,1019,-1,1015,1019,995,-1,992,1030,993,-1,1030,992,1020,-1,1007,1030,1003,-1,1031,999,1032,-1,1033,999,1034,-1,1031,1034,999,-1,997,1033,1035,-1,1033,997,999,-1,1036,997,1035,-1,1037,1036,1038,-1,1036,1035,1038,-1,1036,1039,1001,-1,1036,1037,1039,-1,1001,1003,1036,-1,1010,993,1030,-1,1036,1003,1030,-1,1008,1030,1006,-1,1030,1007,1006,-1,1030,1008,1010,-1,1010,1012,993,-1,993,1012,994,-1,1014,994,1018,-1,994,1012,1018,-1,994,1014,1017,-1,1039,1037,1023,-1,1039,1022,1001,-1,1022,1039,1023,-1,1001,1022,1002,-1,1024,1023,1037,-1,1038,1027,1024,-1,1024,1037,1038,-1,1038,1035,1027,-1,1028,1035,1033,-1,1035,1028,1027,-1,1025,1031,1032,-1,999,1026,1032,-1,1025,1032,1026,-1,996,1026,999,-1,1029,1031,1025,-1,1034,1029,1028,-1,1029,1034,1031,-1,1034,1028,1033,-1,997,1021,998,-1,1021,997,1036,-1,952,981,990,-1,981,952,954,-1,1040,1041,1042,-1,1043,1044,1045,-1,1046,1044,1047,-1,1043,1047,1044,-1,1048,1046,1049,-1,1046,1048,1044,-1,1050,1048,1049,-1,1051,1050,1052,-1,1050,1049,1052,-1,1050,1053,1054,-1,1050,1051,1053,-1,1054,1042,1050,-1,1055,1056,1041,-1,1050,1042,1041,-1,1057,1041,1058,-1,1041,1040,1058,-1,1041,1057,1055,-1,1055,1059,1056,-1,1056,1059,1060,-1,1061,1060,1062,-1,1060,1059,1062,-1,1060,1061,1063,-1,1061,1064,1065,-1,1066,1063,1065,-1,1061,1065,1063,-1,1060,1063,1066,-1,1062,1064,1061,-1,1067,1062,1059,-1,1062,1067,1064,-1,1067,1059,1068,-1,1069,1070,1068,-1,1071,1072,1073,-1,1072,1069,1074,-1,1069,1072,1070,-1,1075,1073,1072,-1,1074,1076,1072,-1,1071,1077,1072,-1,1071,1078,1077,-1,1077,1079,1080,-1,1079,1077,1078,-1,1081,1082,1083,-1,1084,1077,1080,-1,1085,1086,1084,-1,1066,1065,1064,-1,1083,1085,1087,-1,1081,1083,1087,-1,1068,1070,1066,-1,1086,1085,1083,-1,1084,1086,1077,-1,1076,1075,1072,-1,1068,1066,1067,-1,1064,1067,1066,-1,1070,1056,1060,-1,1070,1060,1066,-1,1083,1048,1086,-1,1048,1083,1044,-1,1088,1089,1090,-1,1088,1090,1091,-1,1092,1093,1094,-1,1093,1092,1095,-1,1070,1041,1056,-1,1041,1070,1072,-1,1081,1043,1045,-1,1044,1082,1045,-1,1081,1045,1082,-1,1083,1082,1044,-1,1087,1043,1081,-1,1047,1087,1085,-1,1087,1047,1043,-1,1047,1085,1046,-1,1085,1049,1046,-1,1049,1085,1084,-1,1053,1051,1079,-1,1053,1078,1054,-1,1078,1053,1079,-1,1054,1078,1071,-1,1080,1079,1051,-1,1052,1084,1080,-1,1080,1051,1052,-1,1052,1049,1084,-1,1073,1042,1054,-1,1073,1054,1071,-1,1096,1097,1098,-1,1097,1096,1099,-1,1075,1076,1058,-1,1075,1040,1073,-1,1040,1075,1058,-1,1073,1040,1042,-1,1057,1058,1076,-1,1074,1055,1057,-1,1057,1076,1074,-1,1074,1069,1055,-1,1059,1069,1068,-1,1069,1059,1055,-1,1100,1101,1102,-1,1100,1103,1096,-1,1103,1100,1102,-1,1096,1103,1099,-1,1104,1102,1101,-1,1105,1106,1104,-1,1104,1101,1105,-1,1105,1107,1106,-1,1108,1107,1109,-1,1107,1108,1106,-1,1110,1111,1112,-1,1091,1113,1112,-1,1110,1112,1113,-1,1090,1113,1091,-1,1114,1111,1110,-1,1115,1114,1108,-1,1114,1115,1111,-1,1115,1108,1109,-1,1107,1088,1109,-1,1098,1116,1096,-1,1116,1107,1105,-1,1107,1116,1088,-1,1100,1096,1116,-1,1105,1101,1116,-1,1098,1117,1116,-1,1098,1118,1117,-1,1117,1119,1120,-1,1119,1117,1118,-1,1121,1122,1092,-1,1123,1117,1120,-1,1124,1094,1123,-1,1091,1112,1111,-1,1092,1124,1125,-1,1121,1092,1125,-1,1109,1088,1091,-1,1094,1124,1092,-1,1123,1094,1117,-1,1101,1100,1116,-1,1109,1091,1115,-1,1111,1115,1091,-1,1088,1126,1089,-1,1126,1088,1116,-1,1103,1126,1099,-1,1127,1095,1128,-1,1129,1095,1130,-1,1127,1130,1095,-1,1093,1129,1131,-1,1129,1093,1095,-1,1132,1093,1131,-1,1133,1132,1134,-1,1132,1131,1134,-1,1132,1135,1097,-1,1132,1133,1135,-1,1097,1099,1132,-1,1106,1089,1126,-1,1132,1099,1126,-1,1104,1126,1102,-1,1126,1103,1102,-1,1126,1104,1106,-1,1106,1108,1089,-1,1089,1108,1090,-1,1110,1090,1114,-1,1090,1108,1114,-1,1090,1110,1113,-1,1135,1133,1119,-1,1135,1118,1097,-1,1118,1135,1119,-1,1097,1118,1098,-1,1120,1119,1133,-1,1134,1123,1120,-1,1120,1133,1134,-1,1134,1131,1123,-1,1124,1131,1129,-1,1131,1124,1123,-1,1121,1127,1128,-1,1095,1122,1128,-1,1121,1128,1122,-1,1092,1122,1095,-1,1125,1127,1121,-1,1130,1125,1124,-1,1125,1130,1127,-1,1130,1124,1129,-1,1093,1117,1094,-1,1117,1093,1132,-1,1048,1077,1086,-1,1077,1048,1050,-1,1136,1137,1138,-1,1139,1140,1141,-1,1142,1140,1143,-1,1139,1143,1140,-1,1144,1142,1145,-1,1142,1144,1140,-1,1146,1144,1145,-1,1147,1146,1148,-1,1146,1145,1148,-1,1146,1149,1150,-1,1146,1147,1149,-1,1150,1138,1146,-1,1151,1152,1137,-1,1146,1138,1137,-1,1153,1137,1154,-1,1137,1136,1154,-1,1137,1153,1151,-1,1151,1155,1152,-1,1152,1155,1156,-1,1157,1156,1158,-1,1156,1155,1158,-1,1156,1157,1159,-1,1157,1160,1161,-1,1162,1159,1161,-1,1157,1161,1159,-1,1156,1159,1162,-1,1158,1160,1157,-1,1163,1158,1155,-1,1158,1163,1160,-1,1163,1155,1164,-1,1165,1166,1164,-1,1167,1168,1169,-1,1168,1165,1170,-1,1165,1168,1166,-1,1171,1169,1168,-1,1170,1172,1168,-1,1167,1173,1168,-1,1167,1174,1173,-1,1173,1175,1176,-1,1175,1173,1174,-1,1177,1178,1179,-1,1180,1173,1176,-1,1181,1182,1180,-1,1162,1161,1160,-1,1179,1181,1183,-1,1177,1179,1183,-1,1164,1166,1162,-1,1182,1181,1179,-1,1180,1182,1173,-1,1172,1171,1168,-1,1164,1162,1163,-1,1160,1163,1162,-1,1166,1152,1156,-1,1166,1156,1162,-1,1179,1144,1182,-1,1144,1179,1140,-1,1184,1185,1186,-1,1184,1186,1187,-1,1188,1189,1190,-1,1189,1188,1191,-1,1137,1152,1166,-1,1137,1166,1168,-1,1177,1139,1141,-1,1140,1178,1141,-1,1177,1141,1178,-1,1179,1178,1140,-1,1183,1139,1177,-1,1143,1183,1181,-1,1183,1143,1139,-1,1143,1181,1142,-1,1181,1145,1142,-1,1145,1181,1180,-1,1149,1147,1175,-1,1149,1174,1150,-1,1174,1149,1175,-1,1150,1174,1167,-1,1176,1175,1147,-1,1148,1180,1176,-1,1176,1147,1148,-1,1148,1145,1180,-1,1169,1138,1150,-1,1169,1150,1167,-1,1192,1193,1194,-1,1193,1192,1195,-1,1171,1172,1154,-1,1171,1136,1169,-1,1136,1171,1154,-1,1169,1136,1138,-1,1153,1154,1172,-1,1170,1151,1153,-1,1153,1172,1170,-1,1170,1165,1151,-1,1155,1165,1164,-1,1165,1155,1151,-1,1196,1197,1198,-1,1196,1199,1192,-1,1199,1196,1198,-1,1192,1199,1195,-1,1200,1198,1197,-1,1201,1202,1200,-1,1200,1197,1201,-1,1201,1203,1202,-1,1204,1203,1205,-1,1203,1204,1202,-1,1206,1207,1208,-1,1187,1209,1208,-1,1206,1208,1209,-1,1186,1209,1187,-1,1210,1207,1206,-1,1211,1210,1204,-1,1210,1211,1207,-1,1211,1204,1205,-1,1203,1184,1205,-1,1194,1212,1192,-1,1212,1203,1201,-1,1203,1212,1184,-1,1196,1192,1212,-1,1201,1197,1212,-1,1194,1213,1212,-1,1194,1214,1213,-1,1213,1215,1216,-1,1215,1213,1214,-1,1217,1218,1188,-1,1219,1213,1216,-1,1220,1190,1219,-1,1187,1208,1207,-1,1188,1220,1221,-1,1217,1188,1221,-1,1205,1184,1187,-1,1190,1220,1188,-1,1219,1190,1213,-1,1197,1196,1212,-1,1205,1187,1211,-1,1207,1211,1187,-1,1222,1185,1184,-1,1222,1184,1212,-1,1199,1222,1195,-1,1223,1191,1224,-1,1225,1191,1226,-1,1223,1226,1191,-1,1189,1225,1227,-1,1225,1189,1191,-1,1228,1189,1227,-1,1229,1228,1230,-1,1228,1227,1230,-1,1228,1231,1193,-1,1228,1229,1231,-1,1193,1195,1228,-1,1202,1185,1222,-1,1228,1195,1222,-1,1200,1222,1198,-1,1222,1199,1198,-1,1222,1200,1202,-1,1202,1204,1185,-1,1185,1204,1186,-1,1206,1186,1210,-1,1186,1204,1210,-1,1186,1206,1209,-1,1231,1229,1215,-1,1231,1214,1193,-1,1214,1231,1215,-1,1193,1214,1194,-1,1216,1215,1229,-1,1230,1219,1216,-1,1216,1229,1230,-1,1230,1227,1219,-1,1220,1227,1225,-1,1227,1220,1219,-1,1217,1223,1224,-1,1191,1218,1224,-1,1217,1224,1218,-1,1188,1218,1191,-1,1221,1223,1217,-1,1226,1221,1220,-1,1221,1226,1223,-1,1226,1220,1225,-1,1213,1190,1189,-1,1213,1189,1228,-1,1173,1182,1144,-1,1173,1144,1146,-1,1232,1233,1234,-1,1235,1236,1237,-1,1238,1236,1239,-1,1235,1239,1236,-1,1240,1238,1241,-1,1238,1240,1236,-1,1242,1240,1241,-1,1243,1242,1244,-1,1242,1241,1244,-1,1242,1245,1246,-1,1242,1243,1245,-1,1246,1234,1242,-1,1247,1248,1233,-1,1242,1234,1233,-1,1249,1233,1250,-1,1233,1232,1250,-1,1233,1249,1247,-1,1247,1251,1248,-1,1248,1251,1252,-1,1253,1252,1254,-1,1252,1251,1254,-1,1252,1253,1255,-1,1253,1256,1257,-1,1258,1255,1257,-1,1253,1257,1255,-1,1252,1255,1258,-1,1254,1256,1253,-1,1259,1254,1251,-1,1254,1259,1256,-1,1259,1251,1260,-1,1261,1262,1260,-1,1263,1264,1265,-1,1264,1261,1266,-1,1261,1264,1262,-1,1267,1265,1264,-1,1266,1268,1264,-1,1263,1269,1264,-1,1263,1270,1269,-1,1269,1271,1272,-1,1271,1269,1270,-1,1273,1274,1275,-1,1276,1269,1272,-1,1277,1278,1276,-1,1258,1257,1256,-1,1275,1277,1279,-1,1273,1275,1279,-1,1260,1262,1258,-1,1278,1277,1275,-1,1276,1278,1269,-1,1268,1267,1264,-1,1260,1258,1259,-1,1256,1259,1258,-1,1262,1248,1252,-1,1262,1252,1258,-1,1275,1240,1278,-1,1240,1275,1236,-1,1280,1281,1282,-1,1280,1282,1283,-1,1284,1285,1286,-1,1285,1284,1287,-1,1262,1233,1248,-1,1233,1262,1264,-1,1273,1235,1237,-1,1236,1274,1237,-1,1273,1237,1274,-1,1275,1274,1236,-1,1279,1235,1273,-1,1239,1279,1277,-1,1279,1239,1235,-1,1239,1277,1238,-1,1277,1241,1238,-1,1241,1277,1276,-1,1245,1243,1271,-1,1245,1270,1246,-1,1270,1245,1271,-1,1246,1270,1263,-1,1272,1271,1243,-1,1244,1276,1272,-1,1272,1243,1244,-1,1244,1241,1276,-1,1265,1234,1246,-1,1265,1246,1263,-1,1288,1289,1290,-1,1289,1288,1291,-1,1267,1268,1250,-1,1267,1232,1265,-1,1232,1267,1250,-1,1265,1232,1234,-1,1249,1250,1268,-1,1266,1247,1249,-1,1249,1268,1266,-1,1266,1261,1247,-1,1251,1261,1260,-1,1261,1251,1247,-1,1292,1293,1294,-1,1292,1295,1288,-1,1295,1292,1294,-1,1288,1295,1291,-1,1296,1294,1293,-1,1297,1298,1296,-1,1296,1293,1297,-1,1297,1299,1298,-1,1300,1299,1301,-1,1299,1300,1298,-1,1302,1303,1304,-1,1283,1305,1304,-1,1302,1304,1305,-1,1282,1305,1283,-1,1306,1303,1302,-1,1307,1306,1300,-1,1306,1307,1303,-1,1307,1300,1301,-1,1299,1280,1301,-1,1290,1308,1288,-1,1308,1299,1297,-1,1299,1308,1280,-1,1292,1288,1308,-1,1297,1293,1308,-1,1290,1309,1308,-1,1290,1310,1309,-1,1309,1311,1312,-1,1311,1309,1310,-1,1313,1314,1284,-1,1315,1309,1312,-1,1316,1286,1315,-1,1283,1304,1303,-1,1284,1316,1317,-1,1313,1284,1317,-1,1301,1280,1283,-1,1286,1316,1284,-1,1315,1286,1309,-1,1293,1292,1308,-1,1301,1283,1307,-1,1303,1307,1283,-1,1280,1318,1281,-1,1318,1280,1308,-1,1295,1318,1291,-1,1319,1287,1320,-1,1321,1287,1322,-1,1319,1322,1287,-1,1285,1321,1323,-1,1321,1285,1287,-1,1324,1285,1323,-1,1325,1324,1326,-1,1324,1323,1326,-1,1324,1327,1289,-1,1324,1325,1327,-1,1289,1291,1324,-1,1298,1281,1318,-1,1324,1291,1318,-1,1296,1318,1294,-1,1318,1295,1294,-1,1318,1296,1298,-1,1298,1300,1281,-1,1281,1300,1282,-1,1302,1282,1306,-1,1282,1300,1306,-1,1282,1302,1305,-1,1327,1325,1311,-1,1327,1310,1289,-1,1310,1327,1311,-1,1289,1310,1290,-1,1312,1311,1325,-1,1326,1315,1312,-1,1312,1325,1326,-1,1326,1323,1315,-1,1316,1323,1321,-1,1323,1316,1315,-1,1313,1319,1320,-1,1287,1314,1320,-1,1313,1320,1314,-1,1284,1314,1287,-1,1317,1319,1313,-1,1322,1317,1316,-1,1317,1322,1319,-1,1322,1316,1321,-1,1285,1309,1286,-1,1309,1285,1324,-1,1240,1269,1278,-1,1269,1240,1242,-1,1328,1329,1330,-1,1329,1328,1331,-1,1332,1333,1331,-1,1332,1331,1328,-1,1334,1333,1332,-1,1333,1334,1335,-1,1330,1335,1334,-1,1335,1330,1329,-1,1332,1328,1330,-1,1330,1334,1332,-1,1336,1337,1338,-1,1336,1339,1337,-1,1337,1340,1338,-1,1340,1337,1341,-1,1339,1342,1341,-1,1339,1341,1337,-1,1336,1342,1339,-1,1342,1336,1343,-1,1338,1343,1336,-1,1343,1338,1340,-1,39,60,40,-1,60,39,77,-1,20,94,42,-1,94,20,22,-1,1344,1345,1346,-1,1344,1346,1347,-1,1348,1349,1350,-1,1351,1347,1349,-1,1352,1344,1351,-1,1349,1348,1353,-1,1353,1351,1349,-1,1347,1351,1344,-1,1352,1354,1345,-1,1352,1345,1344,-1,1355,1345,1354,-1,1356,1357,1358,-1,1358,1359,1356,-1,1355,1359,1358,-1,1358,1346,1355,-1,1346,1345,1355,-1,1347,1346,1358,-1,1347,1358,1349,-1,1349,1358,1357,-1,1349,1357,1350,-1,1350,1357,1356,-1,1350,1356,1348,-1,1348,1356,1359,-1,1348,1359,1353,-1,1353,1359,1355,-1,1353,1355,1351,-1,1351,1355,1354,-1,1351,1354,1352,-1,1360,1361,1362,-1,1360,1362,1363,-1,1364,1365,1366,-1,1365,1367,1368,-1,1365,1364,1369,-1,1367,1365,1369,-1,1363,1364,1360,-1,1366,1360,1364,-1,1366,1370,1361,-1,1366,1361,1360,-1,1371,1372,1373,-1,1371,1361,1370,-1,1372,1374,1375,-1,1375,1373,1372,-1,1372,1371,1370,-1,1371,1362,1361,-1,1363,1362,1371,-1,1363,1371,1364,-1,1364,1371,1373,-1,1364,1373,1369,-1,1369,1373,1375,-1,1369,1375,1367,-1,1367,1375,1374,-1,1367,1374,1368,-1,1368,1374,1372,-1,1368,1372,1365,-1,1365,1372,1370,-1,1365,1370,1366,-1,1376,1377,1378,-1,1376,1378,1379,-1,1380,1381,1382,-1,1383,1379,1381,-1,1384,1376,1383,-1,1381,1380,1385,-1,1385,1383,1381,-1,1379,1383,1376,-1,1384,1386,1377,-1,1384,1377,1376,-1,1387,1377,1386,-1,1388,1389,1390,-1,1390,1391,1388,-1,1387,1391,1390,-1,1390,1378,1387,-1,1378,1377,1387,-1,1379,1378,1390,-1,1379,1390,1381,-1,1381,1390,1389,-1,1381,1389,1382,-1,1382,1389,1388,-1,1382,1388,1380,-1,1380,1388,1391,-1,1380,1391,1385,-1,1385,1391,1387,-1,1385,1387,1383,-1,1383,1387,1386,-1,1383,1386,1384,-1,1392,1393,1394,-1,1392,1394,1395,-1,1396,1397,1398,-1,1397,1399,1400,-1,1397,1396,1401,-1,1399,1397,1401,-1,1395,1396,1392,-1,1398,1392,1396,-1,1398,1402,1393,-1,1398,1393,1392,-1,1403,1404,1405,-1,1403,1393,1402,-1,1404,1406,1407,-1,1407,1405,1404,-1,1404,1403,1402,-1,1403,1394,1393,-1,1395,1394,1403,-1,1395,1403,1396,-1,1396,1403,1405,-1,1396,1405,1401,-1,1401,1405,1407,-1,1401,1407,1399,-1,1399,1407,1406,-1,1399,1406,1400,-1,1400,1406,1404,-1,1400,1404,1397,-1,1397,1404,1402,-1,1397,1402,1398,-1,1408,1409,1410,-1,1408,1410,1411,-1,1412,1413,1414,-1,1415,1411,1413,-1,1416,1408,1415,-1,1413,1412,1417,-1,1417,1415,1413,-1,1411,1415,1408,-1,1416,1418,1409,-1,1416,1409,1408,-1,1419,1409,1418,-1,1420,1421,1422,-1,1422,1423,1420,-1,1419,1423,1422,-1,1422,1410,1419,-1,1410,1409,1419,-1,1411,1410,1422,-1,1411,1422,1413,-1,1413,1422,1421,-1,1413,1421,1414,-1,1414,1421,1420,-1,1414,1420,1412,-1,1412,1420,1423,-1,1412,1423,1417,-1,1417,1423,1419,-1,1417,1419,1415,-1,1415,1419,1418,-1,1415,1418,1416,-1,1424,1425,1426,-1,1424,1426,1427,-1,1428,1429,1430,-1,1429,1431,1432,-1,1429,1428,1433,-1,1431,1429,1433,-1,1427,1428,1424,-1,1430,1424,1428,-1,1430,1434,1425,-1,1430,1425,1424,-1,1435,1436,1437,-1,1435,1425,1434,-1,1436,1438,1439,-1,1439,1437,1436,-1,1436,1435,1434,-1,1435,1426,1425,-1,1427,1426,1435,-1,1427,1435,1428,-1,1428,1435,1437,-1,1428,1437,1433,-1,1433,1437,1439,-1,1433,1439,1431,-1,1431,1439,1438,-1,1431,1438,1432,-1,1432,1438,1436,-1,1432,1436,1429,-1,1429,1436,1434,-1,1429,1434,1430,-1,1440,1441,1442,-1,1440,1442,1443,-1,1444,1445,1446,-1,1447,1443,1445,-1,1448,1440,1447,-1,1445,1444,1449,-1,1449,1447,1445,-1,1443,1447,1440,-1,1448,1450,1441,-1,1448,1441,1440,-1,1451,1441,1450,-1,1452,1453,1454,-1,1454,1455,1452,-1,1451,1455,1454,-1,1454,1442,1451,-1,1442,1441,1451,-1,1443,1442,1454,-1,1443,1454,1445,-1,1445,1454,1453,-1,1445,1453,1446,-1,1446,1453,1452,-1,1446,1452,1444,-1,1444,1452,1455,-1,1444,1455,1449,-1,1449,1455,1451,-1,1449,1451,1447,-1,1447,1451,1450,-1,1447,1450,1448,-1,1456,1457,1458,-1,1456,1458,1459,-1,1460,1461,1462,-1,1461,1463,1464,-1,1461,1460,1465,-1,1463,1461,1465,-1,1459,1460,1456,-1,1462,1456,1460,-1,1462,1466,1457,-1,1462,1457,1456,-1,1467,1468,1469,-1,1467,1457,1466,-1,1468,1470,1471,-1,1471,1469,1468,-1,1468,1467,1466,-1,1467,1458,1457,-1,1459,1458,1467,-1,1459,1467,1460,-1,1460,1467,1469,-1,1460,1469,1465,-1,1465,1469,1471,-1,1465,1471,1463,-1,1463,1471,1470,-1,1463,1470,1464,-1,1464,1470,1468,-1,1464,1468,1461,-1,1461,1468,1466,-1,1461,1466,1462,-1,1472,1473,1474,-1,1472,1474,1475,-1,1476,1477,1478,-1,1479,1475,1477,-1,1480,1472,1479,-1,1477,1476,1481,-1,1481,1479,1477,-1,1475,1479,1472,-1,1480,1482,1473,-1,1480,1473,1472,-1,1483,1473,1482,-1,1484,1485,1486,-1,1486,1487,1484,-1,1483,1487,1486,-1,1486,1474,1483,-1,1474,1473,1483,-1,1475,1474,1486,-1,1475,1486,1477,-1,1477,1486,1485,-1,1477,1485,1478,-1,1478,1485,1484,-1,1478,1484,1476,-1,1476,1484,1487,-1,1476,1487,1481,-1,1481,1487,1483,-1,1481,1483,1479,-1,1479,1483,1482,-1,1479,1482,1480,-1,1488,1489,1490,-1,1488,1490,1491,-1,1492,1493,1494,-1,1493,1495,1496,-1,1493,1492,1497,-1,1495,1493,1497,-1,1491,1492,1488,-1,1494,1488,1492,-1,1494,1498,1489,-1,1494,1489,1488,-1,1499,1500,1501,-1,1499,1489,1498,-1,1500,1502,1503,-1,1503,1501,1500,-1,1500,1499,1498,-1,1499,1490,1489,-1,1491,1490,1499,-1,1491,1499,1492,-1,1492,1499,1501,-1,1492,1501,1497,-1,1497,1501,1503,-1,1497,1503,1495,-1,1495,1503,1502,-1,1495,1502,1496,-1,1496,1502,1500,-1,1496,1500,1493,-1,1493,1500,1498,-1,1493,1498,1494,-1,1504,1505,1506,-1,1504,1506,1507,-1,1508,1509,1510,-1,1511,1507,1509,-1,1512,1504,1511,-1,1509,1508,1513,-1,1513,1511,1509,-1,1507,1511,1504,-1,1512,1514,1505,-1,1512,1505,1504,-1,1515,1505,1514,-1,1516,1517,1518,-1,1518,1519,1516,-1,1515,1519,1518,-1,1518,1506,1515,-1,1506,1505,1515,-1,1507,1506,1518,-1,1507,1518,1509,-1,1509,1518,1517,-1,1509,1517,1510,-1,1510,1517,1516,-1,1510,1516,1508,-1,1508,1516,1519,-1,1508,1519,1513,-1,1513,1519,1515,-1,1513,1515,1511,-1,1511,1515,1514,-1,1511,1514,1512,-1,1520,1521,1522,-1,1520,1522,1523,-1,1524,1525,1526,-1,1525,1527,1528,-1,1525,1524,1529,-1,1527,1525,1529,-1,1523,1524,1520,-1,1526,1520,1524,-1,1526,1530,1521,-1,1526,1521,1520,-1,1531,1532,1533,-1,1531,1521,1530,-1,1532,1534,1535,-1,1535,1533,1532,-1,1532,1531,1530,-1,1531,1522,1521,-1,1523,1522,1531,-1,1523,1531,1524,-1,1524,1531,1533,-1,1524,1533,1529,-1,1529,1533,1535,-1,1529,1535,1527,-1,1527,1535,1534,-1,1527,1534,1528,-1,1528,1534,1532,-1,1528,1532,1525,-1,1525,1532,1530,-1,1525,1530,1526,-1,1536,1537,1538,-1,1536,1538,1539,-1,1540,1541,1542,-1,1543,1539,1541,-1,1544,1536,1543,-1,1541,1540,1545,-1,1545,1543,1541,-1,1539,1543,1536,-1,1544,1546,1537,-1,1544,1537,1536,-1,1547,1537,1546,-1,1548,1549,1550,-1,1550,1551,1548,-1,1547,1551,1550,-1,1550,1538,1547,-1,1538,1537,1547,-1,1539,1538,1550,-1,1539,1550,1541,-1,1541,1550,1549,-1,1541,1549,1542,-1,1542,1549,1548,-1,1542,1548,1540,-1,1540,1548,1551,-1,1540,1551,1545,-1,1545,1551,1547,-1,1545,1547,1543,-1,1543,1547,1546,-1,1543,1546,1544,-1,1552,1553,1554,-1,1552,1554,1555,-1,1556,1557,1558,-1,1557,1559,1560,-1,1557,1556,1561,-1,1559,1557,1561,-1,1555,1556,1552,-1,1558,1552,1556,-1,1558,1562,1553,-1,1558,1553,1552,-1,1563,1564,1565,-1,1563,1553,1562,-1,1564,1566,1567,-1,1567,1565,1564,-1,1564,1563,1562,-1,1563,1554,1553,-1,1555,1554,1563,-1,1555,1563,1556,-1,1556,1563,1565,-1,1556,1565,1561,-1,1561,1565,1567,-1,1561,1567,1559,-1,1559,1567,1566,-1,1559,1566,1560,-1,1560,1566,1564,-1,1560,1564,1557,-1,1557,1564,1562,-1,1557,1562,1558,-1,1568,1569,1570,-1,1568,1570,1571,-1,1572,1573,1574,-1,1575,1571,1573,-1,1576,1568,1575,-1,1573,1572,1577,-1,1577,1575,1573,-1,1571,1575,1568,-1,1576,1578,1569,-1,1576,1569,1568,-1,1579,1569,1578,-1,1580,1581,1582,-1,1582,1583,1580,-1,1579,1583,1582,-1,1582,1570,1579,-1,1570,1569,1579,-1,1571,1570,1582,-1,1571,1582,1573,-1,1573,1582,1581,-1,1573,1581,1574,-1,1574,1581,1580,-1,1574,1580,1572,-1,1572,1580,1583,-1,1572,1583,1577,-1,1577,1583,1579,-1,1577,1579,1575,-1,1575,1579,1578,-1,1575,1578,1576,-1,1584,1585,1586,-1,1584,1586,1587,-1,1588,1589,1590,-1,1589,1591,1592,-1,1589,1588,1593,-1,1591,1589,1593,-1,1587,1588,1584,-1,1590,1584,1588,-1,1590,1594,1585,-1,1590,1585,1584,-1,1595,1596,1597,-1,1595,1585,1594,-1,1596,1598,1599,-1,1599,1597,1596,-1,1596,1595,1594,-1,1595,1586,1585,-1,1587,1586,1595,-1,1587,1595,1588,-1,1588,1595,1597,-1,1588,1597,1593,-1,1593,1597,1599,-1,1593,1599,1591,-1,1591,1599,1598,-1,1591,1598,1592,-1,1592,1598,1596,-1,1592,1596,1589,-1,1589,1596,1594,-1,1589,1594,1590,-1,1600,1601,1602,-1,1600,1602,1603,-1,1604,1605,1606,-1,1607,1603,1605,-1,1608,1600,1607,-1,1605,1604,1609,-1,1609,1607,1605,-1,1603,1607,1600,-1,1608,1610,1601,-1,1608,1601,1600,-1,1611,1601,1610,-1,1612,1613,1614,-1,1614,1615,1612,-1,1611,1615,1614,-1,1614,1602,1611,-1,1602,1601,1611,-1,1603,1602,1614,-1,1603,1614,1605,-1,1605,1614,1613,-1,1605,1613,1606,-1,1606,1613,1612,-1,1606,1612,1604,-1,1604,1612,1615,-1,1604,1615,1609,-1,1609,1615,1611,-1,1609,1611,1607,-1,1607,1611,1610,-1,1607,1610,1608,-1,1616,1617,1618,-1,1616,1618,1619,-1,1620,1621,1622,-1,1621,1623,1624,-1,1621,1620,1625,-1,1623,1621,1625,-1,1619,1620,1616,-1,1622,1616,1620,-1,1622,1626,1617,-1,1622,1617,1616,-1,1627,1628,1629,-1,1627,1617,1626,-1,1628,1630,1631,-1,1631,1629,1628,-1,1628,1627,1626,-1,1627,1618,1617,-1,1619,1618,1627,-1,1619,1627,1620,-1,1620,1627,1629,-1,1620,1629,1625,-1,1625,1629,1631,-1,1625,1631,1623,-1,1623,1631,1630,-1,1623,1630,1624,-1,1624,1630,1628,-1,1624,1628,1621,-1,1621,1628,1626,-1,1621,1626,1622,-1,1632,1633,1634,-1,1632,1634,1635,-1,1636,1637,1638,-1,1639,1635,1637,-1,1640,1632,1639,-1,1637,1636,1641,-1,1641,1639,1637,-1,1635,1639,1632,-1,1640,1642,1633,-1,1640,1633,1632,-1,1643,1633,1642,-1,1644,1645,1646,-1,1646,1647,1644,-1,1643,1647,1646,-1,1646,1634,1643,-1,1634,1633,1643,-1,1635,1634,1646,-1,1635,1646,1637,-1,1637,1646,1645,-1,1637,1645,1638,-1,1638,1645,1644,-1,1638,1644,1636,-1,1636,1644,1647,-1,1636,1647,1641,-1,1641,1647,1643,-1,1641,1643,1639,-1,1639,1643,1642,-1,1639,1642,1640,-1,1648,1649,1650,-1,1648,1650,1651,-1,1652,1653,1654,-1,1653,1655,1656,-1,1653,1652,1657,-1,1655,1653,1657,-1,1651,1652,1648,-1,1654,1648,1652,-1,1654,1658,1649,-1,1654,1649,1648,-1,1659,1660,1661,-1,1659,1649,1658,-1,1660,1662,1663,-1,1663,1661,1660,-1,1660,1659,1658,-1,1659,1650,1649,-1,1651,1650,1659,-1,1651,1659,1652,-1,1652,1659,1661,-1,1652,1661,1657,-1,1657,1661,1663,-1,1657,1663,1655,-1,1655,1663,1662,-1,1655,1662,1656,-1,1656,1662,1660,-1,1656,1660,1653,-1,1653,1660,1658,-1,1653,1658,1654,-1,1664,1665,1666,-1,1664,1666,1667,-1,1668,1669,1670,-1,1671,1667,1669,-1,1672,1664,1671,-1,1669,1668,1673,-1,1673,1671,1669,-1,1667,1671,1664,-1,1672,1674,1665,-1,1672,1665,1664,-1,1675,1665,1674,-1,1676,1677,1678,-1,1678,1679,1676,-1,1675,1679,1678,-1,1678,1666,1675,-1,1666,1665,1675,-1,1667,1666,1678,-1,1667,1678,1669,-1,1669,1678,1677,-1,1669,1677,1670,-1,1670,1677,1676,-1,1670,1676,1668,-1,1668,1676,1679,-1,1668,1679,1673,-1,1673,1679,1675,-1,1673,1675,1671,-1,1671,1675,1674,-1,1671,1674,1672,-1,1680,1681,1682,-1,1680,1682,1683,-1,1684,1685,1686,-1,1685,1687,1688,-1,1685,1684,1689,-1,1687,1685,1689,-1,1683,1684,1680,-1,1686,1680,1684,-1,1686,1690,1681,-1,1686,1681,1680,-1,1691,1692,1693,-1,1691,1681,1690,-1,1692,1694,1695,-1,1695,1693,1692,-1,1692,1691,1690,-1,1691,1682,1681,-1,1683,1682,1691,-1,1683,1691,1684,-1,1684,1691,1693,-1,1684,1693,1689,-1,1689,1693,1695,-1,1689,1695,1687,-1,1687,1695,1694,-1,1687,1694,1688,-1,1688,1694,1692,-1,1688,1692,1685,-1,1685,1692,1690,-1,1685,1690,1686,-1,1696,1697,1698,-1,1696,1698,1699,-1,1700,1701,1702,-1,1703,1699,1701,-1,1704,1696,1703,-1,1701,1700,1705,-1,1705,1703,1701,-1,1699,1703,1696,-1,1704,1706,1697,-1,1704,1697,1696,-1,1707,1697,1706,-1,1708,1709,1710,-1,1710,1711,1708,-1,1707,1711,1710,-1,1710,1698,1707,-1,1698,1697,1707,-1,1699,1698,1710,-1,1699,1710,1701,-1,1701,1710,1709,-1,1701,1709,1702,-1,1702,1709,1708,-1,1702,1708,1700,-1,1700,1708,1711,-1,1700,1711,1705,-1,1705,1711,1707,-1,1705,1707,1703,-1,1703,1707,1706,-1,1703,1706,1704,-1,1712,1713,1714,-1,1712,1714,1715,-1,1716,1717,1718,-1,1717,1719,1720,-1,1717,1716,1721,-1,1719,1717,1721,-1,1715,1716,1712,-1,1718,1712,1716,-1,1718,1722,1713,-1,1718,1713,1712,-1,1723,1724,1725,-1,1723,1713,1722,-1,1724,1726,1727,-1,1727,1725,1724,-1,1724,1723,1722,-1,1723,1714,1713,-1,1715,1714,1723,-1,1715,1723,1716,-1,1716,1723,1725,-1,1716,1725,1721,-1,1721,1725,1727,-1,1721,1727,1719,-1,1719,1727,1726,-1,1719,1726,1720,-1,1720,1726,1724,-1,1720,1724,1717,-1,1717,1724,1722,-1,1717,1722,1718,-1,
        ]
    }
}
Shape{
    appearance Appearance {
        material  Material 	{
            diffuseColor 0.3176470588235294 0.3176470588235294 0.3176470588235294
            specularColor 0.7529411764705882 0.7529411764705882 0.7529411764705882
            ambientIntensity 1.0
            transparency 1.0
            shininess 0.5
        }
    }
    geometry IndexedFaceSet {
        ccw TRUE
        solid FALSE
        coord DEF co Coordinate {
            point [
                -0.1102 0.2756 0.0883, -0.0591 0.2698 0.0883, -0.0472 0.2756 0.0883, -0.0984 0.2698 0.0883, -0.0984 0.085 0.0883, -0.1102 0.0787 0.0883, -0.0472 0.0787 0.0883, -0.0591 0.085 0.0883, -0.1102 -0.2756 0.0883, -0.0472 -0.2756 0.0883, -0.0984 -0.2698 0.0883, -0.0591 -0.2698 0.0883, -0.0472 -0.0787 0.0883, -0.0591 -0.085 0.0883, -0.1102 -0.0787 0.0883, -0.0984 -0.085 0.0883, -0.1102 0.1417 0.1277, -0.1102 0.2205 0.1277, -0.1102 0.1024 0.2655, -0.1102 0.1342 0.2492, -0.1102 0.1255 0.258, -0.1102 0.1145 0.2635, -0.1102 0.1398 0.2383, -0.1102 0.0787 0.2655, -0.1102 0.1417 0.2261, -0.1102 0.2367 0.258, -0.1102 0.2598 0.2655, -0.1102 0.2477 0.2635, -0.1102 0.228 0.2492, -0.1102 0.2224 0.2383, -0.1102 0.2205 0.2261, -0.1102 0.2756 0.2655, -0.0472 0.2756 0.2655, 0.9777 0.2598 0.2655, 0.8976 0.2756 0.2655, 0.9449 0.2598 0.2655, 0.6772 0.2598 0.2655, 0.6772 0.2756 0.2655, 0.5827 0.2598 0.2655, 0.5197 0.3485 0.2655, 0.5197 0.2756 0.2655, 0.5827 0.3485 0.2655, 0.8976 0.3485 0.2655, 0.8346 0.2756 0.2655, 0.4252 0.2756 0.2655, 0.2677 0.2756 0.2655, 0.3622 0.2756 0.2655, 0.3622 0.3485 0.2655, 0.4252 0.3485 0.2655, 0.5827 0.2756 0.2655, 0.4252 0.2598 0.2655, 0.5197 0.2598 0.2655, 0.2047 0.3485 0.2655, 0.1102 0.2756 0.2655, 0.2047 0.2756 0.2655, 0.2677 0.3485 0.2655, 0.2677 0.2598 0.2655, 0.3622 0.2598 0.2655, 0.0472 0.2756 0.2655, 0.0472 0.3485 0.2655, 0.1102 0.3485 0.2655, 0.1102 0.2598 0.2655, 0.2047 0.2598 0.2655, 0.8976 0.4339 0.2655, 1.0433 0.4961 0.2655, -0.1102 0.3485 0.2655, -0.0472 0.3485 0.2655, -0.0472 0.2598 0.2655, 0.0472 0.2598 0.2655, -0.4252 0.3485 0.2655, -0.4252 0.2756 0.2655, -0.3622 0.3485 0.2655, -0.2677 0.3485 0.2655, -0.2677 0.2756 0.2655, -0.2047 0.3485 0.2655, -0.2047 0.2598 0.2655, -0.2047 0.2756 0.2655, -0.3622 0.2598 0.2655, -0.2677 0.2598 0.2655, 0.4252 0.4339 0.2655, 0.5197 0.4339 0.2655, -0.5197 0.3485 0.2655, -0.5827 0.3485 0.2655, -0.5827 0.2756 0.2655, -0.3622 0.2756 0.2655, -0.5197 0.2598 0.2655, -0.4252 0.2598 0.2655, -0.7402 0.2756 0.2655, -0.6772 0.3485 0.2655, -0.7402 0.3485 0.2655, 0.2677 0.4339 0.2655, 0.3622 0.4339 0.2655, -0.5197 0.2756 0.2655, -0.6772 0.2598 0.2655, -0.5827 0.2598 0.2655, -0.8976 0.2756 0.2655, -0.8346 0.3485 0.2655, -0.8976 0.3485 0.2655, -0.6772 0.2756 0.2655, -0.8346 0.2598 0.2655, -0.7402 0.2598 0.2655, -0.8346 0.2756 0.2655, -0.9449 0.2598 0.2655, -0.8976 0.2598 0.2655, -0.9777 0.2598 0.2655, -1.0433 0.2598 0.2655, -1.0105 0.2598 0.2655, 1.0433 0.2598 0.2655, 1.0105 0.2598 0.2655, 0.8976 0.2598 0.2655, 0.8346 0.3485 0.2655, 0.7402 0.2756 0.2655, 0.7402 0.2598 0.2655, 0.8346 0.2598 0.2655, 0.6772 0.3485 0.2655, 0.7402 0.3485 0.2655, 0.8346 0.4339 0.2655, 0.7402 0.4339 0.2655, 0.6772 0.4339 0.2655, 0.5827 0.4339 0.2655, 0.2047 0.4339 0.2655, 0.1102 0.4339 0.2655, 0.0472 0.4339 0.2655, -0.0472 0.4339 0.2655, -1.0433 0.4961 0.2655, -0.1102 0.4339 0.2655, -0.2047 0.4339 0.2655, -0.2677 0.4339 0.2655, -0.3622 0.4339 0.2655, -0.4252 0.4339 0.2655, -0.5197 0.4339 0.2655, -0.5827 0.4339 0.2655, -0.6772 0.4339 0.2655, -0.7402 0.4339 0.2655, -0.8346 0.4339 0.2655, -0.8976 0.4339 0.2655, 0.8346 -0.0787 0.2655, 1.0039 -0.0467 0.2655, 0.7402 -0.0787 0.2655, 0.8976 0.0787 0.2655, 1.0039 0.0467 0.2655, 0.9483 0.1024 0.2655, 0.5827 -0.1024 0.2655, 0.6772 -0.1024 0.2655, 0.6772 -0.0787 0.2655, 0.8976 0.1024 0.2655, 0.8976 -0.0787 0.2655, 0.9483 -0.1024 0.2655, 0.8976 -0.1024 0.2655, 0.7402 -0.1024 0.2655, 0.8346 -0.1024 0.2655, 0.5827 -0.0787 0.2655, 0.5197 -0.0787 0.2655, 0.4252 -0.1024 0.2655, 0.5197 -0.1024 0.2655, 0.4252 -0.0787 0.2655, 0.3622 -0.0787 0.2655, 0.2677 -0.1024 0.2655, 0.3622 -0.1024 0.2655, 0.2047 -0.0787 0.2655, 0.1102 -0.1024 0.2655, 0.2047 -0.1024 0.2655, 0.0472 0.0787 0.2655, -0.0472 -0.0787 0.2655, 0.0472 -0.0787 0.2655, 0.2047 0.0787 0.2655, 0.1102 -0.0787 0.2655, 0.2677 -0.0787 0.2655, -0.0472 -0.1024 0.2655, 0.0472 -0.1024 0.2655, -0.2677 -0.0787 0.2655, -0.2047 0.0787 0.2655, -0.2677 0.0787 0.2655, -0.2047 -0.0787 0.2655, -0.1102 -0.0787 0.2655, -0.2047 -0.1024 0.2655, -0.1102 -0.1024 0.2655, -1.0039 0.0467 0.2655, -0.4252 0.0787 0.2655, -0.5197 0.0787 0.2655, -1.0039 -0.0467 0.2655, -0.3622 0.0787 0.2655, -0.7402 0.0787 0.2655, -0.8346 0.0787 0.2655, -0.3622 -0.1024 0.2655, -0.2677 -0.1024 0.2655, -0.6772 0.0787 0.2655, -0.5827 0.0787 0.2655, -0.5197 -0.1024 0.2655, -0.4252 -0.1024 0.2655, -0.4252 -0.0787 0.2655, -0.3622 -0.0787 0.2655, -0.6772 -0.1024 0.2655, -0.5827 -0.1024 0.2655, -0.5827 -0.0787 0.2655, -0.5197 -0.0787 0.2655, -0.8346 -0.1024 0.2655, -0.7402 -0.1024 0.2655, -0.7402 -0.0787 0.2655, -0.6772 -0.0787 0.2655, -0.9483 -0.1024 0.2655, -0.8976 -0.1024 0.2655, -0.8976 -0.0787 0.2655, -0.8346 -0.0787 0.2655, -0.8976 0.1024 0.2655, -0.9483 0.1024 0.2655, -0.8976 0.0787 0.2655, 0.8346 0.0787 0.2655, -0.7402 0.1024 0.2655, -0.8346 0.1024 0.2655, -0.5827 0.1024 0.2655, -0.6772 0.1024 0.2655, -0.4252 0.1024 0.2655, -0.5197 0.1024 0.2655, -0.0472 0.0787 0.2655, -0.2677 0.1024 0.2655, -0.3622 0.1024 0.2655, 0.1102 0.0787 0.2655, -0.2047 0.1024 0.2655, 0.0472 0.1024 0.2655, -0.0472 0.1024 0.2655, 0.2677 0.0787 0.2655, 0.2047 0.1024 0.2655, 0.1102 0.1024 0.2655, 0.3622 0.0787 0.2655, 0.3622 0.1024 0.2655, 0.2677 0.1024 0.2655, 0.4252 0.0787 0.2655, 0.5197 0.1024 0.2655, 0.4252 0.1024 0.2655, 0.5197 0.0787 0.2655, 0.5827 0.0787 0.2655, 0.6772 0.1024 0.2655, 0.5827 0.1024 0.2655, 0.6772 0.0787 0.2655, 0.7402 0.0787 0.2655, 0.8346 0.1024 0.2655, 0.7402 0.1024 0.2655, 0.6772 -0.3485 0.2655, 0.7402 -0.2756 0.2655, 0.6772 -0.2756 0.2655, -0.8346 -0.3485 0.2655, -0.7402 -0.2756 0.2655, -0.8346 -0.2756 0.2655, 0.8976 -0.2756 0.2655, 1.0433 -0.2598 0.2655, 1.0105 -0.2598 0.2655, 0.9777 -0.2598 0.2655, 0.0472 -0.4339 0.2655, -1.0433 -0.4961 0.2655, 1.0433 -0.4961 0.2655, -0.8976 -0.2756 0.2655, -0.9777 -0.2598 0.2655, -1.0105 -0.2598 0.2655, -1.0433 -0.2598 0.2655, -0.8976 -0.3485 0.2655, -0.9449 -0.2598 0.2655, -0.8976 -0.2598 0.2655, -0.2677 -0.2756 0.2655, -0.3622 -0.2756 0.2655, -0.3622 -0.3485 0.2655, -0.8976 -0.4339 0.2655, -0.7402 -0.2598 0.2655, -0.8346 -0.2598 0.2655, -0.1102 -0.2756 0.2655, -0.2047 -0.2756 0.2655, -0.2047 -0.3485 0.2655, -0.4252 -0.2756 0.2655, -0.5197 -0.3485 0.2655, -0.4252 -0.3485 0.2655, -0.6772 -0.2756 0.2655, -0.5827 -0.2598 0.2655, -0.6772 -0.2598 0.2655, -0.5827 -0.2756 0.2655, 0.0472 -0.2756 0.2655, -0.0472 -0.2756 0.2655, -0.0472 -0.3485 0.2655, 0.4252 -0.4339 0.2655, 0.3622 -0.4339 0.2655, -0.5197 -0.2756 0.2655, -0.4252 -0.2598 0.2655, -0.5197 -0.2598 0.2655, 0.5827 -0.4339 0.2655, 0.6772 -0.4339 0.2655, 0.2677 -0.3485 0.2655, 0.3622 -0.2756 0.2655, 0.2677 -0.2756 0.2655, -0.2677 -0.2598 0.2655, -0.3622 -0.2598 0.2655, 0.8346 -0.4339 0.2655, 0.8346 -0.3485 0.2655, 0.7402 -0.4339 0.2655, -0.1102 -0.2598 0.2655, -0.2047 -0.2598 0.2655, 0.5197 -0.2756 0.2655, 0.4252 -0.2756 0.2655, 0.4252 -0.3485 0.2655, 0.8976 -0.4339 0.2655, 0.0472 -0.2598 0.2655, -0.0472 -0.2598 0.2655, 0.5197 -0.3485 0.2655, 0.5827 -0.2756 0.2655, 0.1102 -0.2756 0.2655, 0.2047 -0.2598 0.2655, 0.1102 -0.2598 0.2655, 0.2047 -0.2756 0.2655, 0.5827 -0.3485 0.2655, 0.3622 -0.2598 0.2655, 0.2677 -0.2598 0.2655, 0.9449 -0.2598 0.2655, 0.8976 -0.2598 0.2655, 0.5197 -0.2598 0.2655, 0.4252 -0.2598 0.2655, 0.8346 -0.2756 0.2655, 0.7402 -0.3485 0.2655, 0.6772 -0.2598 0.2655, 0.5827 -0.2598 0.2655, 0.8976 -0.3485 0.2655, 0.8346 -0.2598 0.2655, 0.7402 -0.2598 0.2655, 0.3622 -0.3485 0.2655, 0.1102 -0.3485 0.2655, 0.2047 -0.3485 0.2655, 0.5197 -0.4339 0.2655, 0.0472 -0.3485 0.2655, -0.1102 -0.3485 0.2655, -0.2677 -0.3485 0.2655, 0.2677 -0.4339 0.2655, 0.2047 -0.4339 0.2655, 0.1102 -0.4339 0.2655, -0.0472 -0.4339 0.2655, -0.1102 -0.4339 0.2655, -0.2047 -0.4339 0.2655, -0.5827 -0.3485 0.2655, -0.2677 -0.4339 0.2655, -0.3622 -0.4339 0.2655, -0.6772 -0.3485 0.2655, -0.4252 -0.4339 0.2655, -0.5197 -0.4339 0.2655, -0.7402 -0.3485 0.2655, -0.5827 -0.4339 0.2655, -0.6772 -0.4339 0.2655, -0.7402 -0.4339 0.2655, -0.8346 -0.4339 0.2655, -0.8976 0.3485 0.1474, -0.8976 0.4339 0.1474, -0.8346 0.4339 0.1474, -0.8346 0.3485 0.1474, -0.8465 0.4293 0.1474, -0.8858 0.4293 0.1474, -0.8858 0.3552 0.1474, -0.8465 0.3552 0.1474, -0.8858 -0.3552 0.1474, -0.8976 -0.3485 0.1474, -0.8976 -0.4339 0.1474, -0.8858 -0.4293 0.1474, -0.8346 -0.4339 0.1474, -0.8465 -0.4293 0.1474, -0.8465 -0.3552 0.1474, -0.8346 -0.3485 0.1474, -0.7402 0.3485 0.1474, -0.7402 0.4339 0.1474, -0.6772 0.4339 0.1474, -0.6772 0.3485 0.1474, -0.689 0.4293 0.1474, -0.7283 0.4293 0.1474, -0.7283 0.3552 0.1474, -0.689 0.3552 0.1474, -0.7283 -0.3552 0.1474, -0.7402 -0.3485 0.1474, -0.7402 -0.4339 0.1474, -0.7283 -0.4293 0.1474, -0.6772 -0.4339 0.1474, -0.689 -0.4293 0.1474, -0.689 -0.3552 0.1474, -0.6772 -0.3485 0.1474, -0.5827 0.3485 0.1474, -0.5827 0.4339 0.1474, -0.5197 0.4339 0.1474, -0.5197 0.3485 0.1474, -0.5315 0.4293 0.1474, -0.5709 0.4293 0.1474, -0.5709 0.3552 0.1474, -0.5315 0.3552 0.1474, -0.5709 -0.3552 0.1474, -0.5827 -0.3485 0.1474, -0.5827 -0.4339 0.1474, -0.5709 -0.4293 0.1474, -0.5197 -0.4339 0.1474, -0.5315 -0.4293 0.1474, -0.5315 -0.3552 0.1474, -0.5197 -0.3485 0.1474, -0.4252 0.3485 0.1474, -0.4252 0.4339 0.1474, -0.3622 0.4339 0.1474, -0.3622 0.3485 0.1474, -0.374 0.4293 0.1474, -0.4134 0.4293 0.1474, -0.4134 0.3552 0.1474, -0.374 0.3552 0.1474, -0.4134 -0.3552 0.1474, -0.4252 -0.3485 0.1474, -0.4252 -0.4339 0.1474, -0.4134 -0.4293 0.1474, -0.3622 -0.4339 0.1474, -0.374 -0.4293 0.1474, -0.374 -0.3552 0.1474, -0.3622 -0.3485 0.1474, -0.2677 0.3485 0.1474, -0.2677 0.4339 0.1474, -0.2047 0.4339 0.1474, -0.2047 0.3485 0.1474, -0.2165 0.4293 0.1474, -0.2559 0.4293 0.1474, -0.2559 0.3552 0.1474, -0.2165 0.3552 0.1474, -0.2559 -0.3552 0.1474, -0.2677 -0.3485 0.1474, -0.2677 -0.4339 0.1474, -0.2559 -0.4293 0.1474, -0.2047 -0.4339 0.1474, -0.2165 -0.4293 0.1474, -0.2165 -0.3552 0.1474, -0.2047 -0.3485 0.1474, -0.1102 0.3485 0.1474, -0.1102 0.4339 0.1474, -0.0472 0.4339 0.1474, -0.0472 0.3485 0.1474, -0.0591 0.4293 0.1474, -0.0984 0.4293 0.1474, -0.0984 0.3552 0.1474, -0.0591 0.3552 0.1474, -0.0984 -0.3552 0.1474, -0.1102 -0.3485 0.1474, -0.1102 -0.4339 0.1474, -0.0984 -0.4293 0.1474, -0.0472 -0.4339 0.1474, -0.0591 -0.4293 0.1474, -0.0591 -0.3552 0.1474, -0.0472 -0.3485 0.1474, 0.0472 0.3485 0.1474, 0.0472 0.4339 0.1474, 0.1102 0.4339 0.1474, 0.1102 0.3485 0.1474, 0.0984 0.4293 0.1474, 0.0591 0.4293 0.1474, 0.0591 0.3552 0.1474, 0.0984 0.3552 0.1474, 0.0591 -0.3552 0.1474, 0.0472 -0.3485 0.1474, 0.0472 -0.4339 0.1474, 0.0591 -0.4293 0.1474, 0.1102 -0.4339 0.1474, 0.0984 -0.4293 0.1474, 0.0984 -0.3552 0.1474, 0.1102 -0.3485 0.1474, 0.2047 0.3485 0.1474, 0.2047 0.4339 0.1474, 0.2677 0.4339 0.1474, 0.2677 0.3485 0.1474, 0.2559 0.4293 0.1474, 0.2165 0.4293 0.1474, 0.2165 0.3552 0.1474, 0.2559 0.3552 0.1474, 0.2165 -0.3552 0.1474, 0.2047 -0.3485 0.1474, 0.2047 -0.4339 0.1474, 0.2165 -0.4293 0.1474, 0.2677 -0.4339 0.1474, 0.2559 -0.4293 0.1474, 0.2559 -0.3552 0.1474, 0.2677 -0.3485 0.1474, 0.3622 0.3485 0.1474, 0.3622 0.4339 0.1474, 0.4252 0.4339 0.1474, 0.4252 0.3485 0.1474, 0.4134 0.4293 0.1474, 0.374 0.4293 0.1474, 0.374 0.3552 0.1474, 0.4134 0.3552 0.1474, 0.374 -0.3552 0.1474, 0.3622 -0.3485 0.1474, 0.3622 -0.4339 0.1474, 0.374 -0.4293 0.1474, 0.4252 -0.4339 0.1474, 0.4134 -0.4293 0.1474, 0.4134 -0.3552 0.1474, 0.4252 -0.3485 0.1474, 0.5197 0.3485 0.1474, 0.5197 0.4339 0.1474, 0.5827 0.4339 0.1474, 0.5827 0.3485 0.1474, 0.5709 0.4293 0.1474, 0.5315 0.4293 0.1474, 0.5315 0.3552 0.1474, 0.5709 0.3552 0.1474, 0.5315 -0.3552 0.1474, 0.5197 -0.3485 0.1474, 0.5197 -0.4339 0.1474, 0.5315 -0.4293 0.1474, 0.5827 -0.4339 0.1474, 0.5709 -0.4293 0.1474, 0.5709 -0.3552 0.1474, 0.5827 -0.3485 0.1474, 0.6772 0.3485 0.1474, 0.6772 0.4339 0.1474, 0.7402 0.4339 0.1474, 0.7402 0.3485 0.1474, 0.7283 0.4293 0.1474, 0.689 0.4293 0.1474, 0.689 0.3552 0.1474, 0.7283 0.3552 0.1474, 0.689 -0.3552 0.1474, 0.6772 -0.3485 0.1474, 0.6772 -0.4339 0.1474, 0.689 -0.4293 0.1474, 0.7402 -0.4339 0.1474, 0.7283 -0.4293 0.1474, 0.7283 -0.3552 0.1474, 0.7402 -0.3485 0.1474, 0.8346 0.1417 0.1277, 0.8346 0.2756 0.0883, 0.8346 0.2205 0.1277, 0.8346 0.1342 0.2492, 0.8346 0.1255 0.258, 0.8346 0.1145 0.2635, 0.8346 0.1398 0.2383, 0.8346 0.1417 0.2261, 0.8346 0.0787 0.0883, 0.8346 0.2367 0.258, 0.8346 0.2477 0.2635, 0.8346 0.228 0.2492, 0.8346 0.2224 0.2383, 0.8346 0.2205 0.2261, 0.8976 0.2756 0.0883, 0.8976 0.1417 0.1277, 0.8976 0.2205 0.1277, 0.8976 0.2367 0.258, 0.8976 0.2477 0.2635, 0.8976 0.228 0.2492, 0.8976 0.2224 0.2383, 0.8976 0.2205 0.2261, 0.8976 0.0787 0.0883, 0.8976 0.1255 0.258, 0.8976 0.1145 0.2635, 0.8976 0.1342 0.2492, 0.8976 0.1398 0.2383, 0.8976 0.1417 0.2261, 0.8858 0.2698 0.0883, 0.8465 0.2698 0.0883, 0.8465 0.085 0.0883, 0.8858 0.085 0.0883, 0.8346 -0.2756 0.0883, 0.8976 -0.2756 0.0883, 0.8465 -0.2698 0.0883, 0.8858 -0.2698 0.0883, 0.8976 -0.0787 0.0883, 0.8858 -0.085 0.0883, 0.8346 -0.0787 0.0883, 0.8465 -0.085 0.0883, 0.8346 -0.2367 0.258, 0.8346 -0.2477 0.2635, 0.8346 -0.2205 0.2261, 0.8346 -0.228 0.2492, 0.8346 -0.1145 0.2635, 0.8346 -0.1255 0.258, 0.8346 -0.2224 0.2383, 0.8346 -0.2205 0.1277, 0.8346 -0.1417 0.1277, 0.8346 -0.1342 0.2492, 0.8346 -0.1398 0.2383, 0.8346 -0.1417 0.2261, -0.9449 -0.228 0.2492, -0.9449 -0.2367 0.258, -0.8976 -0.228 0.2492, -0.8976 -0.2224 0.2383, -0.9449 -0.2224 0.2383, -0.8976 -0.2205 0.2261, -0.9449 -0.2205 0.2261, -0.8976 -0.2367 0.258, -0.9449 -0.2477 0.2635, -0.8976 -0.2477 0.2635, -0.8346 -0.228 0.2492, -0.8346 -0.2367 0.258, -0.7402 -0.228 0.2492, -0.7402 -0.2224 0.2383, -0.8346 -0.2224 0.2383, -0.7402 -0.2205 0.2261, -0.8346 -0.2205 0.2261, -0.7402 -0.2367 0.258, -0.8346 -0.2477 0.2635, -0.7402 -0.2477 0.2635, -0.6772 -0.228 0.2492, -0.6772 -0.2367 0.258, -0.5827 -0.228 0.2492, -0.5827 -0.2224 0.2383, -0.6772 -0.2224 0.2383, -0.5827 -0.2205 0.2261, -0.6772 -0.2205 0.2261, -0.5827 -0.2367 0.258, -0.6772 -0.2477 0.2635, -0.5827 -0.2477 0.2635, -0.5197 -0.228 0.2492, -0.5197 -0.2367 0.258, -0.4252 -0.228 0.2492, -0.4252 -0.2224 0.2383, -0.5197 -0.2224 0.2383, -0.4252 -0.2205 0.2261, -0.5197 -0.2205 0.2261, -0.4252 -0.2367 0.258, -0.5197 -0.2477 0.2635, -0.4252 -0.2477 0.2635, -0.3622 -0.228 0.2492, -0.3622 -0.2367 0.258, -0.2677 -0.228 0.2492, -0.2677 -0.2224 0.2383, -0.3622 -0.2224 0.2383, -0.2677 -0.2205 0.2261, -0.3622 -0.2205 0.2261, -0.2677 -0.2367 0.258, -0.3622 -0.2477 0.2635, -0.2677 -0.2477 0.2635, -0.2047 -0.228 0.2492, -0.2047 -0.2367 0.258, -0.1102 -0.228 0.2492, -0.1102 -0.2224 0.2383, -0.2047 -0.2224 0.2383, -0.1102 -0.2205 0.2261, -0.2047 -0.2205 0.2261, -0.1102 -0.2367 0.258, -0.2047 -0.2477 0.2635, -0.1102 -0.2477 0.2635, -0.0472 -0.228 0.2492, -0.0472 -0.2367 0.258, 0.0472 -0.228 0.2492, 0.0472 -0.2224 0.2383, -0.0472 -0.2224 0.2383, 0.0472 -0.2205 0.2261, -0.0472 -0.2205 0.2261, 0.0472 -0.2367 0.258, -0.0472 -0.2477 0.2635, 0.0472 -0.2477 0.2635, 0.1102 -0.228 0.2492, 0.1102 -0.2367 0.258, 0.2047 -0.228 0.2492, 0.2047 -0.2224 0.2383, 0.1102 -0.2224 0.2383, 0.2047 -0.2205 0.2261, 0.1102 -0.2205 0.2261, 0.2047 -0.2367 0.258, 0.1102 -0.2477 0.2635, 0.2047 -0.2477 0.2635, 0.2677 -0.228 0.2492, 0.2677 -0.2367 0.258, 0.3622 -0.228 0.2492, 0.3622 -0.2224 0.2383, 0.2677 -0.2224 0.2383, 0.3622 -0.2205 0.2261, 0.2677 -0.2205 0.2261, 0.3622 -0.2367 0.258, 0.2677 -0.2477 0.2635, 0.3622 -0.2477 0.2635, 0.4252 -0.228 0.2492, 0.4252 -0.2367 0.258, 0.5197 -0.228 0.2492, 0.5197 -0.2224 0.2383, 0.4252 -0.2224 0.2383, 0.5197 -0.2205 0.2261, 0.4252 -0.2205 0.2261, 0.5197 -0.2367 0.258, 0.4252 -0.2477 0.2635, 0.5197 -0.2477 0.2635, 0.5827 -0.228 0.2492, 0.5827 -0.2367 0.258, 0.6772 -0.228 0.2492, 0.6772 -0.2224 0.2383, 0.5827 -0.2224 0.2383, 0.6772 -0.2205 0.2261, 0.5827 -0.2205 0.2261, 0.6772 -0.2367 0.258, 0.5827 -0.2477 0.2635, 0.6772 -0.2477 0.2635, 0.9449 -0.228 0.2492, 0.8976 -0.2367 0.258, 0.9449 -0.2367 0.258, 0.9449 -0.2477 0.2635, 0.8976 -0.2477 0.2635, 0.8976 -0.228 0.2492, 0.9449 -0.2224 0.2383, 0.8976 -0.2224 0.2383, 0.9449 -0.2205 0.2261, 0.8976 -0.2205 0.2261, 0.7402 -0.228 0.2492, 0.7402 -0.2367 0.258, 0.7402 -0.2224 0.2383, 0.7402 -0.2205 0.2261, 0.7402 -0.2477 0.2635, -0.8976 -0.1417 0.2261, -0.8976 -0.1417 0.1277, -0.8976 -0.2756 0.0883, -0.8976 -0.2205 0.1277, -0.8976 -0.0787 0.0883, -0.8976 -0.1145 0.2635, -0.8976 -0.1255 0.258, -0.8976 -0.1398 0.2383, -0.8976 -0.1342 0.2492, -0.8346 -0.0787 0.0883, -0.8346 -0.1342 0.2492, -0.8346 -0.1255 0.258, -0.8346 -0.1145 0.2635, -0.8346 -0.1398 0.2383, -0.8346 -0.1417 0.2261, -0.8346 -0.2205 0.1277, -0.8346 -0.2756 0.0883, -0.8346 -0.1417 0.1277, -0.8976 0.2756 0.0883, -0.8465 0.2698 0.0883, -0.8346 0.2756 0.0883, -0.8858 0.2698 0.0883, -0.8858 0.085 0.0883, -0.8976 0.0787 0.0883, -0.8346 0.0787 0.0883, -0.8465 0.085 0.0883, -0.8858 -0.2698 0.0883, -0.8465 -0.2698 0.0883, -0.8465 -0.085 0.0883, -0.8858 -0.085 0.0883, -0.8976 0.1342 0.2492, -0.8976 0.1255 0.258, -0.8976 0.1145 0.2635, -0.8976 0.1398 0.2383, -0.8976 0.1417 0.2261, -0.8976 0.2205 0.2261, -0.8976 0.2205 0.1277, -0.8976 0.1417 0.1277, -0.8976 0.2477 0.2635, -0.8976 0.2367 0.258, -0.8976 0.2224 0.2383, -0.8976 0.228 0.2492, -0.8346 0.2367 0.258, -0.8346 0.2477 0.2635, -0.8346 0.228 0.2492, -0.8346 0.2224 0.2383, -0.8346 0.2205 0.2261, -0.8346 0.1417 0.2261, -0.8346 0.1417 0.1277, -0.8346 0.2205 0.1277, -0.8346 0.1145 0.2635, -0.8346 0.1255 0.258, -0.8346 0.1398 0.2383, -0.8346 0.1342 0.2492, -0.9449 0.228 0.2492, -0.9449 0.2367 0.258, -0.9449 0.2477 0.2635, -0.9449 0.2224 0.2383, -0.9449 0.2205 0.2261, -0.7402 0.2367 0.258, -0.7402 0.2477 0.2635, -0.7402 0.228 0.2492, -0.7402 0.2224 0.2383, -0.7402 0.2205 0.2261, -0.6772 0.228 0.2492, -0.5827 0.2367 0.258, -0.6772 0.2367 0.258, -0.6772 0.2477 0.2635, -0.5827 0.2477 0.2635, -0.5827 0.228 0.2492, -0.6772 0.2224 0.2383, -0.5827 0.2224 0.2383, -0.6772 0.2205 0.2261, -0.5827 0.2205 0.2261, -0.5197 0.228 0.2492, -0.4252 0.2367 0.258, -0.5197 0.2367 0.258, -0.5197 0.2477 0.2635, -0.4252 0.2477 0.2635, -0.4252 0.228 0.2492, -0.5197 0.2224 0.2383, -0.4252 0.2224 0.2383, -0.5197 0.2205 0.2261, -0.4252 0.2205 0.2261, -0.3622 0.228 0.2492, -0.2677 0.2367 0.258, -0.3622 0.2367 0.258, -0.3622 0.2477 0.2635, -0.2677 0.2477 0.2635, -0.2677 0.228 0.2492, -0.3622 0.2224 0.2383, -0.2677 0.2224 0.2383, -0.3622 0.2205 0.2261, -0.2677 0.2205 0.2261, -0.2047 0.228 0.2492, -0.2047 0.2367 0.258, -0.2047 0.2477 0.2635, -0.2047 0.2224 0.2383, -0.2047 0.2205 0.2261, -0.0472 0.228 0.2492, 0.0472 0.2367 0.258, -0.0472 0.2367 0.258, -0.0472 0.2477 0.2635, 0.0472 0.2477 0.2635, 0.0472 0.228 0.2492, -0.0472 0.2224 0.2383, 0.0472 0.2224 0.2383, -0.0472 0.2205 0.2261, 0.0472 0.2205 0.2261, 0.1102 0.228 0.2492, 0.2047 0.2367 0.258, 0.1102 0.2367 0.258, 0.1102 0.2477 0.2635, 0.2047 0.2477 0.2635, 0.2047 0.228 0.2492, 0.1102 0.2224 0.2383, 0.2047 0.2224 0.2383, 0.1102 0.2205 0.2261, 0.2047 0.2205 0.2261, 0.2677 0.228 0.2492, 0.3622 0.2367 0.258, 0.2677 0.2367 0.258, 0.2677 0.2477 0.2635, 0.3622 0.2477 0.2635, 0.3622 0.228 0.2492, 0.2677 0.2224 0.2383, 0.3622 0.2224 0.2383, 0.2677 0.2205 0.2261, 0.3622 0.2205 0.2261, 0.4252 0.228 0.2492, 0.5197 0.2367 0.258, 0.4252 0.2367 0.258, 0.4252 0.2477 0.2635, 0.5197 0.2477 0.2635, 0.5197 0.228 0.2492, 0.4252 0.2224 0.2383, 0.5197 0.2224 0.2383, 0.4252 0.2205 0.2261, 0.5197 0.2205 0.2261, 0.5827 0.228 0.2492, 0.6772 0.2367 0.258, 0.5827 0.2367 0.258, 0.5827 0.2477 0.2635, 0.6772 0.2477 0.2635, 0.6772 0.228 0.2492, 0.5827 0.2224 0.2383, 0.6772 0.2224 0.2383, 0.5827 0.2205 0.2261, 0.6772 0.2205 0.2261, 0.7402 0.228 0.2492, 0.7402 0.2367 0.258, 0.7402 0.2477 0.2635, 0.7402 0.2224 0.2383, 0.7402 0.2205 0.2261, 0.9449 0.228 0.2492, 0.9449 0.2367 0.258, 0.9449 0.2224 0.2383, 0.9449 0.2205 0.2261, 0.9449 0.2477 0.2635, -0.9449 0.2205 0.1277, -0.7402 0.2205 0.1277, -0.6772 0.2205 0.1277, -0.5827 0.2205 0.1277, -0.5197 0.2205 0.1277, -0.4252 0.2205 0.1277, -0.3622 0.2205 0.1277, -0.2677 0.2205 0.1277, -0.2047 0.2205 0.1277, -0.0472 0.2205 0.1277, 0.0472 0.2205 0.1277, 0.1102 0.2205 0.1277, 0.2047 0.2205 0.1277, 0.2677 0.2205 0.1277, 0.3622 0.2205 0.1277, 0.4252 0.2205 0.1277, 0.5197 0.2205 0.1277, 0.5827 0.2205 0.1277, 0.6772 0.2205 0.1277, 0.7402 0.2205 0.1277, 0.9449 0.2205 0.1277, -1.2089 0.209 0.1277, -1.2205 0.1811 0.1277, -1.2029 0.2139 0.1277, -1.2138 0.203 0.1277, -1.2174 0.1962 0.1277, -1.2197 0.1888 0.1277, -1.1961 0.2175 0.1277, -1.1811 0.2205 0.1277, -1.1888 0.2197 0.1277, -1.0433 0.063 0.1277, -1.2205 -0.1811 0.1277, -1.1982 -0.2165 0.1277, -1.1899 -0.2195 0.1277, -1.0433 -0.063 0.1277, -1.1811 -0.2205 0.1277, -1.2166 -0.1981 0.1277, -1.2119 -0.2056 0.1277, -1.2195 -0.1899 0.1277, -1.2057 -0.2118 0.1277, -1.1024 -0.2205 0.1277, -1.0236 -0.2205 0.1277, -0.9646 -0.1417 0.1277, -0.9449 -0.2205 0.1277, -0.9646 0.1417 0.1277, -1.0236 0.2205 0.1277, -1.1024 0.2205 0.1277, -0.7402 0.1417 0.1277, -0.7402 -0.2205 0.1277, -0.7402 -0.1417 0.1277, -0.6772 0.1417 0.1277, -0.5827 0.1417 0.1277, -0.6772 -0.1417 0.1277, -0.6772 -0.2205 0.1277, -0.5827 -0.2205 0.1277, -0.5827 -0.1417 0.1277, -0.5197 0.1417 0.1277, -0.4252 0.1417 0.1277, -0.5197 -0.1417 0.1277, -0.5197 -0.2205 0.1277, -0.4252 -0.2205 0.1277, -0.4252 -0.1417 0.1277, -0.3622 0.1417 0.1277, -0.2677 0.1417 0.1277, -0.3622 -0.1417 0.1277, -0.3622 -0.2205 0.1277, -0.2677 -0.2205 0.1277, -0.2677 -0.1417 0.1277, -0.2047 0.1417 0.1277, -0.2047 -0.1417 0.1277, -0.2047 -0.2205 0.1277, -0.1102 -0.2205 0.1277, -0.1102 -0.1417 0.1277, -0.0472 0.1417 0.1277, 0.0472 0.1417 0.1277, -0.0472 -0.1417 0.1277, -0.0472 -0.2205 0.1277, 0.0472 -0.2205 0.1277, 0.0472 -0.1417 0.1277, 0.1102 0.1417 0.1277, 0.2047 0.1417 0.1277, 0.1102 -0.1417 0.1277, 0.1102 -0.2205 0.1277, 0.2047 -0.2205 0.1277, 0.2047 -0.1417 0.1277, 0.2677 0.1417 0.1277, 0.3622 0.1417 0.1277, 0.2677 -0.1417 0.1277, 0.2677 -0.2205 0.1277, 0.3622 -0.2205 0.1277, 0.3622 -0.1417 0.1277, 0.4252 0.1417 0.1277, 0.5197 0.1417 0.1277, 0.4252 -0.1417 0.1277, 0.4252 -0.2205 0.1277, 0.5197 -0.2205 0.1277, 0.5197 -0.1417 0.1277, 0.5827 0.1417 0.1277, 0.6772 0.1417 0.1277, 0.5827 -0.1417 0.1277, 0.5827 -0.2205 0.1277, 0.6772 -0.2205 0.1277, 0.6772 -0.1417 0.1277, 0.7402 0.1417 0.1277, 0.9646 -0.1417 0.1277, 0.8976 -0.1417 0.1277, 0.9449 -0.2205 0.1277, 1.2166 0.1981 0.1277, 1.2119 0.2056 0.1277, 1.2205 0.1811 0.1277, 0.8976 -0.2205 0.1277, 1.2197 -0.1888 0.1277, 1.2205 -0.1811 0.1277, 1.2174 -0.1962 0.1277, 1.2195 0.1899 0.1277, 1.0433 -0.063 0.1277, 1.1024 -0.2205 0.1277, 1.1811 -0.2205 0.1277, 1.0236 -0.2205 0.1277, 1.2138 -0.203 0.1277, 1.2029 -0.2139 0.1277, 1.2089 -0.209 0.1277, 1.1961 -0.2175 0.1277, 1.1888 -0.2197 0.1277, 1.0433 0.063 0.1277, 1.1982 0.2165 0.1277, 1.2057 0.2118 0.1277, 1.1811 0.2205 0.1277, 1.1899 0.2195 0.1277, 1.1024 0.2205 0.1277, 1.0236 0.2205 0.1277, 0.9646 0.1417 0.1277, 0.7402 -0.1417 0.1277, 0.7402 -0.2205 0.1277, -0.9646 0.1417 0.2261, -0.7402 0.1417 0.2261, -0.6772 0.1417 0.2261, -0.5827 0.1417 0.2261, -0.5197 0.1417 0.2261, -0.4252 0.1417 0.2261, -0.3622 0.1417 0.2261, -0.2677 0.1417 0.2261, -0.2047 0.1417 0.2261, -0.0472 0.1417 0.2261, 0.0472 0.1417 0.2261, 0.1102 0.1417 0.2261, 0.2047 0.1417 0.2261, 0.2677 0.1417 0.2261, 0.3622 0.1417 0.2261, 0.4252 0.1417 0.2261, 0.5197 0.1417 0.2261, 0.5827 0.1417 0.2261, 0.6772 0.1417 0.2261, 0.7402 0.1417 0.2261, 0.9646 0.1417 0.2261, -0.9616 0.1347 0.2486, -0.9581 0.1262 0.2575, -0.9638 0.14 0.2378, -0.9535 0.115 0.2634, -0.7402 0.1342 0.2492, -0.7402 0.1398 0.2383, -0.7402 0.1255 0.258, -0.7402 0.1145 0.2635, -0.6772 0.1342 0.2492, -0.6772 0.1255 0.258, -0.5827 0.1342 0.2492, -0.5827 0.1398 0.2383, -0.6772 0.1398 0.2383, -0.5827 0.1255 0.258, -0.6772 0.1145 0.2635, -0.5827 0.1145 0.2635, -0.5197 0.1342 0.2492, -0.5197 0.1255 0.258, -0.4252 0.1342 0.2492, -0.4252 0.1398 0.2383, -0.5197 0.1398 0.2383, -0.4252 0.1255 0.258, -0.5197 0.1145 0.2635, -0.4252 0.1145 0.2635, -0.3622 0.1342 0.2492, -0.3622 0.1255 0.258, -0.2677 0.1342 0.2492, -0.2677 0.1398 0.2383, -0.3622 0.1398 0.2383, -0.2677 0.1255 0.258, -0.3622 0.1145 0.2635, -0.2677 0.1145 0.2635, -0.2047 0.1342 0.2492, -0.2047 0.1255 0.258, -0.2047 0.1398 0.2383, -0.2047 0.1145 0.2635, -0.0472 0.1342 0.2492, -0.0472 0.1255 0.258, 0.0472 0.1342 0.2492, 0.0472 0.1398 0.2383, -0.0472 0.1398 0.2383, 0.0472 0.1255 0.258, -0.0472 0.1145 0.2635, 0.0472 0.1145 0.2635, 0.1102 0.1342 0.2492, 0.1102 0.1255 0.258, 0.2047 0.1342 0.2492, 0.2047 0.1398 0.2383, 0.1102 0.1398 0.2383, 0.2047 0.1255 0.258, 0.1102 0.1145 0.2635, 0.2047 0.1145 0.2635, 0.2677 0.1342 0.2492, 0.2677 0.1255 0.258, 0.3622 0.1342 0.2492, 0.3622 0.1398 0.2383, 0.2677 0.1398 0.2383, 0.3622 0.1255 0.258, 0.2677 0.1145 0.2635, 0.3622 0.1145 0.2635, 0.4252 0.1342 0.2492, 0.4252 0.1255 0.258, 0.5197 0.1342 0.2492, 0.5197 0.1398 0.2383, 0.4252 0.1398 0.2383, 0.5197 0.1255 0.258, 0.4252 0.1145 0.2635, 0.5197 0.1145 0.2635, 0.5827 0.1342 0.2492, 0.5827 0.1255 0.258, 0.6772 0.1342 0.2492, 0.6772 0.1398 0.2383, 0.5827 0.1398 0.2383, 0.6772 0.1255 0.258, 0.5827 0.1145 0.2635, 0.6772 0.1145 0.2635, 0.7402 0.1342 0.2492, 0.7402 0.1255 0.258, 0.7402 0.1398 0.2383, 0.7402 0.1145 0.2635, 0.9581 0.1262 0.2575, 0.9535 0.115 0.2634, 0.9616 0.1347 0.2486, 0.9638 0.14 0.2378, -1.0415 0.0623 0.2378, -1.0363 0.0601 0.2486, -1.0277 0.0565 0.2575, -1.0433 0.063 0.2261, -1.0166 0.0519 0.2634, -1.0363 -0.0601 0.2486, -1.0433 -0.063 0.2261, -1.0415 -0.0623 0.2378, -1.0166 -0.0519 0.2634, -1.0277 -0.0565 0.2575, -0.9646 -0.1417 0.2261, -0.9638 -0.14 0.2378, -0.9616 -0.1347 0.2486, -0.9581 -0.1262 0.2575, -0.9535 -0.115 0.2634, -0.7402 -0.1255 0.258, -0.7402 -0.1145 0.2635, -0.7402 -0.1342 0.2492, -0.7402 -0.1398 0.2383, -0.7402 -0.1417 0.2261, -0.6772 -0.1342 0.2492, -0.5827 -0.1255 0.258, -0.6772 -0.1255 0.258, -0.6772 -0.1145 0.2635, -0.5827 -0.1145 0.2635, -0.5827 -0.1342 0.2492, -0.6772 -0.1398 0.2383, -0.5827 -0.1398 0.2383, -0.6772 -0.1417 0.2261, -0.5827 -0.1417 0.2261, -0.5197 -0.1342 0.2492, -0.4252 -0.1255 0.258, -0.5197 -0.1255 0.258, -0.5197 -0.1145 0.2635, -0.4252 -0.1145 0.2635, -0.4252 -0.1342 0.2492, -0.5197 -0.1398 0.2383, -0.4252 -0.1398 0.2383, -0.5197 -0.1417 0.2261, -0.4252 -0.1417 0.2261, -0.3622 -0.1342 0.2492, -0.2677 -0.1255 0.258, -0.3622 -0.1255 0.258, -0.3622 -0.1145 0.2635, -0.2677 -0.1145 0.2635, -0.2677 -0.1342 0.2492, -0.3622 -0.1398 0.2383, -0.2677 -0.1398 0.2383, -0.3622 -0.1417 0.2261, -0.2677 -0.1417 0.2261, -0.2047 -0.1342 0.2492, -0.1102 -0.1255 0.258, -0.2047 -0.1255 0.258, -0.2047 -0.1145 0.2635, -0.1102 -0.1145 0.2635, -0.1102 -0.1342 0.2492, -0.2047 -0.1398 0.2383, -0.1102 -0.1398 0.2383, -0.2047 -0.1417 0.2261, -0.1102 -0.1417 0.2261, -0.0472 -0.1342 0.2492, 0.0472 -0.1255 0.258, -0.0472 -0.1255 0.258, -0.0472 -0.1145 0.2635, 0.0472 -0.1145 0.2635, 0.0472 -0.1342 0.2492, -0.0472 -0.1398 0.2383, 0.0472 -0.1398 0.2383, -0.0472 -0.1417 0.2261, 0.0472 -0.1417 0.2261, 0.1102 -0.1342 0.2492, 0.2047 -0.1255 0.258, 0.1102 -0.1255 0.258, 0.1102 -0.1145 0.2635, 0.2047 -0.1145 0.2635, 0.2047 -0.1342 0.2492, 0.1102 -0.1398 0.2383, 0.2047 -0.1398 0.2383, 0.1102 -0.1417 0.2261, 0.2047 -0.1417 0.2261, 0.2677 -0.1342 0.2492, 0.3622 -0.1255 0.258, 0.2677 -0.1255 0.258, 0.2677 -0.1145 0.2635, 0.3622 -0.1145 0.2635, 0.3622 -0.1342 0.2492, 0.2677 -0.1398 0.2383, 0.3622 -0.1398 0.2383, 0.2677 -0.1417 0.2261, 0.3622 -0.1417 0.2261, 0.4252 -0.1342 0.2492, 0.5197 -0.1255 0.258, 0.4252 -0.1255 0.258, 0.4252 -0.1145 0.2635, 0.5197 -0.1145 0.2635, 0.5197 -0.1342 0.2492, 0.4252 -0.1398 0.2383, 0.5197 -0.1398 0.2383, 0.4252 -0.1417 0.2261, 0.5197 -0.1417 0.2261, 0.5827 -0.1342 0.2492, 0.6772 -0.1255 0.258, 0.5827 -0.1255 0.258, 0.5827 -0.1145 0.2635, 0.6772 -0.1145 0.2635, 0.6772 -0.1342 0.2492, 0.5827 -0.1398 0.2383, 0.6772 -0.1398 0.2383, 0.5827 -0.1417 0.2261, 0.6772 -0.1417 0.2261, 0.9616 -0.1347 0.2486, 0.9581 -0.1262 0.2575, 0.8976 -0.1342 0.2492, 0.8976 -0.1398 0.2383, 0.9638 -0.14 0.2378, 0.8976 -0.1417 0.2261, 0.9646 -0.1417 0.2261, 0.8976 -0.1255 0.258, 0.9535 -0.115 0.2634, 0.8976 -0.1145 0.2635, 0.7402 -0.1342 0.2492, 0.7402 -0.1255 0.258, 0.7402 -0.1145 0.2635, 0.7402 -0.1398 0.2383, 0.7402 -0.1417 0.2261, -0.7402 -0.2756 0.0883, -0.7402 -0.0787 0.0883, -0.6772 -0.2756 0.0883, -0.7402 0.2756 0.0883, -0.689 0.2698 0.0883, -0.6772 0.2756 0.0883, -0.7283 0.2698 0.0883, -0.7283 0.085 0.0883, -0.7402 0.0787 0.0883, -0.6772 0.0787 0.0883, -0.689 0.085 0.0883, -0.7283 -0.2698 0.0883, -0.689 -0.2698 0.0883, -0.6772 -0.0787 0.0883, -0.689 -0.085 0.0883, -0.7283 -0.085 0.0883, -0.9449 -0.2326 0.1296, -0.9449 -0.2436 0.1352, -0.9449 -0.2523 0.1439, -0.9449 -0.2598 0.167, -0.9449 -0.2579 0.1549, -1.1811 -0.2598 0.2852, -1.1811 -0.2598 0.167, -1.0433 -0.2598 0.2852, 0.9449 -0.2598 0.167, 1.1811 -0.2598 0.2852, 1.1811 -0.2598 0.167, 1.0433 -0.2598 0.2852, -1.1811 -0.2674 0.3083, -1.1811 -0.2761 0.317, -1.0433 -0.2674 0.3083, -1.0433 -0.2618 0.2973, -1.1811 -0.2618 0.2973, -1.0433 -0.2761 0.317, -1.1811 -0.287 0.3226, -1.0433 -0.287 0.3226, -1.1811 -0.2992 0.3245, -1.0433 -0.2992 0.3245, -1.0433 0.2598 0.2852, -1.0433 0.2618 0.2973, -1.0433 0.4961 0.3245, -1.0433 0.2674 0.3083, -1.0433 0.2992 0.3245, -1.0433 0.2761 0.317, -1.0433 0.287 0.3226, -1.0433 -0.4961 0.3245, -1.1811 0.2674 0.3083, -1.1811 0.2761 0.317, -1.1811 0.287 0.3226, -1.1811 0.2992 0.3245, -1.1811 0.2618 0.2973, -1.1811 0.2598 0.2852, -0.9449 0.2598 0.167, -1.1811 0.2598 0.167, 0.9449 0.2598 0.167, 1.1811 0.2598 0.2852, 1.1811 0.2598 0.167, 1.0433 0.2598 0.2852, -0.9449 0.2436 0.1352, -0.9449 0.2579 0.1549, -0.9449 0.2523 0.1439, -0.9449 0.2326 0.1296, -1.1811 0.2326 0.1296, -1.1811 0.2579 0.1549, -1.1811 0.2523 0.1439, -1.1811 0.2436 0.1352, -1.2416 0.2288 0.1555, -1.2288 0.2416 0.1555, -1.2367 0.2368 0.167, -1.2564 0.1972 0.1555, -1.2523 0.1811 0.1439, -1.2509 0.196 0.1442, -1.1972 0.2564 0.1555, -1.196 0.2509 0.1442, -1.2579 0.1811 0.1549, -1.2583 0.1965 0.167, -1.2598 0.1811 0.167, -1.2538 0.2113 0.167, -1.2376 0.2073 0.135, -1.2273 0.2025 0.1294, -1.23 0.2196 0.135, -1.2073 0.2376 0.135, -1.2196 0.23 0.135, -1.2126 0.2211 0.1294, -1.2211 0.2126 0.1294, -1.2135 0.251 0.1555, -1.2111 0.2459 0.1442, -1.2025 0.2273 0.1294, -1.1941 0.242 0.135, -1.1917 0.2309 0.1294, -1.2248 0.2466 0.167, -1.242 0.1941 0.135, -1.2309 0.1917 0.1294, -1.2465 0.2249 0.167, -1.251 0.2135 0.1555, -1.2436 0.1811 0.1352, -1.2326 0.1811 0.1296, -1.2459 0.2111 0.1442, -1.2372 0.2253 0.1442, -1.2253 0.2372 0.1442, -1.2112 0.2539 0.167, -1.1965 0.2583 0.167, -1.2579 -0.1811 0.1549, -1.2523 -0.1811 0.1439, -1.2598 -0.1811 0.167, -1.2436 -0.1811 0.1352, -1.2326 -0.1811 0.1296, -1.2035 -0.2275 0.1296, -1.2201 -0.23 0.1352, -1.2082 -0.2374 0.1352, -1.2427 -0.2302 0.167, -1.2412 -0.229 0.1549, -1.252 -0.2153 0.167, -1.2374 -0.2082 0.1352, -1.23 -0.2201 0.1352, -1.2214 -0.2132 0.1296, -1.1982 -0.256 0.1549, -1.1986 -0.2579 0.167, -1.1811 -0.2579 0.1549, -1.1969 -0.2505 0.1439, -1.1811 -0.2523 0.1439, -1.2579 -0.1986 0.167, -1.256 -0.1982 0.1549, -1.2505 -0.197 0.1439, -1.2132 -0.2214 0.1296, -1.2453 -0.212 0.1439, -1.242 -0.195 0.1352, -1.2275 -0.2035 0.1296, -1.2313 -0.1926 0.1296, -1.2503 -0.2144 0.1549, -1.2144 -0.2503 0.1549, -1.229 -0.2412 0.1549, -1.2302 -0.2427 0.167, -1.2153 -0.252 0.167, -1.195 -0.242 0.1352, -1.1926 -0.2313 0.1296, -1.1811 -0.2436 0.1352, -1.1811 -0.2326 0.1296, -1.212 -0.2453 0.1439, -1.2255 -0.2368 0.1439, -1.2368 -0.2255 0.1439, -1.2538 -0.2113 0.2852, -1.2465 -0.2249 0.2852, -1.2583 -0.1965 0.2852, -1.2248 -0.2466 0.2852, -1.2112 -0.2539 0.2852, -1.2367 -0.2368 0.2852, -1.1965 -0.2583 0.2852, -1.2598 -0.1811 0.2852, -1.2259 -0.2482 0.2973, -1.212 -0.2556 0.2973, -1.1968 -0.2602 0.2973, -1.2174 -0.2688 0.317, -1.24 -0.2692 0.3226, -1.2216 -0.279 0.3226, -1.2692 -0.24 0.3226, -1.2793 -0.2467 0.3245, -1.256 -0.256 0.3226, -1.2381 -0.2381 0.2973, -1.2482 -0.2259 0.2973, -1.279 -0.2216 0.3226, -1.2902 -0.2263 0.3245, -1.2608 -0.2141 0.3083, -1.2556 -0.212 0.2973, -1.2618 -0.1811 0.2973, -1.2602 -0.1968 0.2973, -1.2674 -0.1811 0.3083, -1.2657 -0.1979 0.3083, -1.2601 -0.2339 0.317, -1.2483 -0.2483 0.317, -1.2421 -0.2421 0.3083, -1.2969 -0.2041 0.3245, -1.285 -0.2018 0.3226, -1.2992 -0.1811 0.3245, -1.2339 -0.2601 0.317, -1.1979 -0.2657 0.3083, -1.2018 -0.285 0.3226, -1.2041 -0.2969 0.3245, -1.1996 -0.2742 0.317, -1.2263 -0.2902 0.3245, -1.2141 -0.2608 0.3083, -1.2742 -0.1996 0.317, -1.2688 -0.2174 0.317, -1.229 -0.2528 0.3083, -1.2467 -0.2793 0.3245, -1.2646 -0.2646 0.3245, -1.2528 -0.229 0.3083, -1.2761 -0.1811 0.317, -1.287 -0.1811 0.3226, -1.3583 -0.4961 0.3245, -1.3583 0.4961 0.3245, -1.437 0.4173 0.3245, -1.2969 0.2041 0.3245, -1.437 -0.4173 0.3245, -1.2992 0.1811 0.3245, -1.2263 0.2902 0.3245, -1.2467 0.2793 0.3245, -1.2793 0.2467 0.3245, -1.2902 0.2263 0.3245, -1.2646 0.2646 0.3245, -1.2041 0.2969 0.3245, 1.3583 0.4961 0.3245, 1.0433 0.4961 0.3245, 1.2041 0.2969 0.3245, 1.437 -0.4173 0.3245, 1.2969 -0.2041 0.3245, 1.3583 -0.4961 0.3245, 1.2263 0.2902 0.3245, 1.1811 0.2992 0.3245, 1.0433 0.2992 0.3245, 1.2467 0.2793 0.3245, 1.2646 0.2646 0.3245, 1.2793 0.2467 0.3245, 1.2902 0.2263 0.3245, 1.437 0.4173 0.3245, 1.2969 0.2041 0.3245, 1.2992 0.1811 0.3245, 1.2992 -0.1811 0.3245, 1.2263 -0.2902 0.3245, 1.2467 -0.2793 0.3245, 1.2793 -0.2467 0.3245, 1.2902 -0.2263 0.3245, 1.2646 -0.2646 0.3245, 1.2041 -0.2969 0.3245, 1.1811 -0.2992 0.3245, 1.0433 -0.2992 0.3245, 1.0433 -0.4961 0.3245, -1.2482 0.2259 0.2973, -1.2556 0.212 0.2973, -1.2539 0.2112 0.2852, -1.2598 0.1811 0.2852, -1.2602 0.1968 0.2973, -1.2618 0.1811 0.2973, -1.2688 0.2174 0.317, -1.2692 0.24 0.3226, -1.279 0.2216 0.3226, -1.2583 0.1965 0.2852, -1.24 0.2692 0.3226, -1.256 0.256 0.3226, -1.2381 0.2381 0.2973, -1.2368 0.2367 0.2852, -1.2259 0.2482 0.2973, -1.2216 0.279 0.3226, -1.2141 0.2608 0.3083, -1.212 0.2556 0.2973, -1.1965 0.2583 0.2852, -1.1968 0.2602 0.2973, -1.1979 0.2657 0.3083, -1.2339 0.2601 0.317, -1.2483 0.2483 0.317, -1.2421 0.2421 0.3083, -1.2018 0.285 0.3226, -1.2601 0.2339 0.317, -1.2466 0.2248 0.2852, -1.2674 0.1811 0.3083, -1.2657 0.1979 0.3083, -1.2761 0.1811 0.317, -1.285 0.2018 0.3226, -1.287 0.1811 0.3226, -1.2742 0.1996 0.317, -1.2608 0.2141 0.3083, -1.1996 0.2742 0.317, -1.2174 0.2688 0.317, -1.2528 0.229 0.3083, -1.2249 0.2465 0.2852, -1.229 0.2528 0.3083, -1.2113 0.2538 0.2852, 0.9449 -0.4961 0.0686, 0.9449 -0.4961 0.0096, 1.0433 -0.4961 0.0489, -1.3583 -0.4961 0.0489, -1.0433 -0.4961 0.0489, -0.9449 -0.4961 0.0686, 1.0433 -0.4961 0.0096, 1.3583 -0.4961 0.0489, -1.0433 -0.4961 0.0096, -0.9449 -0.4961 0.0096, -0.8268 -0.3386 0.0686, -0.748 -0.3386 0.0686, -0.9055 -0.3386 0.0686, -0.9055 -0.0394 0.0686, -0.8268 -0.0394 0.0686, -0.9449 -0.3386 0.0686, -0.6693 -0.3386 0.0686, -0.5906 -0.3386 0.0686, -0.748 -0.0394 0.0686, -0.6693 -0.0394 0.0686, -0.5118 -0.3386 0.0686, -0.4331 -0.3386 0.0686, -0.5906 -0.0394 0.0686, -0.5118 -0.0394 0.0686, -0.3543 -0.3386 0.0686, -0.2756 -0.3386 0.0686, -0.4331 -0.0394 0.0686, -0.3543 -0.0394 0.0686, -0.1969 -0.3386 0.0686, -0.1181 -0.3386 0.0686, -0.2756 -0.0394 0.0686, -0.1969 -0.0394 0.0686, -0.0394 -0.3386 0.0686, 0.0394 -0.3386 0.0686, -0.1181 -0.0394 0.0686, -0.0394 -0.0394 0.0686, 0.1181 -0.3386 0.0686, 0.0394 -0.0394 0.0686, 0.1181 -0.0394 0.0686, 0.1969 -0.3386 0.0686, 0.2756 -0.3386 0.0686, 0.1969 -0.0394 0.0686, 0.2756 -0.0394 0.0686, 0.3543 -0.3386 0.0686, 0.4331 -0.3386 0.0686, 0.3543 -0.0394 0.0686, 0.4331 -0.0394 0.0686, 0.5118 -0.3386 0.0686, 0.5906 -0.3386 0.0686, 0.5118 -0.0394 0.0686, 0.5906 -0.0394 0.0686, 0.6693 -0.3386 0.0686, 0.748 -0.3386 0.0686, 0.6693 -0.0394 0.0686, 0.748 -0.0394 0.0686, 0.8268 -0.3386 0.0686, 0.9055 -0.3386 0.0686, 0.8268 -0.0394 0.0686, 0.9055 -0.0394 0.0686, 0.9449 -0.3386 0.0686, 0.5906 0.3386 0.0686, 0.9449 0.4961 0.0686, 0.6693 0.3386 0.0686, 0.5118 0.3386 0.0686, 0.4331 0.3386 0.0686, 0.748 0.3386 0.0686, 0.748 0.0394 0.0686, 0.6693 0.0394 0.0686, 0.9449 0.3386 0.0686, 0.9055 0.3386 0.0686, 0.5906 0.0394 0.0686, 0.5118 0.0394 0.0686, 0.3543 0.3386 0.0686, 0.2756 0.3386 0.0686, 0.4331 0.0394 0.0686, 0.3543 0.0394 0.0686, 0.1969 0.3386 0.0686, 0.1181 0.3386 0.0686, 0.2756 0.0394 0.0686, 0.1969 0.0394 0.0686, 0.0394 0.3386 0.0686, -0.0394 0.3386 0.0686, 0.1181 0.0394 0.0686, 0.0394 0.0394 0.0686, -0.9449 0.4961 0.0686, -0.1181 0.3386 0.0686, -0.0394 0.0394 0.0686, -0.1181 0.0394 0.0686, -0.1969 0.3386 0.0686, -0.2756 0.3386 0.0686, -0.1969 0.0394 0.0686, -0.2756 0.0394 0.0686, -0.3543 0.3386 0.0686, -0.4331 0.3386 0.0686, -0.3543 0.0394 0.0686, -0.4331 0.0394 0.0686, -0.5118 0.3386 0.0686, -0.5906 0.3386 0.0686, -0.5118 0.0394 0.0686, -0.5906 0.0394 0.0686, -0.6693 0.3386 0.0686, -0.748 0.3386 0.0686, -0.6693 0.0394 0.0686, -0.748 0.0394 0.0686, -0.8268 0.3386 0.0686, -0.9055 0.3386 0.0686, -0.8268 0.0394 0.0686, -0.9055 0.0394 0.0686, -0.9449 0.3386 0.0686, 0.8268 0.3386 0.0686, 0.8268 0.0394 0.0686, 0.9055 0.0394 0.0686, -0.9449 -0.3386 0.0096, -0.9055 -0.3386 0.0096, -0.8268 -0.3386 0.0096, -0.748 -0.3386 0.0096, -0.6693 -0.3386 0.0096, -0.5906 -0.3386 0.0096, -0.5118 -0.3386 0.0096, -0.4331 -0.3386 0.0096, -0.3543 -0.3386 0.0096, -0.2756 -0.3386 0.0096, -0.1969 -0.3386 0.0096, -0.1181 -0.3386 0.0096, -0.0394 -0.3386 0.0096, 0.0394 -0.3386 0.0096, 0.1181 -0.3386 0.0096, 0.1969 -0.3386 0.0096, 0.2756 -0.3386 0.0096, 0.3543 -0.3386 0.0096, 0.4331 -0.3386 0.0096, 0.5118 -0.3386 0.0096, 0.5906 -0.3386 0.0096, 0.6693 -0.3386 0.0096, 0.748 -0.3386 0.0096, 0.8268 -0.3386 0.0096, 0.9055 -0.3386 0.0096, 0.9449 -0.3386 0.0096, -0.9055 -0.0394 0.0096, 1.437 -0.1811 0.0096, 0.9055 -0.0394 0.0096, 0.9055 0.0394 0.0096, 1.0433 -0.1811 0.0096, 0.5118 0.0394 0.0096, 0.5906 -0.0394 0.0096, 0.5118 -0.0394 0.0096, 1.437 0.1811 0.0096, 1.0433 0.4961 0.0096, 0.9449 0.3386 0.0096, 0.9449 0.4961 0.0096, 1.0433 0.1811 0.0096, 0.9055 0.3386 0.0096, 0.5906 0.3386 0.0096, 0.6693 0.3386 0.0096, 0.6693 0.0394 0.0096, 0.8268 0.0394 0.0096, 0.748 0.3386 0.0096, 0.8268 0.3386 0.0096, 0.748 -0.0394 0.0096, 0.748 0.0394 0.0096, 0.8268 -0.0394 0.0096, 0.4331 0.3386 0.0096, 0.5118 0.3386 0.0096, 0.4331 -0.0394 0.0096, 0.3543 0.0394 0.0096, 0.4331 0.0394 0.0096, 0.6693 -0.0394 0.0096, 0.5906 0.0394 0.0096, 0.3543 -0.0394 0.0096, 0.2756 -0.0394 0.0096, 0.2756 0.0394 0.0096, 0.2756 0.3386 0.0096, 0.3543 0.3386 0.0096, 0.1969 -0.0394 0.0096, 0.1181 0.0394 0.0096, 0.1969 0.0394 0.0096, 0.1181 0.3386 0.0096, 0.1969 0.3386 0.0096, -0.1969 -0.0394 0.0096, -0.1181 0.0394 0.0096, -0.0394 0.0394 0.0096, -0.0394 -0.0394 0.0096, -0.0394 0.3386 0.0096, 0.0394 0.3386 0.0096, 0.0394 0.0394 0.0096, -0.1969 0.0394 0.0096, -0.1181 -0.0394 0.0096, -0.5118 -0.0394 0.0096, -0.1969 0.3386 0.0096, -0.1181 0.3386 0.0096, -0.4331 0.0394 0.0096, -0.3543 -0.0394 0.0096, -0.4331 -0.0394 0.0096, -0.5118 0.0394 0.0096, -0.5906 0.0394 0.0096, -0.3543 0.3386 0.0096, -0.2756 0.3386 0.0096, -0.2756 0.0394 0.0096, -0.8268 -0.0394 0.0096, -0.5906 -0.0394 0.0096, -0.6693 0.0394 0.0096, -0.5118 0.3386 0.0096, -0.4331 0.3386 0.0096, -1.0433 -0.1811 0.0096, -0.748 0.0394 0.0096, -0.6693 -0.0394 0.0096, -0.6693 0.3386 0.0096, -0.5906 0.3386 0.0096, -0.748 -0.0394 0.0096, -0.3543 0.0394 0.0096, -0.8268 0.3386 0.0096, -0.748 0.3386 0.0096, -0.8268 0.0394 0.0096, -1.0433 0.1811 0.0096, -0.9449 0.3386 0.0096, -0.9055 0.3386 0.0096, -0.9055 0.0394 0.0096, -1.3382 -0.0224 0.0096, -1.3382 -0.0322 0.0096, -1.437 -0.1811 0.0096, -0.9449 0.4961 0.0096, -1.0433 0.4961 0.0096, -1.2792 -0.0986 0.0096, -1.2792 -0.0912 0.0096, -1.3345 -0.0728 0.0096, -1.3294 -0.0777 0.0096, -1.3382 -0.1109 0.0096, -1.2867 0.0146 0.0096, -1.3068 -0.0174 0.0096, -1.3068 0.0146 0.0096, 0.1181 -0.0394 0.0096, 0.0394 -0.0394 0.0096, -0.2756 -0.0394 0.0096, -1.3382 -0.1208 0.0096, -1.437 0.1811 0.0096, -1.3294 0.065 0.0096, -1.3269 0.0687 0.0096, -1.288 0.065 0.0096, -1.2943 -0.1036 0.0096, -1.2792 -0.1331 0.0096, -1.2943 -0.1282 0.0096, -1.2792 -0.1405 0.0096, -1.2792 -0.0617 0.0096, -1.2792 -0.0322 0.0096, -1.3382 -0.0617 0.0096, -1.2792 0.0219 0.0096, -1.2804 -0.0679 0.0096, -1.2829 -0.0728 0.0096, -1.293 -0.0802 0.0096, -1.288 -0.0777 0.0096, -1.2993 -0.0814 0.0096, -1.3181 -0.0814 0.0096, -1.3244 -0.0802 0.0096, -1.337 -0.0679 0.0096, -1.2792 -0.0224 0.0096, -1.3231 0.0318 0.0096, -1.3231 0.0392 0.0096, -1.2943 0.0318 0.0096, -1.3307 0.049 0.0096, -1.3307 0.0601 0.0096, -1.2867 0.049 0.0096, -1.2867 -0.0224 0.0096, -1.3307 -0.0224 0.0096, -1.3144 -0.0174 0.0096, -1.3144 0.0146 0.0096, -1.3307 0.0146 0.0096, -1.3382 0.0219 0.0096, -1.2943 0.0392 0.0096, -1.288 0.0441 0.0096, -1.2905 0.0404 0.0096, -1.288 0.0761 0.0096, -1.293 0.0785 0.0096, -1.2792 0.0896 0.0096, -1.2905 0.0687 0.0096, -1.3181 0.0724 0.0096, -1.2993 0.0724 0.0096, -1.2943 0.0712 0.0096, -1.3345 0.0379 0.0096, -1.337 0.0429 0.0096, -1.2867 0.1265 0.0096, -1.2867 0.0896 0.0096, -1.3382 0.1265 0.0096, -1.3231 0.0712 0.0096, -1.3345 0.0712 0.0096, -1.2867 0.0601 0.0096, -1.3294 0.0761 0.0096, -1.3244 0.0785 0.0096, -1.337 0.0662 0.0096, -1.3382 0.0601 0.0096, -1.3382 0.049 0.0096, -1.3294 0.0441 0.0096, -1.3269 0.0404 0.0096, -1.3294 0.033 0.0096, -1.2993 0.0798 0.0096, -1.2829 0.0712 0.0096, -1.2804 0.0662 0.0096, -1.2792 0.0601 0.0096, -1.2804 0.0429 0.0096, -1.2792 0.049 0.0096, -1.2829 0.0379 0.0096, -1.288 0.033 0.0096, -1.2792 0.1339 0.0096, -1.3181 0.0798 0.0096, -1.3382 0.1339 0.0096, -1.3269 -0.0703 0.0096, -1.3181 -0.074 0.0096, -1.3231 -0.0728 0.0096, -1.3307 -0.0396 0.0096, -1.2867 -0.0617 0.0096, -1.3307 -0.0617 0.0096, -1.3294 -0.0666 0.0096, -1.2993 -0.074 0.0096, -1.2943 -0.0728 0.0096, -1.2905 -0.0703 0.0096, -1.288 -0.0666 0.0096, -1.2867 -0.0396 0.0096, -1.2993 -0.1048 0.0096, -1.2993 -0.1269 0.0096, -1.3332 -0.1159 0.0096, 1.0433 -0.2205 0.0489, 1.437 -0.2205 0.0489, 1.437 -0.4173 0.0489, 1.2815 -0.2717 0.0489, 1.1555 -0.2717 0.0489, 1.1555 -0.3976 0.0489, 1.2815 -0.3976 0.0489, 1.3583 0.4961 0.0489, 1.1555 0.3976 0.0489, 1.0433 0.4961 0.0489, 1.437 0.4173 0.0489, 1.437 0.2205 0.0489, 1.2815 0.2717 0.0489, 1.2815 0.3976 0.0489, 1.0433 0.2205 0.0489, 1.1555 0.2717 0.0489, -1.0433 0.4961 0.0489, -1.3583 0.4961 0.0489, 1.0433 -0.2618 0.2973, 1.0433 -0.2674 0.3083, 1.0433 -0.287 0.3226, 1.0433 -0.2761 0.317, 1.0433 0.2674 0.3083, 1.0433 0.2761 0.317, 1.0433 0.2618 0.2973, 1.0433 0.287 0.3226, 1.1811 -0.2674 0.3083, 1.1811 -0.2761 0.317, 1.1811 -0.287 0.3226, 1.1811 -0.2618 0.2973, 1.2482 -0.2259 0.2973, 1.2556 -0.212 0.2973, 1.2539 -0.2112 0.2852, 1.2598 -0.1811 0.2852, 1.2602 -0.1968 0.2973, 1.2618 -0.1811 0.2973, 1.2688 -0.2174 0.317, 1.2692 -0.24 0.3226, 1.279 -0.2216 0.3226, 1.2583 -0.1965 0.2852, 1.24 -0.2692 0.3226, 1.256 -0.256 0.3226, 1.2381 -0.2381 0.2973, 1.2368 -0.2367 0.2852, 1.2259 -0.2482 0.2973, 1.2216 -0.279 0.3226, 1.2141 -0.2608 0.3083, 1.212 -0.2556 0.2973, 1.1965 -0.2583 0.2852, 1.1968 -0.2602 0.2973, 1.1979 -0.2657 0.3083, 1.2339 -0.2601 0.317, 1.2483 -0.2483 0.317, 1.2421 -0.2421 0.3083, 1.2018 -0.285 0.3226, 1.2601 -0.2339 0.317, 1.2466 -0.2248 0.2852, 1.2674 -0.1811 0.3083, 1.2657 -0.1979 0.3083, 1.2761 -0.1811 0.317, 1.285 -0.2018 0.3226, 1.287 -0.1811 0.3226, 1.2742 -0.1996 0.317, 1.2608 -0.2141 0.3083, 1.1996 -0.2742 0.317, 1.2174 -0.2688 0.317, 1.2528 -0.229 0.3083, 1.2249 -0.2465 0.2852, 1.229 -0.2528 0.3083, 1.2113 -0.2538 0.2852, 1.2113 -0.2538 0.167, 1.1965 -0.2583 0.167, 1.2466 -0.2248 0.167, 1.2368 -0.2367 0.167, 1.2249 -0.2465 0.167, 1.2583 -0.1965 0.167, 1.2539 -0.2112 0.167, 1.2598 -0.1811 0.167, 1.2416 -0.2288 0.1555, 1.2288 -0.2416 0.1555, 1.2564 -0.1972 0.1555, 1.2523 -0.1811 0.1439, 1.2509 -0.196 0.1442, 1.1972 -0.2564 0.1555, 1.196 -0.2509 0.1442, 1.1811 -0.2579 0.1549, 1.2579 -0.1811 0.1549, 1.2376 -0.2073 0.135, 1.2273 -0.2025 0.1294, 1.23 -0.2196 0.135, 1.2073 -0.2376 0.135, 1.2196 -0.23 0.135, 1.2126 -0.2211 0.1294, 1.2211 -0.2126 0.1294, 1.1811 -0.2523 0.1439, 1.2135 -0.251 0.1555, 1.2111 -0.2459 0.1442, 1.2025 -0.2273 0.1294, 1.1941 -0.242 0.135, 1.1917 -0.2309 0.1294, 1.242 -0.1941 0.135, 1.2309 -0.1917 0.1294, 1.1811 -0.2326 0.1296, 1.251 -0.2135 0.1555, 1.2436 -0.1811 0.1352, 1.2326 -0.1811 0.1296, 1.2459 -0.2111 0.1442, 1.2372 -0.2253 0.1442, 1.2253 -0.2372 0.1442, 1.1811 -0.2436 0.1352, 1.2579 0.1811 0.1549, 1.2523 0.1811 0.1439, 1.2598 0.1811 0.167, 1.2436 0.1811 0.1352, 1.2326 0.1811 0.1296, 1.2035 0.2275 0.1296, 1.2201 0.23 0.1352, 1.2082 0.2374 0.1352, 1.2427 0.2302 0.167, 1.2412 0.229 0.1549, 1.252 0.2153 0.167, 1.2374 0.2082 0.1352, 1.23 0.2201 0.1352, 1.2214 0.2132 0.1296, 1.1982 0.256 0.1549, 1.1986 0.2579 0.167, 1.1811 0.2579 0.1549, 1.1969 0.2505 0.1439, 1.1811 0.2523 0.1439, 1.2579 0.1986 0.167, 1.256 0.1982 0.1549, 1.2505 0.197 0.1439, 1.2132 0.2214 0.1296, 1.2453 0.212 0.1439, 1.242 0.195 0.1352, 1.2275 0.2035 0.1296, 1.2313 0.1926 0.1296, 1.2503 0.2144 0.1549, 1.2144 0.2503 0.1549, 1.229 0.2412 0.1549, 1.2302 0.2427 0.167, 1.2153 0.252 0.167, 1.195 0.242 0.1352, 1.1926 0.2313 0.1296, 1.1811 0.2436 0.1352, 1.1811 0.2326 0.1296, 1.212 0.2453 0.1439, 1.2255 0.2368 0.1439, 1.2368 0.2255 0.1439, 0.9449 0.2579 0.1549, 0.9449 0.2523 0.1439, 0.9449 0.2326 0.1296, 0.9449 0.2436 0.1352, 1.2538 0.2113 0.2852, 1.2465 0.2249 0.2852, 1.2583 0.1965 0.2852, 1.2248 0.2466 0.2852, 1.2112 0.2539 0.2852, 1.2367 0.2368 0.2852, 1.1965 0.2583 0.2852, 1.2598 0.1811 0.2852, 1.2259 0.2482 0.2973, 1.212 0.2556 0.2973, 1.1968 0.2602 0.2973, 1.1811 0.2618 0.2973, 1.2174 0.2688 0.317, 1.24 0.2692 0.3226, 1.2216 0.279 0.3226, 1.2692 0.24 0.3226, 1.256 0.256 0.3226, 1.2381 0.2381 0.2973, 1.2482 0.2259 0.2973, 1.279 0.2216 0.3226, 1.2608 0.2141 0.3083, 1.2556 0.212 0.2973, 1.2618 0.1811 0.2973, 1.2602 0.1968 0.2973, 1.2674 0.1811 0.3083, 1.2657 0.1979 0.3083, 1.2601 0.2339 0.317, 1.2483 0.2483 0.317, 1.2421 0.2421 0.3083, 1.285 0.2018 0.3226, 1.2339 0.2601 0.317, 1.1811 0.2674 0.3083, 1.1979 0.2657 0.3083, 1.1811 0.2761 0.317, 1.2018 0.285 0.3226, 1.1811 0.287 0.3226, 1.1996 0.2742 0.317, 1.2141 0.2608 0.3083, 1.2742 0.1996 0.317, 1.2688 0.2174 0.317, 1.229 0.2528 0.3083, 1.2528 0.229 0.3083, 1.2761 0.1811 0.317, 1.287 0.1811 0.3226, 0.9449 -0.2326 0.1296, 0.9449 -0.2523 0.1439, 0.9449 -0.2436 0.1352, 0.9449 -0.2579 0.1549, -1.437 0.4173 0.0489, -1.2815 -0.2717 0.0489, -1.437 -0.4173 0.0489, -1.437 -0.2205 0.0489, -1.2815 -0.3976 0.0489, -1.1555 -0.3976 0.0489, -1.0433 -0.2205 0.0489, -1.1555 -0.2717 0.0489, -1.1555 0.2717 0.0489, -1.1555 0.3976 0.0489, -1.0433 0.2205 0.0489, -1.437 0.2205 0.0489, -1.2815 0.2717 0.0489, -1.2815 0.3976 0.0489, -1.2579 0.2953 0.0726, -1.1791 0.2953 0.0726, -1.1791 0.2953 0.167, -1.2579 0.2953 0.167, -1.1791 0.374 0.167, -1.1791 0.374 0.0726, -1.2579 0.374 0.0726, -1.2579 0.374 0.167, -1.2579 -0.2953 0.167, -1.1791 -0.374 0.167, -1.2579 -0.374 0.167, -1.1791 -0.2953 0.167, -1.2579 -0.374 0.0726, -1.1791 -0.374 0.0726, -1.2579 -0.2953 0.0726, -1.1791 -0.2953 0.0726, 1.1791 0.374 0.0726, 1.1791 0.2953 0.0726, 1.2579 0.2953 0.0726, 1.2579 0.374 0.0726, 1.2579 0.2953 0.167, 1.2579 0.374 0.167, 1.1791 0.374 0.167, 1.1791 0.2953 0.167, 1.1791 -0.374 0.167, 1.1791 -0.2953 0.167, 1.2579 -0.2953 0.167, 1.2579 -0.374 0.167, 1.2579 -0.374 0.0726, 1.1791 -0.374 0.0726, 1.1791 -0.2953 0.0726, 1.2579 -0.2953 0.0726, -0.5827 -0.2756 0.0883, -0.5827 -0.0787 0.0883, -0.5197 -0.2756 0.0883, -0.5827 0.2756 0.0883, -0.5315 0.2698 0.0883, -0.5197 0.2756 0.0883, -0.5709 0.2698 0.0883, -0.5709 0.085 0.0883, -0.5827 0.0787 0.0883, -0.5197 0.0787 0.0883, -0.5315 0.085 0.0883, -0.5709 -0.2698 0.0883, -0.5315 -0.2698 0.0883, -0.5197 -0.0787 0.0883, -0.5315 -0.085 0.0883, -0.5709 -0.085 0.0883, -0.4252 -0.2756 0.0883, -0.4252 -0.0787 0.0883, -0.3622 -0.2756 0.0883, -0.4252 0.2756 0.0883, -0.374 0.2698 0.0883, -0.3622 0.2756 0.0883, -0.4134 0.2698 0.0883, -0.4134 0.085 0.0883, -0.4252 0.0787 0.0883, -0.3622 0.0787 0.0883, -0.374 0.085 0.0883, -0.4134 -0.2698 0.0883, -0.374 -0.2698 0.0883, -0.3622 -0.0787 0.0883, -0.374 -0.085 0.0883, -0.4134 -0.085 0.0883, -0.2677 -0.2756 0.0883, -0.2677 -0.0787 0.0883, -0.2047 -0.2756 0.0883, -0.2677 0.2756 0.0883, -0.2165 0.2698 0.0883, -0.2047 0.2756 0.0883, -0.2559 0.2698 0.0883, -0.2559 0.085 0.0883, -0.2677 0.0787 0.0883, -0.2047 0.0787 0.0883, -0.2165 0.085 0.0883, -0.2559 -0.2698 0.0883, -0.2165 -0.2698 0.0883, -0.2047 -0.0787 0.0883, -0.2165 -0.085 0.0883, -0.2559 -0.085 0.0883, 0.0472 -0.2756 0.0883, 0.0472 -0.0787 0.0883, 0.1102 -0.2756 0.0883, 0.0472 0.2756 0.0883, 0.0984 0.2698 0.0883, 0.1102 0.2756 0.0883, 0.0591 0.2698 0.0883, 0.0591 0.085 0.0883, 0.0472 0.0787 0.0883, 0.1102 0.0787 0.0883, 0.0984 0.085 0.0883, 0.0591 -0.2698 0.0883, 0.0984 -0.2698 0.0883, 0.1102 -0.0787 0.0883, 0.0984 -0.085 0.0883, 0.0591 -0.085 0.0883, 0.2047 -0.2756 0.0883, 0.2047 -0.0787 0.0883, 0.2677 -0.2756 0.0883, 0.2047 0.2756 0.0883, 0.2559 0.2698 0.0883, 0.2677 0.2756 0.0883, 0.2165 0.2698 0.0883, 0.2165 0.085 0.0883, 0.2047 0.0787 0.0883, 0.2677 0.0787 0.0883, 0.2559 0.085 0.0883, 0.2165 -0.2698 0.0883, 0.2559 -0.2698 0.0883, 0.2677 -0.0787 0.0883, 0.2559 -0.085 0.0883, 0.2165 -0.085 0.0883, 0.3622 -0.2756 0.0883, 0.3622 -0.0787 0.0883, 0.4252 -0.2756 0.0883, 0.3622 0.2756 0.0883, 0.4134 0.2698 0.0883, 0.4252 0.2756 0.0883, 0.374 0.2698 0.0883, 0.374 0.085 0.0883, 0.3622 0.0787 0.0883, 0.4252 0.0787 0.0883, 0.4134 0.085 0.0883, 0.374 -0.2698 0.0883, 0.4134 -0.2698 0.0883, 0.4252 -0.0787 0.0883, 0.4134 -0.085 0.0883, 0.374 -0.085 0.0883, 0.5197 -0.2756 0.0883, 0.5197 -0.0787 0.0883, 0.5827 -0.2756 0.0883, 0.5197 0.2756 0.0883, 0.5709 0.2698 0.0883, 0.5827 0.2756 0.0883, 0.5315 0.2698 0.0883, 0.5315 0.085 0.0883, 0.5197 0.0787 0.0883, 0.5827 0.0787 0.0883, 0.5709 0.085 0.0883, 0.5315 -0.2698 0.0883, 0.5709 -0.2698 0.0883, 0.5827 -0.0787 0.0883, 0.5709 -0.085 0.0883, 0.5315 -0.085 0.0883, 0.6772 -0.2756 0.0883, 0.6772 -0.0787 0.0883, 0.7402 -0.2756 0.0883, 0.6772 0.2756 0.0883, 0.7283 0.2698 0.0883, 0.7402 0.2756 0.0883, 0.689 0.2698 0.0883, 0.689 0.085 0.0883, 0.6772 0.0787 0.0883, 0.7402 0.0787 0.0883, 0.7283 0.085 0.0883, 0.689 -0.2698 0.0883, 0.7283 -0.2698 0.0883, 0.7402 -0.0787 0.0883, 0.7283 -0.085 0.0883, 0.689 -0.085 0.0883, 1.0433 -0.063 0.2261, 1.0415 -0.0623 0.2378, 1.0363 -0.0601 0.2486, 1.0277 -0.0565 0.2575, 1.0166 -0.0519 0.2634, 1.0363 0.0601 0.2486, 1.0433 0.063 0.2261, 1.0415 0.0623 0.2378, 1.0166 0.0519 0.2634, 1.0277 0.0565 0.2575, 0.8346 0.3485 0.1474, 0.8346 0.4339 0.1474, 0.8976 0.4339 0.1474, 0.8976 0.3485 0.1474, 0.8858 0.4293 0.1474, 0.8465 0.4293 0.1474, 0.8465 0.3552 0.1474, 0.8858 0.3552 0.1474, 0.8465 -0.3552 0.1474, 0.8346 -0.3485 0.1474, 0.8346 -0.4339 0.1474, 0.8465 -0.4293 0.1474, 0.8976 -0.4339 0.1474, 0.8858 -0.4293 0.1474, 0.8858 -0.3552 0.1474, 0.8976 -0.3485 0.1474
            ]
        }
        coordIndex [
            0,1,2,-1,3,1,0,-1,4,0,5,-1,6,2,1,-1,6,7,4,-1,6,1,7,-1,6,4,5,-1,0,4,3,-1,8,9,10,-1,10,9,11,-1,9,12,13,-1,12,14,13,-1,9,13,11,-1,14,8,10,-1,13,14,15,-1,14,10,15,-1,16,0,17,-1,18,19,20,-1,21,18,20,-1,19,18,22,-1,18,23,24,-1,24,22,18,-1,23,5,24,-1,5,0,16,-1,5,16,24,-1,25,26,27,-1,26,25,28,-1,26,29,30,-1,28,29,26,-1,31,26,30,-1,31,30,17,-1,17,0,31,-1,32,31,0,-1,0,2,32,-1,33,34,35,-1,36,37,38,-1,39,40,41,-1,34,42,43,-1,39,44,40,-1,45,46,47,-1,46,48,47,-1,37,49,38,-1,40,50,51,-1,52,53,54,-1,52,54,55,-1,40,44,50,-1,46,56,57,-1,58,59,32,-1,60,59,58,-1,46,45,56,-1,54,61,62,-1,63,42,64,-1,65,31,66,-1,54,53,61,-1,58,67,68,-1,69,70,71,-1,72,73,74,-1,58,32,67,-1,31,75,26,-1,31,76,75,-1,73,77,78,-1,79,48,80,-1,81,82,83,-1,73,84,77,-1,70,85,86,-1,87,88,89,-1,90,55,91,-1,70,92,85,-1,83,93,94,-1,95,96,97,-1,53,52,60,-1,83,98,93,-1,87,99,100,-1,82,88,98,-1,32,59,66,-1,87,101,99,-1,95,102,103,-1,102,95,104,-1,95,105,106,-1,104,95,106,-1,107,64,42,-1,108,34,33,-1,34,109,35,-1,108,107,34,-1,42,110,43,-1,110,111,43,-1,112,43,111,-1,112,113,43,-1,114,37,115,-1,114,49,37,-1,34,107,42,-1,115,111,110,-1,64,116,63,-1,116,117,115,-1,116,64,117,-1,31,65,76,-1,116,115,110,-1,37,111,115,-1,41,49,114,-1,117,64,118,-1,118,119,41,-1,118,64,119,-1,73,72,84,-1,118,41,114,-1,40,49,41,-1,119,64,80,-1,39,48,44,-1,80,64,79,-1,70,69,92,-1,80,48,39,-1,46,44,48,-1,79,64,91,-1,47,55,45,-1,91,64,90,-1,98,83,82,-1,91,55,47,-1,54,45,55,-1,90,64,120,-1,60,52,120,-1,120,64,121,-1,87,89,101,-1,60,120,121,-1,58,53,60,-1,121,64,122,-1,66,59,122,-1,122,64,123,-1,76,65,74,-1,66,122,123,-1,31,32,66,-1,64,124,123,-1,74,65,125,-1,124,125,123,-1,71,84,72,-1,74,125,126,-1,73,76,74,-1,124,126,125,-1,71,72,127,-1,124,127,126,-1,69,81,92,-1,71,127,128,-1,70,84,71,-1,124,128,127,-1,81,69,129,-1,124,129,128,-1,95,97,105,-1,81,129,130,-1,83,92,81,-1,124,130,129,-1,88,82,131,-1,124,131,130,-1,89,96,101,-1,88,131,132,-1,87,98,88,-1,124,132,131,-1,96,89,133,-1,124,133,132,-1,105,97,124,-1,96,133,134,-1,95,101,96,-1,124,134,133,-1,97,135,124,-1,124,135,134,-1,136,137,138,-1,139,140,141,-1,142,143,144,-1,141,145,139,-1,146,137,136,-1,147,146,148,-1,136,149,150,-1,146,147,137,-1,149,136,138,-1,137,144,138,-1,151,144,137,-1,152,153,154,-1,142,144,151,-1,137,152,151,-1,155,152,137,-1,156,157,158,-1,140,156,137,-1,137,156,155,-1,153,152,155,-1,159,160,161,-1,162,163,164,-1,165,166,159,-1,157,156,167,-1,164,168,169,-1,170,171,172,-1,173,174,23,-1,160,159,166,-1,174,175,176,-1,177,178,179,-1,177,180,181,-1,182,183,177,-1,184,185,170,-1,186,177,187,-1,164,163,168,-1,177,179,187,-1,188,189,190,-1,181,178,177,-1,174,173,175,-1,180,190,191,-1,192,193,194,-1,180,195,190,-1,170,191,184,-1,180,194,195,-1,196,197,198,-1,180,199,194,-1,190,195,188,-1,180,198,199,-1,200,201,202,-1,182,177,186,-1,194,199,192,-1,203,198,180,-1,202,203,180,-1,198,203,196,-1,202,180,200,-1,191,181,180,-1,204,205,206,-1,205,177,206,-1,140,139,207,-1,177,183,206,-1,183,208,209,-1,183,182,208,-1,191,172,181,-1,170,172,191,-1,186,210,211,-1,186,187,210,-1,170,173,171,-1,23,171,173,-1,179,212,213,-1,179,178,212,-1,174,214,23,-1,214,174,163,-1,181,215,216,-1,181,172,215,-1,214,163,162,-1,217,162,164,-1,171,18,218,-1,171,23,18,-1,164,166,217,-1,166,165,217,-1,214,219,220,-1,214,162,219,-1,165,159,221,-1,167,221,159,-1,217,222,223,-1,217,165,222,-1,224,221,167,-1,224,167,156,-1,221,225,226,-1,221,224,225,-1,156,140,224,-1,140,227,224,-1,227,228,229,-1,227,230,228,-1,140,230,227,-1,140,231,230,-1,231,232,233,-1,231,234,232,-1,140,234,231,-1,140,235,234,-1,235,236,237,-1,235,207,236,-1,140,207,235,-1,238,239,240,-1,241,242,243,-1,244,245,246,-1,247,244,246,-1,248,249,250,-1,251,252,253,-1,254,251,253,-1,255,254,249,-1,252,251,256,-1,256,251,257,-1,258,259,260,-1,249,261,255,-1,243,262,263,-1,262,243,242,-1,264,265,266,-1,267,268,269,-1,270,271,272,-1,271,270,273,-1,274,275,276,-1,277,278,250,-1,279,280,281,-1,280,279,267,-1,238,282,283,-1,284,285,286,-1,259,287,288,-1,287,259,258,-1,289,290,291,-1,250,291,283,-1,265,292,293,-1,292,265,264,-1,294,295,296,-1,289,250,297,-1,275,298,299,-1,298,275,274,-1,296,300,294,-1,300,301,294,-1,302,303,304,-1,303,302,305,-1,306,301,300,-1,240,301,306,-1,286,307,308,-1,307,286,285,-1,240,306,238,-1,309,310,244,-1,295,311,312,-1,294,311,295,-1,309,244,247,-1,290,313,314,-1,301,315,316,-1,240,315,301,-1,244,313,290,-1,244,290,317,-1,239,318,319,-1,313,318,239,-1,297,250,317,-1,239,238,314,-1,313,239,314,-1,244,317,245,-1,250,245,317,-1,295,320,296,-1,289,291,250,-1,320,285,284,-1,321,322,305,-1,323,250,282,-1,285,320,295,-1,290,314,291,-1,286,322,284,-1,283,282,250,-1,277,323,300,-1,321,305,302,-1,305,322,286,-1,238,306,282,-1,302,324,321,-1,323,277,250,-1,325,264,266,-1,276,324,274,-1,274,324,302,-1,300,296,277,-1,275,325,276,-1,260,326,258,-1,320,327,278,-1,250,278,327,-1,264,325,275,-1,320,284,327,-1,265,326,266,-1,250,327,328,-1,322,329,328,-1,250,328,329,-1,258,326,265,-1,322,321,329,-1,259,269,260,-1,250,329,248,-1,324,330,248,-1,248,330,249,-1,267,269,259,-1,324,276,330,-1,279,268,267,-1,330,331,249,-1,325,332,331,-1,331,332,249,-1,333,268,279,-1,325,266,332,-1,333,279,273,-1,332,334,249,-1,326,335,334,-1,334,335,249,-1,333,273,336,-1,326,260,335,-1,273,270,336,-1,335,337,249,-1,269,338,337,-1,337,338,249,-1,270,339,336,-1,269,268,338,-1,242,339,270,-1,338,340,249,-1,333,341,340,-1,340,341,249,-1,241,339,242,-1,333,336,341,-1,255,241,243,-1,341,342,249,-1,339,343,342,-1,342,343,249,-1,255,243,251,-1,339,241,343,-1,251,254,255,-1,343,261,249,-1,135,97,344,-1,344,345,135,-1,134,135,345,-1,345,346,134,-1,96,134,346,-1,346,347,96,-1,97,96,347,-1,347,344,97,-1,345,348,346,-1,349,348,345,-1,350,345,344,-1,346,348,351,-1,347,351,350,-1,346,351,347,-1,347,350,344,-1,345,350,349,-1,352,353,354,-1,355,356,357,-1,353,352,358,-1,356,359,358,-1,353,358,359,-1,358,357,356,-1,354,356,355,-1,352,354,355,-1,261,343,356,-1,356,354,261,-1,255,261,354,-1,354,353,255,-1,241,255,353,-1,353,359,241,-1,343,241,359,-1,359,356,343,-1,360,133,89,-1,360,361,133,-1,132,133,361,-1,361,362,132,-1,362,88,132,-1,362,363,88,-1,363,89,88,-1,363,360,89,-1,361,364,362,-1,365,364,361,-1,366,361,360,-1,362,364,367,-1,363,367,366,-1,362,367,363,-1,363,366,360,-1,361,366,365,-1,368,369,370,-1,371,372,373,-1,369,368,374,-1,372,375,374,-1,369,374,375,-1,374,373,372,-1,370,372,371,-1,368,370,371,-1,372,342,341,-1,372,370,342,-1,339,342,370,-1,370,369,339,-1,369,336,339,-1,369,375,336,-1,375,341,336,-1,375,372,341,-1,376,131,82,-1,376,377,131,-1,130,131,377,-1,377,378,130,-1,378,81,130,-1,378,379,81,-1,379,82,81,-1,379,376,82,-1,377,380,378,-1,381,380,377,-1,382,377,376,-1,378,380,383,-1,379,383,382,-1,378,383,379,-1,379,382,376,-1,377,382,381,-1,384,385,386,-1,387,388,389,-1,385,384,390,-1,388,391,390,-1,385,390,391,-1,390,389,388,-1,386,388,387,-1,384,386,387,-1,388,340,338,-1,388,386,340,-1,333,340,386,-1,386,385,333,-1,385,268,333,-1,385,391,268,-1,391,338,268,-1,391,388,338,-1,392,129,69,-1,392,393,129,-1,128,129,393,-1,393,394,128,-1,394,71,128,-1,394,395,71,-1,395,69,71,-1,395,392,69,-1,393,396,394,-1,397,396,393,-1,398,393,392,-1,394,396,399,-1,395,399,398,-1,394,399,395,-1,395,398,392,-1,393,398,397,-1,400,401,402,-1,403,404,405,-1,401,400,406,-1,404,407,406,-1,401,406,407,-1,406,405,404,-1,402,404,403,-1,400,402,403,-1,404,337,335,-1,404,402,337,-1,269,337,402,-1,402,401,269,-1,401,260,269,-1,401,407,260,-1,407,335,260,-1,407,404,335,-1,408,127,72,-1,408,409,127,-1,126,127,409,-1,409,410,126,-1,410,74,126,-1,410,411,74,-1,411,72,74,-1,411,408,72,-1,409,412,410,-1,413,412,409,-1,414,409,408,-1,410,412,415,-1,411,415,414,-1,410,415,411,-1,411,414,408,-1,409,414,413,-1,416,417,418,-1,419,420,421,-1,417,416,422,-1,420,423,422,-1,417,422,423,-1,422,421,420,-1,418,420,419,-1,416,418,419,-1,420,334,332,-1,420,418,334,-1,326,334,418,-1,418,417,326,-1,417,266,326,-1,417,423,266,-1,423,332,266,-1,423,420,332,-1,424,125,65,-1,424,425,125,-1,123,125,425,-1,425,426,123,-1,426,66,123,-1,426,427,66,-1,427,65,66,-1,427,424,65,-1,425,428,426,-1,429,428,425,-1,430,425,424,-1,426,428,431,-1,427,431,430,-1,426,431,427,-1,427,430,424,-1,425,430,429,-1,432,433,434,-1,435,436,437,-1,433,432,438,-1,436,439,438,-1,433,438,439,-1,438,437,436,-1,434,436,435,-1,432,434,435,-1,436,331,330,-1,436,434,331,-1,325,331,434,-1,434,433,325,-1,433,276,325,-1,433,439,276,-1,439,330,276,-1,439,436,330,-1,440,122,59,-1,440,441,122,-1,121,122,441,-1,441,442,121,-1,442,60,121,-1,442,443,60,-1,443,59,60,-1,443,440,59,-1,441,444,442,-1,445,444,441,-1,446,441,440,-1,442,444,447,-1,443,447,446,-1,442,447,443,-1,443,446,440,-1,441,446,445,-1,448,449,450,-1,451,452,453,-1,449,448,454,-1,452,455,454,-1,449,454,455,-1,454,453,452,-1,450,452,451,-1,448,450,451,-1,452,248,329,-1,452,450,248,-1,324,248,450,-1,450,449,324,-1,449,321,324,-1,449,455,321,-1,455,329,321,-1,455,452,329,-1,456,120,52,-1,456,457,120,-1,90,120,457,-1,457,458,90,-1,458,55,90,-1,458,459,55,-1,459,52,55,-1,459,456,52,-1,457,460,458,-1,461,460,457,-1,462,457,456,-1,458,460,463,-1,459,463,462,-1,458,463,459,-1,459,462,456,-1,457,462,461,-1,464,465,466,-1,467,468,469,-1,465,464,470,-1,468,471,470,-1,465,470,471,-1,470,469,468,-1,466,468,467,-1,464,466,467,-1,468,328,327,-1,468,466,328,-1,322,328,466,-1,466,465,322,-1,465,284,322,-1,465,471,284,-1,471,327,284,-1,471,468,327,-1,472,91,47,-1,472,473,91,-1,79,91,473,-1,473,474,79,-1,474,48,79,-1,474,475,48,-1,475,47,48,-1,475,472,47,-1,473,476,474,-1,477,476,473,-1,478,473,472,-1,474,476,479,-1,475,479,478,-1,474,479,475,-1,475,478,472,-1,473,478,477,-1,480,481,482,-1,483,484,485,-1,481,480,486,-1,484,487,486,-1,481,486,487,-1,486,485,484,-1,482,484,483,-1,480,482,483,-1,484,278,277,-1,484,482,278,-1,320,278,482,-1,482,481,320,-1,481,296,320,-1,481,487,296,-1,487,277,296,-1,487,484,277,-1,488,80,39,-1,488,489,80,-1,119,80,489,-1,489,490,119,-1,490,41,119,-1,490,491,41,-1,491,39,41,-1,491,488,39,-1,489,492,490,-1,493,492,489,-1,494,489,488,-1,490,492,495,-1,491,495,494,-1,490,495,491,-1,491,494,488,-1,489,494,493,-1,496,497,498,-1,499,500,501,-1,497,496,502,-1,500,503,502,-1,497,502,503,-1,502,501,500,-1,498,500,499,-1,496,498,499,-1,500,323,282,-1,500,498,323,-1,300,323,498,-1,498,497,300,-1,497,306,300,-1,497,503,306,-1,503,282,306,-1,503,500,282,-1,504,118,114,-1,504,505,118,-1,117,118,505,-1,505,506,117,-1,506,115,117,-1,506,507,115,-1,507,114,115,-1,507,504,114,-1,505,508,506,-1,509,508,505,-1,510,505,504,-1,506,508,511,-1,507,511,510,-1,506,511,507,-1,507,510,504,-1,505,510,509,-1,512,513,514,-1,515,516,517,-1,513,512,518,-1,516,519,518,-1,513,518,519,-1,518,517,516,-1,514,516,515,-1,512,514,515,-1,516,283,291,-1,516,514,283,-1,238,283,514,-1,514,513,238,-1,513,314,238,-1,513,519,314,-1,519,291,314,-1,519,516,291,-1,520,521,522,-1,236,523,524,-1,525,236,524,-1,523,236,526,-1,236,207,527,-1,527,526,236,-1,207,528,527,-1,528,521,520,-1,528,520,527,-1,529,113,530,-1,113,529,531,-1,113,532,533,-1,531,532,113,-1,43,113,533,-1,43,533,522,-1,522,521,43,-1,34,43,521,-1,521,534,34,-1,534,535,536,-1,109,537,538,-1,109,539,537,-1,109,540,539,-1,109,34,541,-1,541,540,109,-1,34,534,541,-1,542,535,534,-1,534,536,541,-1,543,145,544,-1,145,543,545,-1,145,546,547,-1,545,546,145,-1,139,145,547,-1,139,547,535,-1,535,542,139,-1,542,207,139,-1,542,528,207,-1,521,548,534,-1,549,548,521,-1,550,521,528,-1,542,534,548,-1,542,551,550,-1,542,548,551,-1,542,550,528,-1,521,550,549,-1,552,553,554,-1,554,553,555,-1,553,556,557,-1,556,558,557,-1,553,557,555,-1,558,552,554,-1,557,558,559,-1,558,554,559,-1,553,313,244,-1,553,552,313,-1,318,560,561,-1,562,318,313,-1,563,560,318,-1,564,565,150,-1,318,562,566,-1,563,318,566,-1,567,562,552,-1,568,552,558,-1,568,567,552,-1,150,565,569,-1,150,570,571,-1,569,570,150,-1,136,150,571,-1,136,571,568,-1,568,558,136,-1,552,562,313,-1,572,573,574,-1,575,576,572,-1,572,574,575,-1,577,576,575,-1,577,578,576,-1,574,573,579,-1,579,580,581,-1,580,579,573,-1,580,256,581,-1,581,256,257,-1,582,583,584,-1,585,586,582,-1,587,586,585,-1,585,582,584,-1,587,588,586,-1,583,589,584,-1,589,590,591,-1,590,589,583,-1,590,263,591,-1,591,263,262,-1,592,593,594,-1,595,596,592,-1,597,596,595,-1,595,592,594,-1,597,598,596,-1,593,599,594,-1,599,600,601,-1,600,599,593,-1,600,272,601,-1,601,272,271,-1,602,603,604,-1,605,606,602,-1,607,606,605,-1,605,602,604,-1,607,608,606,-1,603,609,604,-1,609,610,611,-1,610,609,603,-1,610,281,611,-1,611,281,280,-1,612,613,614,-1,615,616,612,-1,617,616,615,-1,615,612,614,-1,617,618,616,-1,613,619,614,-1,619,620,621,-1,620,619,613,-1,620,288,621,-1,621,288,287,-1,622,623,624,-1,625,626,622,-1,627,626,625,-1,625,622,624,-1,627,628,626,-1,623,629,624,-1,629,630,631,-1,630,629,623,-1,630,293,631,-1,631,293,292,-1,632,633,634,-1,635,636,632,-1,632,634,635,-1,637,636,635,-1,637,638,636,-1,634,633,639,-1,639,640,641,-1,640,639,633,-1,640,299,641,-1,641,299,298,-1,642,643,644,-1,645,646,642,-1,642,644,645,-1,647,646,645,-1,647,648,646,-1,644,643,649,-1,649,650,651,-1,650,649,643,-1,650,304,651,-1,651,304,303,-1,652,653,654,-1,655,656,652,-1,652,654,655,-1,657,656,655,-1,657,658,656,-1,654,653,659,-1,659,660,661,-1,660,659,653,-1,660,308,661,-1,661,308,307,-1,662,663,664,-1,665,666,662,-1,662,664,665,-1,667,666,665,-1,667,668,666,-1,664,663,669,-1,669,670,671,-1,670,669,663,-1,670,312,671,-1,671,312,311,-1,672,673,674,-1,675,676,672,-1,672,674,675,-1,677,676,675,-1,677,678,676,-1,674,673,679,-1,679,680,681,-1,680,679,673,-1,680,316,681,-1,681,316,315,-1,682,683,684,-1,685,684,686,-1,683,686,684,-1,310,309,685,-1,685,686,310,-1,683,682,687,-1,687,688,689,-1,688,687,682,-1,688,690,689,-1,689,690,691,-1,692,693,563,-1,566,694,692,-1,692,563,566,-1,562,694,566,-1,562,695,694,-1,563,693,560,-1,560,696,561,-1,696,560,693,-1,696,319,561,-1,561,319,318,-1,579,581,257,-1,257,574,579,-1,574,257,575,-1,575,257,577,-1,202,697,698,-1,577,257,251,-1,251,699,577,-1,699,698,700,-1,699,700,577,-1,699,701,698,-1,702,703,201,-1,704,201,705,-1,201,703,705,-1,201,697,202,-1,697,201,704,-1,701,202,698,-1,203,202,701,-1,701,706,203,-1,707,708,196,-1,709,196,708,-1,710,707,196,-1,710,196,711,-1,243,588,712,-1,711,196,203,-1,203,706,711,-1,713,714,706,-1,706,714,711,-1,713,712,714,-1,590,583,263,-1,586,263,582,-1,263,583,582,-1,263,588,243,-1,588,263,586,-1,713,243,712,-1,251,243,713,-1,713,699,251,-1,715,716,717,-1,718,716,715,-1,719,715,720,-1,721,717,716,-1,721,722,719,-1,721,716,722,-1,721,719,720,-1,715,719,718,-1,699,713,723,-1,723,713,724,-1,713,706,725,-1,706,701,725,-1,713,725,724,-1,701,699,723,-1,725,701,726,-1,701,723,726,-1,727,728,204,-1,729,204,728,-1,730,727,204,-1,730,204,731,-1,95,732,733,-1,731,204,206,-1,206,720,731,-1,715,734,720,-1,720,734,731,-1,715,733,734,-1,735,736,103,-1,737,103,738,-1,103,736,738,-1,103,732,95,-1,732,103,737,-1,715,95,733,-1,101,95,715,-1,715,717,101,-1,739,740,99,-1,99,741,739,-1,741,99,742,-1,742,99,743,-1,183,744,745,-1,743,99,101,-1,101,717,743,-1,717,745,746,-1,717,746,743,-1,717,721,745,-1,747,748,209,-1,749,209,750,-1,209,748,750,-1,209,744,183,-1,744,209,749,-1,721,183,745,-1,206,183,721,-1,721,720,206,-1,751,736,752,-1,753,752,735,-1,736,735,752,-1,103,102,753,-1,753,735,103,-1,736,751,738,-1,738,754,737,-1,754,738,751,-1,754,755,737,-1,737,755,732,-1,741,756,739,-1,740,739,757,-1,756,757,739,-1,100,99,740,-1,740,757,100,-1,756,741,758,-1,758,742,759,-1,742,758,741,-1,742,743,759,-1,759,743,760,-1,761,762,763,-1,764,763,765,-1,762,765,763,-1,94,93,764,-1,764,765,94,-1,762,761,766,-1,766,767,768,-1,767,766,761,-1,767,769,768,-1,768,769,770,-1,771,772,773,-1,774,773,775,-1,772,775,773,-1,86,85,774,-1,774,775,86,-1,772,771,776,-1,776,777,778,-1,777,776,771,-1,777,779,778,-1,778,779,780,-1,781,782,783,-1,784,783,785,-1,782,785,783,-1,78,77,784,-1,784,785,78,-1,782,781,786,-1,786,787,788,-1,787,786,781,-1,787,789,788,-1,788,789,790,-1,791,25,792,-1,793,792,27,-1,25,27,792,-1,26,75,793,-1,793,27,26,-1,25,791,28,-1,28,794,29,-1,794,28,791,-1,794,795,29,-1,29,795,30,-1,796,797,798,-1,799,798,800,-1,797,800,798,-1,68,67,799,-1,799,800,68,-1,797,796,801,-1,801,802,803,-1,802,801,796,-1,802,804,803,-1,803,804,805,-1,806,807,808,-1,809,808,810,-1,807,810,808,-1,62,61,809,-1,809,810,62,-1,807,806,811,-1,811,812,813,-1,812,811,806,-1,812,814,813,-1,813,814,815,-1,816,817,818,-1,819,818,820,-1,817,820,818,-1,57,56,819,-1,819,820,57,-1,817,816,821,-1,821,822,823,-1,822,821,816,-1,822,824,823,-1,823,824,825,-1,826,827,828,-1,829,828,830,-1,827,830,828,-1,51,50,829,-1,829,830,51,-1,827,826,831,-1,831,832,833,-1,832,831,826,-1,832,834,833,-1,833,834,835,-1,836,837,838,-1,839,838,840,-1,837,840,838,-1,36,38,839,-1,839,840,36,-1,837,836,841,-1,841,842,843,-1,842,841,836,-1,842,844,843,-1,843,844,845,-1,846,529,847,-1,848,847,530,-1,529,530,847,-1,113,112,848,-1,848,530,113,-1,529,846,531,-1,531,849,532,-1,849,531,846,-1,849,850,532,-1,532,850,533,-1,851,852,539,-1,540,853,851,-1,851,539,540,-1,541,853,540,-1,541,854,853,-1,539,852,537,-1,537,855,538,-1,855,537,852,-1,855,35,538,-1,538,35,109,-1,755,856,733,-1,755,733,732,-1,743,746,857,-1,743,857,760,-1,769,858,859,-1,769,859,770,-1,779,860,861,-1,779,861,780,-1,789,862,863,-1,789,863,790,-1,795,864,17,-1,795,17,30,-1,804,865,866,-1,804,866,805,-1,814,867,868,-1,814,868,815,-1,824,869,870,-1,824,870,825,-1,834,871,872,-1,834,872,835,-1,844,873,874,-1,844,874,845,-1,850,875,522,-1,850,522,533,-1,541,876,854,-1,876,541,536,-1,877,878,879,-1,878,877,880,-1,881,882,878,-1,878,880,881,-1,878,883,879,-1,884,885,878,-1,878,885,883,-1,884,878,886,-1,887,888,889,-1,890,887,891,-1,887,892,893,-1,892,887,894,-1,887,895,888,-1,895,887,893,-1,887,889,891,-1,890,878,887,-1,896,890,891,-1,897,898,890,-1,698,898,899,-1,897,890,896,-1,897,899,898,-1,700,698,899,-1,900,856,901,-1,900,901,886,-1,890,886,878,-1,901,902,886,-1,886,902,884,-1,900,734,856,-1,856,734,733,-1,746,745,903,-1,746,903,857,-1,714,712,904,-1,714,904,905,-1,858,906,907,-1,858,907,859,-1,908,909,910,-1,908,910,911,-1,860,912,913,-1,860,913,861,-1,914,915,916,-1,914,916,917,-1,862,918,919,-1,862,919,863,-1,920,921,922,-1,920,922,923,-1,864,924,16,-1,864,16,17,-1,925,926,927,-1,925,927,928,-1,865,929,930,-1,865,930,866,-1,931,932,933,-1,931,933,934,-1,867,935,936,-1,867,936,868,-1,937,938,939,-1,937,939,940,-1,869,941,942,-1,869,942,870,-1,943,944,945,-1,943,945,946,-1,871,947,948,-1,871,948,872,-1,949,950,951,-1,949,951,952,-1,873,953,954,-1,873,954,874,-1,955,956,957,-1,955,957,958,-1,875,959,520,-1,875,520,522,-1,960,961,962,-1,963,964,965,-1,961,966,962,-1,967,968,969,-1,965,970,963,-1,971,972,973,-1,974,960,962,-1,972,971,974,-1,960,974,971,-1,975,969,968,-1,976,977,968,-1,968,977,975,-1,978,968,979,-1,978,976,968,-1,968,971,973,-1,979,968,973,-1,968,980,971,-1,968,965,980,-1,981,965,982,-1,965,964,982,-1,983,965,984,-1,965,981,984,-1,983,985,980,-1,980,965,983,-1,980,986,987,-1,986,980,985,-1,986,876,987,-1,987,876,535,-1,535,876,536,-1,988,989,567,-1,988,567,568,-1,990,731,734,-1,734,900,990,-1,744,991,903,-1,903,745,744,-1,992,993,907,-1,907,906,992,-1,994,995,913,-1,913,912,994,-1,996,997,919,-1,919,918,996,-1,998,24,16,-1,16,924,998,-1,999,1000,930,-1,930,929,999,-1,1001,1002,936,-1,936,935,1001,-1,1003,1004,942,-1,942,941,1003,-1,1005,1006,948,-1,948,947,1005,-1,1007,1008,954,-1,954,953,1007,-1,1009,527,520,-1,520,959,1009,-1,987,547,1010,-1,987,535,547,-1,1011,1012,727,-1,730,1013,1011,-1,1011,727,730,-1,731,1013,730,-1,731,990,1013,-1,727,1012,728,-1,728,1014,729,-1,1014,728,1012,-1,1014,205,729,-1,729,205,204,-1,750,748,1015,-1,1016,749,750,-1,991,749,1016,-1,1016,750,1015,-1,991,744,749,-1,748,1017,1015,-1,1017,747,1018,-1,747,1017,748,-1,747,209,1018,-1,1018,209,208,-1,1019,1020,1021,-1,1022,1023,1019,-1,993,1023,1022,-1,1022,1019,1021,-1,993,992,1023,-1,1020,1024,1021,-1,1024,1025,1026,-1,1025,1024,1020,-1,1025,211,1026,-1,1026,211,210,-1,1027,1028,1029,-1,1030,1031,1027,-1,995,1031,1030,-1,1030,1027,1029,-1,995,994,1031,-1,1028,1032,1029,-1,1032,1033,1034,-1,1033,1032,1028,-1,1033,213,1034,-1,1034,213,212,-1,1035,1036,1037,-1,1038,1039,1035,-1,997,1039,1038,-1,1038,1035,1037,-1,997,996,1039,-1,1036,1040,1037,-1,1040,1041,1042,-1,1041,1040,1036,-1,1041,216,1042,-1,1042,216,215,-1,1043,1044,19,-1,22,1045,1043,-1,24,1045,22,-1,22,1043,19,-1,24,998,1045,-1,1044,20,19,-1,20,1046,21,-1,1046,20,1044,-1,1046,218,21,-1,21,218,18,-1,1047,1048,1049,-1,1050,1051,1047,-1,1047,1049,1050,-1,1000,1051,1050,-1,1000,999,1051,-1,1049,1048,1052,-1,1052,1053,1054,-1,1053,1052,1048,-1,1053,220,1054,-1,1054,220,219,-1,1055,1056,1057,-1,1058,1059,1055,-1,1055,1057,1058,-1,1002,1059,1058,-1,1002,1001,1059,-1,1057,1056,1060,-1,1060,1061,1062,-1,1061,1060,1056,-1,1061,223,1062,-1,1062,223,222,-1,1063,1064,1065,-1,1066,1067,1063,-1,1063,1065,1066,-1,1004,1067,1066,-1,1004,1003,1067,-1,1065,1064,1068,-1,1068,1069,1070,-1,1069,1068,1064,-1,1069,226,1070,-1,1070,226,225,-1,1071,1072,1073,-1,1074,1075,1071,-1,1071,1073,1074,-1,1006,1075,1074,-1,1006,1005,1075,-1,1073,1072,1076,-1,1076,1077,1078,-1,1077,1076,1072,-1,1077,229,1078,-1,1078,229,228,-1,1079,1080,1081,-1,1082,1083,1079,-1,1079,1081,1082,-1,1008,1083,1082,-1,1008,1007,1083,-1,1081,1080,1084,-1,1084,1085,1086,-1,1085,1084,1080,-1,1085,233,1086,-1,1086,233,232,-1,1087,1088,523,-1,526,1089,1087,-1,1087,523,526,-1,527,1089,526,-1,527,1009,1089,-1,523,1088,524,-1,524,1090,525,-1,1090,524,1088,-1,1090,237,525,-1,525,237,236,-1,1091,545,543,-1,544,1092,543,-1,1091,543,1092,-1,544,145,141,-1,141,1092,544,-1,545,1091,1093,-1,546,1093,1094,-1,1093,546,545,-1,546,1094,547,-1,547,1094,1010,-1,1014,177,205,-1,1095,1096,1013,-1,1011,1097,1012,-1,990,1098,1095,-1,1095,1013,990,-1,1011,1013,1096,-1,1097,1011,1096,-1,1012,1099,1014,-1,1012,1097,1099,-1,1014,1099,177,-1,1100,1096,1095,-1,1098,1101,1102,-1,1099,1103,180,-1,1103,1097,1104,-1,1099,1097,1103,-1,1099,180,177,-1,1104,1097,1096,-1,1095,1102,1100,-1,1096,1100,1104,-1,1102,1095,1098,-1,1101,1098,886,-1,886,890,1101,-1,1101,898,1105,-1,898,1101,890,-1,1103,200,180,-1,1106,1107,1102,-1,1100,1108,1104,-1,1101,1105,1106,-1,1106,1102,1101,-1,1100,1102,1107,-1,1108,1100,1107,-1,1104,1109,1103,-1,1104,1108,1109,-1,1103,1109,200,-1,1108,705,703,-1,702,1109,703,-1,1108,703,1109,-1,702,201,200,-1,200,1109,702,-1,705,1108,1107,-1,704,1107,1106,-1,1107,704,705,-1,704,1106,697,-1,697,1106,1105,-1,707,1110,708,-1,709,708,1111,-1,1110,1111,708,-1,197,196,709,-1,709,1111,197,-1,1110,707,1112,-1,1112,710,1113,-1,710,1112,707,-1,710,711,1113,-1,1113,711,1114,-1,1115,1116,1117,-1,1118,1117,1119,-1,1116,1119,1117,-1,193,192,1118,-1,1118,1119,193,-1,1116,1115,1120,-1,1120,1121,1122,-1,1121,1120,1115,-1,1121,1123,1122,-1,1122,1123,1124,-1,1125,1126,1127,-1,1128,1127,1129,-1,1126,1129,1127,-1,189,188,1128,-1,1128,1129,189,-1,1126,1125,1130,-1,1130,1131,1132,-1,1131,1130,1125,-1,1131,1133,1132,-1,1132,1133,1134,-1,1135,1136,1137,-1,1138,1137,1139,-1,1136,1139,1137,-1,185,184,1138,-1,1138,1139,185,-1,1136,1135,1140,-1,1140,1141,1142,-1,1141,1140,1135,-1,1141,1143,1142,-1,1142,1143,1144,-1,1145,1146,1147,-1,1148,1147,1149,-1,1146,1149,1147,-1,176,175,1148,-1,1148,1149,176,-1,1146,1145,1150,-1,1150,1151,1152,-1,1151,1150,1145,-1,1151,1153,1152,-1,1152,1153,1154,-1,1155,1156,1157,-1,1158,1157,1159,-1,1156,1159,1157,-1,169,168,1158,-1,1158,1159,169,-1,1156,1155,1160,-1,1160,1161,1162,-1,1161,1160,1155,-1,1161,1163,1162,-1,1162,1163,1164,-1,1165,1166,1167,-1,1168,1167,1169,-1,1166,1169,1167,-1,161,160,1168,-1,1168,1169,161,-1,1166,1165,1170,-1,1170,1171,1172,-1,1171,1170,1165,-1,1171,1173,1172,-1,1172,1173,1174,-1,1175,1176,1177,-1,1178,1177,1179,-1,1176,1179,1177,-1,158,157,1178,-1,1178,1179,158,-1,1176,1175,1180,-1,1180,1181,1182,-1,1181,1180,1175,-1,1181,1183,1182,-1,1182,1183,1184,-1,1185,1186,1187,-1,1188,1187,1189,-1,1186,1189,1187,-1,154,153,1188,-1,1188,1189,154,-1,1186,1185,1190,-1,1190,1191,1192,-1,1191,1190,1185,-1,1191,1193,1192,-1,1192,1193,1194,-1,1195,1196,1197,-1,1198,1197,1199,-1,1196,1199,1197,-1,143,142,1198,-1,1198,1199,143,-1,1196,1195,1200,-1,1200,1201,1202,-1,1201,1200,1195,-1,1201,1203,1202,-1,1202,1203,1204,-1,1205,1206,1207,-1,1208,1209,1205,-1,1205,1207,1208,-1,1210,1209,1208,-1,1210,1211,1209,-1,1207,1206,1212,-1,1212,1213,1214,-1,1213,1212,1206,-1,1213,147,1214,-1,1214,147,148,-1,1215,565,1216,-1,1217,1216,564,-1,565,564,1216,-1,150,149,1217,-1,1217,564,150,-1,565,1215,569,-1,569,1218,570,-1,1218,569,1215,-1,1218,1219,570,-1,570,1219,571,-1,898,697,1105,-1,898,698,697,-1,714,1114,711,-1,714,905,1114,-1,908,1124,1123,-1,908,911,1124,-1,914,1134,1133,-1,914,917,1134,-1,920,1144,1143,-1,920,923,1144,-1,925,1154,1153,-1,925,928,1154,-1,931,1164,1163,-1,931,934,1164,-1,937,1174,1173,-1,937,940,1174,-1,943,1184,1183,-1,943,946,1184,-1,949,1194,1193,-1,949,952,1194,-1,955,1204,1203,-1,955,958,1204,-1,1211,1210,961,-1,961,960,1211,-1,988,571,1219,-1,988,568,571,-1,262,589,591,-1,587,262,242,-1,584,589,262,-1,1111,1110,197,-1,262,587,585,-1,584,262,585,-1,904,587,1220,-1,905,1220,1221,-1,905,904,1220,-1,197,1110,1112,-1,197,1113,1114,-1,1112,1113,197,-1,198,197,1114,-1,198,1114,905,-1,905,1221,198,-1,1220,587,242,-1,1222,242,270,-1,1222,1220,242,-1,1223,1224,1225,-1,1226,1224,1223,-1,1227,1223,1228,-1,1229,1225,1224,-1,1229,1230,1227,-1,1229,1224,1230,-1,1229,1227,1228,-1,1223,1227,1226,-1,1220,1222,1231,-1,1231,1222,1232,-1,1222,1233,1234,-1,1233,1221,1234,-1,1222,1234,1232,-1,1221,1220,1231,-1,1234,1221,1235,-1,1221,1231,1235,-1,903,1223,857,-1,208,1015,1017,-1,1018,208,1017,-1,1015,208,1016,-1,208,182,991,-1,991,1016,208,-1,182,1228,991,-1,1228,1223,903,-1,1228,903,991,-1,756,100,757,-1,100,756,758,-1,100,759,760,-1,758,759,100,-1,87,100,760,-1,87,760,857,-1,857,1223,87,-1,98,87,1223,-1,1223,1225,98,-1,1225,906,858,-1,93,763,764,-1,93,761,763,-1,93,767,761,-1,93,98,769,-1,769,767,93,-1,98,1225,769,-1,1229,906,1225,-1,1225,858,769,-1,1020,211,1025,-1,211,1020,1019,-1,211,1023,992,-1,1019,1023,211,-1,186,211,992,-1,186,992,906,-1,906,1229,186,-1,1229,182,186,-1,1229,1228,182,-1,1221,199,198,-1,1221,1233,199,-1,908,1222,909,-1,192,1115,1117,-1,1118,192,1117,-1,1115,192,1121,-1,192,199,1123,-1,1123,1121,192,-1,199,1233,1123,-1,1233,1222,908,-1,1233,908,1123,-1,593,272,600,-1,272,593,592,-1,272,596,598,-1,592,596,272,-1,270,272,598,-1,270,598,909,-1,909,1222,270,-1,577,899,578,-1,899,577,700,-1,587,712,588,-1,712,587,904,-1,597,909,598,-1,909,597,910,-1,607,915,608,-1,915,607,916,-1,617,921,618,-1,921,617,922,-1,627,926,628,-1,926,627,927,-1,637,932,638,-1,932,637,933,-1,647,938,648,-1,938,647,939,-1,657,944,658,-1,944,657,945,-1,667,950,668,-1,950,667,951,-1,677,956,678,-1,956,677,957,-1,690,962,966,-1,690,966,691,-1,562,989,695,-1,989,562,567,-1,578,1236,1237,-1,573,1238,1239,-1,578,899,1236,-1,580,573,1239,-1,1240,1239,1238,-1,256,580,1239,-1,1238,573,1237,-1,578,1237,572,-1,573,572,1237,-1,578,572,576,-1,252,256,1239,-1,252,1239,253,-1,1239,254,253,-1,1241,254,1242,-1,254,1239,1242,-1,1243,254,1241,-1,245,1244,246,-1,245,1245,1246,-1,245,1247,1245,-1,247,1244,309,-1,247,246,1244,-1,1246,1244,245,-1,1248,1249,1250,-1,1251,1252,1248,-1,1243,1252,1251,-1,1251,1248,1250,-1,1243,1241,1252,-1,1249,1253,1250,-1,1253,1254,1255,-1,1254,1253,1249,-1,1254,1256,1255,-1,1255,1256,1257,-1,1258,105,124,-1,1258,124,1259,-1,1259,124,1260,-1,1261,1262,1263,-1,1259,1260,1261,-1,1264,1263,1262,-1,1262,1261,1260,-1,1257,1253,1255,-1,1257,1250,1253,-1,1265,1250,1257,-1,1265,249,1251,-1,1265,1251,1250,-1,1251,249,1243,-1,249,254,1243,-1,1266,1263,1267,-1,1268,1267,1264,-1,1263,1264,1267,-1,1262,1269,1268,-1,1268,1264,1262,-1,1263,1266,1261,-1,1261,1270,1259,-1,1270,1261,1266,-1,1270,1271,1259,-1,1259,1271,1258,-1,105,1272,106,-1,105,1271,1273,-1,105,1258,1271,-1,104,1272,102,-1,104,106,1272,-1,1273,1272,105,-1,33,35,1274,-1,33,1274,108,-1,1274,107,108,-1,1275,107,1276,-1,107,1274,1276,-1,1277,107,1275,-1,751,752,1278,-1,1272,1279,1280,-1,1281,755,751,-1,751,755,754,-1,856,755,1281,-1,1281,751,1278,-1,1278,752,1280,-1,1280,753,1272,-1,753,1280,752,-1,1272,753,102,-1,1282,901,1281,-1,902,1282,884,-1,901,1282,902,-1,1283,1284,1280,-1,1285,1281,1278,-1,1273,1279,1272,-1,1279,1273,1283,-1,1280,1284,1278,-1,1279,1283,1280,-1,1285,1282,1281,-1,1284,1285,1278,-1,901,856,1281,-1,1286,1287,1288,-1,1289,1290,1291,-1,1292,1293,1283,-1,1294,1295,1296,-1,1295,1289,1297,-1,1295,1294,1289,-1,1298,1299,1300,-1,1301,1302,1303,-1,1304,1302,1300,-1,1293,1284,1283,-1,1305,1306,1292,-1,1283,1273,1292,-1,1307,1303,879,-1,1308,1307,1309,-1,1305,1310,1287,-1,883,1309,1307,-1,1298,1311,1312,-1,1282,885,884,-1,1298,1312,1299,-1,1286,1313,1314,-1,1291,1315,1311,-1,1289,1314,1297,-1,1316,878,1312,-1,1312,1311,1316,-1,1294,1290,1289,-1,1313,1297,1314,-1,1315,1316,1311,-1,1290,1315,1291,-1,1317,1314,1291,-1,1312,878,882,-1,1311,1298,1317,-1,881,1312,882,-1,1289,1291,1314,-1,1288,1313,1286,-1,1299,1304,1300,-1,1291,1311,1317,-1,1318,1286,1317,-1,1312,881,1299,-1,1298,1300,1318,-1,880,1299,881,-1,1314,1317,1286,-1,1310,1288,1287,-1,877,1303,1304,-1,1317,1298,1318,-1,1319,1287,1318,-1,1299,880,1304,-1,1300,1302,1319,-1,877,1304,880,-1,1286,1318,1287,-1,1320,1310,1305,-1,1308,1293,1301,-1,1318,1300,1319,-1,1306,1305,1319,-1,1301,1306,1302,-1,877,879,1303,-1,1304,1303,1302,-1,1287,1319,1305,-1,1292,1321,1320,-1,1308,1284,1293,-1,1319,1302,1306,-1,1301,1293,1306,-1,1308,1309,1285,-1,879,883,1307,-1,1303,1307,1301,-1,1320,1305,1292,-1,1273,1321,1292,-1,1284,1308,1285,-1,1306,1293,1292,-1,1309,1282,1285,-1,1307,1308,1301,-1,1282,1309,885,-1,883,885,1309,-1,1290,1322,1323,-1,1324,1322,1294,-1,1290,1294,1322,-1,1324,1294,1296,-1,1290,1323,1315,-1,1325,1315,1323,-1,1325,1326,1316,-1,1316,1315,1325,-1,1316,1326,878,-1,1326,887,878,-1,1327,1328,1329,-1,1330,1331,1332,-1,1333,1334,1335,-1,1336,1337,1338,-1,1338,1337,1242,-1,1339,1336,1340,-1,1324,1341,1342,-1,1343,1323,1322,-1,1344,1334,1328,-1,1324,1342,1322,-1,1345,1343,1342,-1,1346,1347,1348,-1,1345,1334,1333,-1,1341,1332,1349,-1,892,1348,1347,-1,1350,1351,1352,-1,1326,894,887,-1,1350,1353,1336,-1,1329,1354,1355,-1,1356,1357,1354,-1,1354,1339,1356,-1,1357,891,1355,-1,1338,1340,1336,-1,1337,1336,1353,-1,891,889,1355,-1,1340,1356,1339,-1,1358,1350,1339,-1,1357,1355,1354,-1,1354,1329,1358,-1,889,1327,1355,-1,1336,1339,1350,-1,1353,1350,1352,-1,889,888,1327,-1,1339,1354,1358,-1,1358,1359,1351,-1,1355,1327,1329,-1,1329,1328,1359,-1,888,1344,1327,-1,1350,1358,1351,-1,1352,1351,1330,-1,888,895,1344,-1,1358,1329,1359,-1,1359,1360,1331,-1,1327,1344,1328,-1,1334,1360,1328,-1,895,1335,1344,-1,1359,1331,1351,-1,1330,1351,1331,-1,1346,1333,1347,-1,1359,1328,1360,-1,1349,1360,1345,-1,1335,893,1347,-1,895,893,1335,-1,1344,1335,1334,-1,1360,1349,1331,-1,1332,1331,1349,-1,1343,1333,1346,-1,1360,1334,1345,-1,1343,1345,1333,-1,1348,894,1326,-1,893,892,1347,-1,1335,1347,1333,-1,1349,1342,1341,-1,1345,1342,1349,-1,1346,1325,1323,-1,1322,1342,1343,-1,1348,1326,1325,-1,1323,1343,1346,-1,1348,1325,1346,-1,892,894,1348,-1,1340,1240,1238,-1,1239,1338,1242,-1,897,896,1236,-1,1357,1356,1237,-1,899,897,1236,-1,896,891,1357,-1,1236,1357,1237,-1,1236,896,1357,-1,1238,1356,1340,-1,1238,1237,1356,-1,1340,1338,1240,-1,1239,1240,1338,-1,1332,1361,1362,-1,1324,1363,1341,-1,1364,1365,1353,-1,1352,1330,1366,-1,1367,1242,1337,-1,1337,1365,1367,-1,1353,1365,1337,-1,1367,1241,1242,-1,1362,1330,1332,-1,1362,1366,1330,-1,1364,1353,1352,-1,1364,1352,1366,-1,1363,1324,1368,-1,1361,1332,1341,-1,1341,1363,1361,-1,1369,1370,1365,-1,1241,1371,1252,-1,1372,1373,1374,-1,1365,1370,1367,-1,1371,1241,1367,-1,1375,1376,1377,-1,1378,1366,1379,-1,1375,1380,1381,-1,1382,1379,1383,-1,1363,1384,1385,-1,1386,1385,1384,-1,1368,1384,1363,-1,1387,1383,1385,-1,1388,1389,1390,-1,1391,1381,1380,-1,1391,1392,1393,-1,1394,1377,1373,-1,1369,1364,1378,-1,1248,1252,1395,-1,1364,1369,1365,-1,1249,1396,1254,-1,1371,1367,1370,-1,1256,1254,1397,-1,1396,1249,1398,-1,1374,1399,1396,-1,1395,1252,1371,-1,1249,1248,1398,-1,1395,1398,1248,-1,1400,1395,1371,-1,1254,1396,1397,-1,1398,1372,1374,-1,1399,1397,1396,-1,1370,1400,1371,-1,1382,1401,1402,-1,1398,1395,1372,-1,1400,1372,1395,-1,1370,1403,1400,-1,1374,1404,1399,-1,1373,1372,1394,-1,1398,1374,1396,-1,1369,1403,1370,-1,1366,1378,1364,-1,1372,1400,1394,-1,1403,1394,1400,-1,1369,1390,1403,-1,1374,1373,1404,-1,1394,1389,1377,-1,1405,1404,1373,-1,1378,1390,1369,-1,1362,1379,1366,-1,1394,1403,1389,-1,1390,1389,1403,-1,1406,1390,1378,-1,1377,1405,1373,-1,1389,1388,1375,-1,1376,1405,1377,-1,1379,1406,1378,-1,1361,1383,1362,-1,1388,1406,1402,-1,1406,1388,1390,-1,1406,1382,1402,-1,1375,1381,1376,-1,1388,1402,1380,-1,1389,1375,1377,-1,1362,1383,1379,-1,1361,1363,1385,-1,1380,1402,1392,-1,1379,1382,1406,-1,1382,1387,1401,-1,1380,1392,1391,-1,1402,1401,1392,-1,1388,1380,1375,-1,1361,1385,1383,-1,1383,1387,1382,-1,1386,1407,1387,-1,1385,1386,1387,-1,1407,1408,1401,-1,1387,1407,1401,-1,1393,1392,1408,-1,1401,1408,1392,-1,1265,1397,1409,-1,1410,1411,1412,-1,1409,1397,1399,-1,1256,1397,1265,-1,1265,1257,1256,-1,1393,1411,1413,-1,1409,1404,1405,-1,1399,1404,1409,-1,1409,1376,1381,-1,1405,1376,1409,-1,1413,1409,1391,-1,1381,1391,1409,-1,1413,1391,1393,-1,1411,1393,1414,-1,1415,1410,1416,-1,1414,1412,1411,-1,1417,1410,1418,-1,1410,1412,1418,-1,1410,1419,1416,-1,1410,1417,1419,-1,1410,1420,1269,-1,1415,1420,1410,-1,1262,1260,1269,-1,1410,1269,1260,-1,1421,1422,1423,-1,1424,1425,1426,-1,1423,1427,1421,-1,1428,1423,1422,-1,1422,1429,1428,-1,1421,1430,1431,-1,1427,1430,1421,-1,1421,1432,1433,-1,1431,1432,1421,-1,1434,1421,1435,-1,1433,1435,1421,-1,1434,1435,1436,-1,1424,1436,1437,-1,1434,1436,1424,-1,1438,1426,1439,-1,1437,1425,1424,-1,1440,1426,1441,-1,1426,1425,1441,-1,1426,1442,1439,-1,1426,1440,1442,-1,1426,1443,1444,-1,1438,1443,1426,-1,1445,1446,1444,-1,1426,1444,1446,-1,1447,1448,1449,-1,1450,1451,1452,-1,1453,1454,1455,-1,1449,1448,1456,-1,1451,1450,1456,-1,1457,1416,1458,-1,1459,1460,1461,-1,1457,1462,1415,-1,1463,1461,1464,-1,1465,1270,1466,-1,1266,1466,1270,-1,1271,1270,1465,-1,1467,1464,1466,-1,1468,1469,1470,-1,1420,1415,1462,-1,1420,1471,1269,-1,1472,1458,1454,-1,1447,1473,1459,-1,1474,1452,1475,-1,1473,1447,1449,-1,1476,1477,1478,-1,1451,1456,1448,-1,1414,1478,1412,-1,1477,1476,1479,-1,1455,1418,1477,-1,1475,1452,1451,-1,1476,1474,1479,-1,1475,1479,1474,-1,1480,1475,1451,-1,1478,1477,1412,-1,1479,1453,1455,-1,1418,1412,1477,-1,1448,1480,1451,-1,1463,1481,1482,-1,1479,1475,1453,-1,1480,1453,1475,-1,1448,1483,1480,-1,1455,1417,1418,-1,1454,1453,1472,-1,1479,1455,1477,-1,1447,1483,1448,-1,1460,1459,1473,-1,1453,1480,1472,-1,1483,1472,1480,-1,1447,1470,1483,-1,1455,1454,1417,-1,1472,1469,1458,-1,1419,1417,1454,-1,1459,1470,1447,-1,1484,1461,1460,-1,1472,1483,1469,-1,1470,1469,1483,-1,1485,1470,1459,-1,1458,1419,1454,-1,1469,1468,1457,-1,1416,1419,1458,-1,1461,1485,1459,-1,1486,1464,1484,-1,1468,1485,1482,-1,1485,1468,1470,-1,1485,1463,1482,-1,1457,1415,1416,-1,1468,1482,1462,-1,1469,1457,1458,-1,1484,1464,1461,-1,1486,1465,1466,-1,1462,1482,1471,-1,1461,1463,1485,-1,1463,1467,1481,-1,1462,1471,1420,-1,1482,1481,1471,-1,1468,1462,1457,-1,1486,1466,1464,-1,1464,1467,1463,-1,1266,1267,1467,-1,1466,1266,1467,-1,1267,1268,1481,-1,1467,1267,1481,-1,1269,1471,1268,-1,1481,1268,1471,-1,1320,1465,1486,-1,1271,1321,1273,-1,1460,1473,1313,-1,1288,1310,1484,-1,1449,1456,1295,-1,1295,1297,1449,-1,1450,1296,1456,-1,1295,1456,1296,-1,1473,1449,1297,-1,1313,1473,1297,-1,1460,1288,1484,-1,1313,1288,1460,-1,1310,1486,1484,-1,1321,1271,1465,-1,1310,1320,1486,-1,1320,1321,1465,-1,1450,1368,1324,-1,1324,1296,1450,-1,1408,1414,1393,-1,1384,1474,1386,-1,1407,1476,1478,-1,1368,1450,1452,-1,1452,1384,1368,-1,1474,1476,1386,-1,1452,1474,1384,-1,1407,1478,1408,-1,1386,1476,1407,-1,1414,1408,1478,-1,249,1487,250,-1,1488,1489,1487,-1,1490,1491,1492,-1,1489,1488,1493,-1,1489,1494,1487,-1,1426,250,1494,-1,1494,250,1487,-1,1426,1446,250,-1,249,1265,1409,-1,1490,249,1409,-1,1490,1492,249,-1,1491,1495,1496,-1,1496,1492,1491,-1,1487,249,1492,-1,1497,1498,1492,-1,1492,1499,1497,-1,1500,1501,1499,-1,1492,1502,1499,-1,1499,1501,1497,-1,1492,1498,1503,-1,1492,1503,1504,-1,1505,1506,1498,-1,1498,1506,1503,-1,1492,1504,1507,-1,1492,1507,1508,-1,1509,1510,1504,-1,1504,1510,1507,-1,1492,1508,1511,-1,1492,1511,1512,-1,1513,1514,1508,-1,1508,1514,1511,-1,1492,1512,1515,-1,1492,1515,1516,-1,1517,1518,1512,-1,1512,1518,1515,-1,1492,1516,1519,-1,1492,1519,1520,-1,1521,1522,1516,-1,1516,1522,1519,-1,1487,1492,1520,-1,1523,1487,1520,-1,1524,1525,1520,-1,1520,1525,1523,-1,1526,1487,1523,-1,1527,1487,1526,-1,1528,1529,1526,-1,1526,1529,1527,-1,1530,1487,1527,-1,1531,1487,1530,-1,1532,1533,1530,-1,1530,1533,1531,-1,1534,1487,1531,-1,1535,1487,1534,-1,1536,1537,1534,-1,1534,1537,1535,-1,1538,1487,1535,-1,1539,1487,1538,-1,1540,1541,1538,-1,1538,1541,1539,-1,1542,1487,1539,-1,1543,1487,1542,-1,1544,1545,1542,-1,1542,1545,1543,-1,1546,1487,1543,-1,1547,1548,1549,-1,1548,1550,1551,-1,1552,1553,1554,-1,1555,1556,1548,-1,1548,1547,1550,-1,1552,1554,1549,-1,1547,1557,1558,-1,1559,1560,1548,-1,1548,1551,1559,-1,1547,1558,1550,-1,1551,1561,1562,-1,1563,1564,1548,-1,1548,1560,1563,-1,1551,1562,1559,-1,1560,1565,1566,-1,1567,1568,1548,-1,1548,1564,1567,-1,1560,1566,1563,-1,1564,1569,1570,-1,1571,1568,1572,-1,1571,1548,1568,-1,1564,1570,1567,-1,1568,1573,1574,-1,1571,1575,1576,-1,1575,1571,1572,-1,1568,1574,1572,-1,1575,1577,1578,-1,1571,1579,1580,-1,1579,1571,1576,-1,1575,1578,1576,-1,1579,1581,1582,-1,1571,1583,1584,-1,1583,1571,1580,-1,1579,1582,1580,-1,1583,1585,1586,-1,1571,1587,1588,-1,1587,1571,1584,-1,1583,1586,1584,-1,1587,1589,1590,-1,1571,1591,1592,-1,1591,1571,1588,-1,1587,1590,1588,-1,1591,1593,1594,-1,1595,1571,1592,-1,1591,1594,1592,-1,1549,1548,1552,-1,1596,1548,1556,-1,1596,1556,1597,-1,1556,1598,1597,-1,1552,1548,1596,-1,1599,1600,1499,-1,1499,1502,1599,-1,1601,1602,1498,-1,1498,1497,1601,-1,1603,1604,1504,-1,1504,1503,1603,-1,1605,1606,1508,-1,1508,1507,1605,-1,1607,1608,1512,-1,1512,1511,1607,-1,1609,1610,1516,-1,1516,1515,1609,-1,1611,1612,1520,-1,1520,1519,1611,-1,1613,1614,1526,-1,1526,1523,1613,-1,1615,1616,1530,-1,1530,1527,1615,-1,1617,1618,1534,-1,1534,1531,1617,-1,1619,1620,1538,-1,1538,1535,1619,-1,1621,1622,1542,-1,1542,1539,1621,-1,1546,1623,1624,-1,1546,1543,1623,-1,1600,1625,1500,-1,1500,1499,1600,-1,1626,1627,1628,-1,1624,1629,1493,-1,1629,1624,1623,-1,1630,1631,1632,-1,1623,1627,1629,-1,1624,1493,1488,-1,1629,1627,1626,-1,1633,1626,1628,-1,1634,1635,1636,-1,1633,1628,1637,-1,1638,1637,1628,-1,1634,1637,1635,-1,1637,1638,1635,-1,1639,1640,1641,-1,1642,1643,1644,-1,1645,1646,1647,-1,1628,1627,1642,-1,1643,1642,1646,-1,1630,1648,1649,-1,1650,1651,1652,-1,1641,1653,1654,-1,1655,1656,1657,-1,1658,1659,1651,-1,1647,1642,1627,-1,1641,1654,1639,-1,1660,1661,1662,-1,1663,1664,1662,-1,1610,1609,1665,-1,1630,1652,1648,-1,1666,1667,1668,-1,1669,1670,1671,-1,1672,1666,1673,-1,1651,1657,1658,-1,1605,1674,1606,-1,1675,1676,1666,-1,1677,1678,1679,-1,1662,1661,1663,-1,1680,1674,1681,-1,1682,1683,1684,-1,1602,1601,1685,-1,1671,1667,1669,-1,1681,1686,1687,-1,1688,1689,1677,-1,1600,1599,1690,-1,1666,1672,1675,-1,1691,1687,1692,-1,1693,1694,1681,-1,1691,1692,1695,-1,1684,1696,1682,-1,1686,1692,1687,-1,1697,1698,1691,-1,1695,1699,1691,-1,1677,1680,1688,-1,1685,1699,1695,-1,1700,1701,1702,-1,1703,1699,1685,-1,1681,1687,1693,-1,1704,1705,1706,-1,1707,1701,1708,-1,1709,1710,1625,-1,1691,1699,1697,-1,1711,1712,1713,-1,1708,1701,1700,-1,1714,1715,1716,-1,1700,1702,1703,-1,1599,1496,1495,-1,1690,1599,1495,-1,1671,1717,1718,-1,1674,1686,1681,-1,1680,1677,1679,-1,1690,1625,1600,-1,1703,1685,1625,-1,1692,1604,1603,-1,1677,1696,1678,-1,1685,1695,1602,-1,1680,1679,1674,-1,1684,1719,1696,-1,1719,1684,1665,-1,1692,1686,1604,-1,1696,1719,1678,-1,1672,1665,1684,-1,1608,1607,1678,-1,1674,1679,1606,-1,1672,1673,1665,-1,1666,1668,1673,-1,1718,1667,1671,-1,1678,1719,1608,-1,1667,1718,1668,-1,1717,1671,1661,-1,1665,1673,1610,-1,1661,1660,1717,-1,1668,1612,1611,-1,1668,1718,1612,-1,1662,1656,1660,-1,1657,1656,1662,-1,1717,1614,1613,-1,1717,1660,1614,-1,1651,1655,1657,-1,1650,1655,1651,-1,1656,1616,1615,-1,1656,1655,1616,-1,1632,1650,1652,-1,1632,1652,1630,-1,1650,1618,1617,-1,1650,1632,1618,-1,1631,1630,1654,-1,1631,1654,1653,-1,1631,1620,1619,-1,1631,1653,1620,-1,1653,1641,1645,-1,1641,1646,1645,-1,1645,1622,1621,-1,1645,1647,1622,-1,1646,1642,1647,-1,1720,1706,1713,-1,1704,1706,1721,-1,1722,1723,1724,-1,1625,1690,1709,-1,1725,1726,1727,-1,1709,1726,1725,-1,1709,1690,1726,-1,1706,1728,1690,-1,1690,1728,1726,-1,1728,1706,1720,-1,1625,1729,1730,-1,1705,1731,1706,-1,1732,1703,1625,-1,1729,1625,1733,-1,1625,1710,1733,-1,1710,1734,1733,-1,1710,1735,1736,-1,1710,1736,1734,-1,1735,1710,1737,-1,1737,1710,1738,-1,1710,1713,1738,-1,1713,1739,1738,-1,1713,1712,1739,-1,1711,1713,1740,-1,1713,1706,1740,-1,1706,1731,1740,-1,1625,1741,1732,-1,1742,1743,1744,-1,1745,1746,1747,-1,1748,1730,1749,-1,1749,1715,1748,-1,1715,1749,1750,-1,1751,1750,1752,-1,1749,1730,1705,-1,1750,1749,1752,-1,1749,1705,1704,-1,1753,1704,1721,-1,1748,1715,1714,-1,1625,1730,1741,-1,1730,1748,1741,-1,1754,1755,1756,-1,1754,1744,1743,-1,1757,1758,1759,-1,1760,1723,1761,-1,1760,1762,1763,-1,1760,1761,1762,-1,1764,1753,1765,-1,1766,1767,1768,-1,1761,1723,1769,-1,1723,1760,1724,-1,1768,1770,1721,-1,1722,1724,1771,-1,1772,1768,1773,-1,1771,1746,1722,-1,1770,1768,1772,-1,1747,1746,1771,-1,1721,1770,1774,-1,1747,1755,1745,-1,1721,1774,1775,-1,1753,1776,1765,-1,1721,1775,1776,-1,1745,1755,1777,-1,1755,1754,1777,-1,1777,1743,1778,-1,1777,1754,1743,-1,1753,1742,1732,-1,1753,1779,1742,-1,1764,1779,1753,-1,1721,1776,1753,-1,1780,1767,1758,-1,1759,1700,1703,-1,1781,1759,1782,-1,1759,1703,1782,-1,1703,1783,1782,-1,1703,1784,1785,-1,1703,1785,1783,-1,1703,1732,1784,-1,1732,1786,1784,-1,1732,1787,1786,-1,1742,1744,1732,-1,1732,1744,1787,-1,1767,1759,1758,-1,1700,1788,1721,-1,1759,1781,1757,-1,1700,1759,1788,-1,1780,1789,1767,-1,1789,1768,1767,-1,1721,1790,1768,-1,1789,1773,1768,-1,1788,1790,1721,-1,1791,1792,1793,-1,1794,1795,1796,-1,1797,1792,1791,-1,1795,1798,1796,-1,1799,1798,1800,-1,1801,1800,1798,-1,1795,1801,1798,-1,1798,1792,1796,-1,1802,1795,1794,-1,1796,1792,1797,-1,1803,1804,1805,-1,1622,1544,1542,-1,1622,1647,1544,-1,1545,1647,1627,-1,1545,1544,1647,-1,1627,1543,1545,-1,1627,1623,1543,-1,1624,1488,1487,-1,1487,1546,1624,-1,1493,1629,1806,-1,1493,1806,1489,-1,1807,1808,1809,-1,1810,1806,1809,-1,1494,1811,1812,-1,1494,1812,1808,-1,1806,1811,1489,-1,1494,1489,1811,-1,1811,1806,1810,-1,1807,1809,1806,-1,1808,1812,1809,-1,1813,1814,1815,-1,1816,1817,1818,-1,1818,1819,1816,-1,1814,1813,1819,-1,1815,1814,1820,-1,1813,1816,1819,-1,1818,1820,1821,-1,1820,1818,1817,-1,1814,1821,1820,-1,1629,1626,1807,-1,1629,1807,1806,-1,1807,1633,1817,-1,1424,1807,1817,-1,1434,1424,1817,-1,1817,1816,1434,-1,1807,1424,1808,-1,1807,1626,1633,-1,1808,1426,1494,-1,1426,1808,1424,-1,1813,1434,1816,-1,1434,1813,1421,-1,64,1571,124,-1,1707,1822,1571,-1,1813,1815,1548,-1,1822,1707,1708,-1,1822,1823,1571,-1,1410,124,1823,-1,1823,124,1571,-1,1410,1260,124,-1,64,1422,1421,-1,1813,64,1421,-1,1813,1548,64,-1,1815,1634,1636,-1,1636,1548,1815,-1,1571,64,1548,-1,1636,1635,1555,-1,1555,1548,1636,-1,1595,1702,1701,-1,1595,1592,1702,-1,1591,1698,1697,-1,1591,1588,1698,-1,1587,1694,1693,-1,1587,1584,1694,-1,1583,1689,1688,-1,1583,1580,1689,-1,1579,1683,1682,-1,1579,1576,1683,-1,1575,1676,1675,-1,1575,1572,1676,-1,1568,1670,1669,-1,1568,1567,1670,-1,1564,1664,1663,-1,1564,1563,1664,-1,1560,1659,1658,-1,1560,1559,1659,-1,1551,1649,1648,-1,1551,1550,1649,-1,1547,1640,1639,-1,1547,1549,1640,-1,1635,1638,1556,-1,1556,1555,1635,-1,1552,1644,1643,-1,1552,1596,1644,-1,1703,1702,1592,-1,1592,1594,1703,-1,1699,1703,1594,-1,1594,1593,1699,-1,1697,1699,1593,-1,1593,1591,1697,-1,1701,1707,1571,-1,1571,1595,1701,-1,1691,1588,1590,-1,1691,1698,1588,-1,1590,1687,1691,-1,1590,1589,1687,-1,1693,1589,1587,-1,1693,1687,1589,-1,1681,1584,1586,-1,1681,1694,1584,-1,1586,1680,1681,-1,1586,1585,1680,-1,1688,1585,1583,-1,1688,1680,1585,-1,1677,1580,1582,-1,1677,1689,1580,-1,1582,1696,1677,-1,1582,1581,1696,-1,1682,1581,1579,-1,1682,1696,1581,-1,1684,1576,1578,-1,1684,1683,1576,-1,1578,1672,1684,-1,1578,1577,1672,-1,1675,1577,1575,-1,1675,1672,1577,-1,1666,1572,1574,-1,1666,1676,1572,-1,1574,1667,1666,-1,1574,1573,1667,-1,1669,1573,1568,-1,1669,1667,1573,-1,1671,1567,1570,-1,1671,1670,1567,-1,1570,1661,1671,-1,1570,1569,1661,-1,1663,1569,1564,-1,1663,1661,1569,-1,1662,1563,1566,-1,1662,1664,1563,-1,1566,1657,1662,-1,1566,1565,1657,-1,1658,1565,1560,-1,1658,1657,1565,-1,1651,1559,1562,-1,1651,1659,1559,-1,1562,1652,1651,-1,1562,1561,1652,-1,1648,1561,1551,-1,1648,1652,1561,-1,1630,1550,1558,-1,1630,1649,1550,-1,1558,1654,1630,-1,1558,1557,1654,-1,1639,1557,1547,-1,1639,1654,1557,-1,1641,1549,1554,-1,1641,1640,1549,-1,1554,1646,1641,-1,1554,1553,1646,-1,1643,1553,1552,-1,1643,1646,1553,-1,1638,1598,1556,-1,1638,1628,1598,-1,1597,1628,1642,-1,1597,1598,1628,-1,1642,1596,1597,-1,1642,1644,1596,-1,1634,1820,1637,-1,1820,1634,1815,-1,1633,1820,1817,-1,1820,1633,1637,-1,250,1247,245,-1,1247,250,1824,-1,1825,1824,1446,-1,250,1446,1824,-1,1445,1826,1827,-1,1825,1445,1827,-1,1445,1825,1446,-1,1422,1828,1429,-1,1828,1829,1429,-1,1830,1828,1422,-1,1429,1829,1831,-1,64,1277,1830,-1,1830,1422,64,-1,64,107,1277,-1,1832,1827,1833,-1,1834,1833,1826,-1,1827,1826,1833,-1,1445,1444,1834,-1,1834,1826,1445,-1,1827,1832,1825,-1,1825,1835,1824,-1,1835,1825,1832,-1,1835,1245,1824,-1,1824,1245,1247,-1,1836,1837,1838,-1,1839,1840,1841,-1,1842,1843,1844,-1,1838,1837,1845,-1,1840,1839,1845,-1,1846,1439,1847,-1,1848,1849,1850,-1,1846,1851,1438,-1,1852,1850,1853,-1,1854,1835,1855,-1,1832,1855,1835,-1,1245,1835,1854,-1,1856,1853,1855,-1,1857,1858,1859,-1,1443,1438,1851,-1,1443,1860,1444,-1,1861,1847,1843,-1,1836,1862,1848,-1,1863,1841,1864,-1,1862,1836,1838,-1,1865,1866,1867,-1,1840,1845,1837,-1,1437,1867,1425,-1,1866,1865,1868,-1,1844,1441,1866,-1,1864,1841,1840,-1,1865,1863,1868,-1,1864,1868,1863,-1,1869,1864,1840,-1,1867,1866,1425,-1,1868,1842,1844,-1,1441,1425,1866,-1,1837,1869,1840,-1,1852,1870,1871,-1,1868,1864,1842,-1,1869,1842,1864,-1,1837,1872,1869,-1,1844,1440,1441,-1,1843,1842,1861,-1,1868,1844,1866,-1,1836,1872,1837,-1,1849,1848,1862,-1,1842,1869,1861,-1,1872,1861,1869,-1,1836,1859,1872,-1,1844,1843,1440,-1,1861,1858,1847,-1,1442,1440,1843,-1,1848,1859,1836,-1,1873,1850,1849,-1,1861,1872,1858,-1,1859,1858,1872,-1,1874,1859,1848,-1,1847,1442,1843,-1,1858,1857,1846,-1,1439,1442,1847,-1,1850,1874,1848,-1,1875,1853,1873,-1,1857,1874,1871,-1,1874,1857,1859,-1,1874,1852,1871,-1,1846,1438,1439,-1,1857,1871,1851,-1,1858,1846,1847,-1,1873,1853,1850,-1,1875,1854,1855,-1,1851,1871,1860,-1,1850,1852,1874,-1,1852,1856,1870,-1,1851,1860,1443,-1,1871,1870,1860,-1,1857,1851,1846,-1,1875,1855,1853,-1,1853,1856,1852,-1,1832,1833,1856,-1,1855,1832,1856,-1,1833,1834,1870,-1,1856,1833,1870,-1,1444,1860,1834,-1,1870,1834,1860,-1,1876,1854,1875,-1,1245,1877,1246,-1,1849,1862,1878,-1,1879,1880,1873,-1,1838,1845,1881,-1,1881,1882,1838,-1,1839,1883,1845,-1,1881,1845,1883,-1,1862,1838,1882,-1,1878,1862,1882,-1,1849,1879,1873,-1,1878,1879,1849,-1,1880,1875,1873,-1,1877,1245,1854,-1,1880,1876,1875,-1,1876,1877,1854,-1,1884,1885,1879,-1,1886,1887,1888,-1,1889,1890,1891,-1,1892,1881,1883,-1,1881,1886,1882,-1,1881,1892,1886,-1,1893,1894,1895,-1,1896,1897,1898,-1,1899,1897,1895,-1,1890,1900,1891,-1,1901,1902,1889,-1,1891,1246,1889,-1,1903,1898,976,-1,1904,1903,1905,-1,1901,1880,1885,-1,978,1905,1903,-1,1893,1906,1907,-1,1908,979,973,-1,1893,1907,1894,-1,1884,1878,1909,-1,1888,1910,1906,-1,1886,1909,1882,-1,1911,968,1907,-1,1907,1906,1911,-1,1892,1887,1886,-1,1878,1882,1909,-1,1910,1911,1906,-1,1887,1910,1888,-1,1912,1909,1888,-1,1907,968,967,-1,1906,1893,1912,-1,969,1907,967,-1,1886,1888,1909,-1,1879,1878,1884,-1,1894,1899,1895,-1,1888,1906,1912,-1,1913,1884,1912,-1,1907,969,1894,-1,1893,1895,1913,-1,975,1894,969,-1,1909,1912,1884,-1,1880,1879,1885,-1,977,1898,1899,-1,1912,1893,1913,-1,1914,1885,1913,-1,1894,975,1899,-1,1895,1897,1914,-1,977,1899,975,-1,1884,1913,1885,-1,1876,1880,1901,-1,1904,1890,1896,-1,1913,1895,1914,-1,1902,1901,1914,-1,1896,1902,1897,-1,977,976,1898,-1,1899,1898,1897,-1,1885,1914,1901,-1,1889,1877,1876,-1,1904,1900,1890,-1,1914,1897,1902,-1,1896,1890,1902,-1,1904,1905,1915,-1,976,978,1903,-1,1898,1903,1896,-1,1876,1901,1889,-1,1246,1877,1889,-1,1900,1904,1915,-1,1902,1890,1889,-1,1905,1908,1915,-1,1903,1904,1896,-1,1908,1905,979,-1,978,979,1905,-1,1887,1916,1917,-1,1918,1916,1892,-1,1887,1892,1916,-1,1918,1892,1883,-1,1887,1917,1910,-1,1919,1910,1917,-1,1919,1920,1911,-1,1911,1910,1919,-1,1911,1920,968,-1,1920,965,968,-1,1921,1922,1923,-1,1924,1925,1926,-1,1927,1928,1929,-1,1930,1931,1932,-1,1932,1931,1276,-1,1933,1930,1934,-1,1918,1935,1936,-1,1937,1917,1916,-1,1938,1928,1922,-1,1918,1936,1916,-1,1939,1937,1936,-1,1940,1941,1942,-1,1939,1928,1927,-1,1935,1926,1943,-1,963,1942,1941,-1,1944,1945,1946,-1,1920,970,965,-1,1944,1947,1930,-1,1923,1948,1949,-1,1950,1951,1948,-1,1948,1933,1950,-1,1951,983,1949,-1,1932,1934,1930,-1,1931,1930,1947,-1,983,984,1949,-1,1934,1950,1933,-1,1952,1944,1933,-1,1951,1949,1948,-1,1948,1923,1952,-1,984,1921,1949,-1,1930,1933,1944,-1,1947,1944,1946,-1,984,981,1921,-1,1933,1948,1952,-1,1952,1953,1945,-1,1949,1921,1923,-1,1923,1922,1953,-1,981,1938,1921,-1,1944,1952,1945,-1,1946,1945,1924,-1,981,982,1938,-1,1952,1923,1953,-1,1953,1954,1925,-1,1921,1938,1922,-1,1928,1954,1922,-1,982,1929,1938,-1,1953,1925,1945,-1,1924,1945,1925,-1,1940,1927,1941,-1,1953,1922,1954,-1,1943,1954,1939,-1,1929,964,1941,-1,982,964,1929,-1,1938,1929,1928,-1,1954,1943,1925,-1,1926,1925,1943,-1,1937,1927,1940,-1,1954,1928,1939,-1,1937,1939,1927,-1,1942,970,1920,-1,964,963,1941,-1,1929,1941,1927,-1,1943,1936,1935,-1,1939,1936,1943,-1,1940,1919,1917,-1,1916,1936,1937,-1,1942,1920,1919,-1,1917,1937,1940,-1,1942,1919,1940,-1,963,970,1942,-1,1934,1955,1956,-1,1274,1932,1276,-1,986,985,1957,-1,1951,1950,1958,-1,876,986,1957,-1,985,983,1951,-1,1957,1951,1958,-1,1957,985,1951,-1,1956,1950,1934,-1,1956,1958,1950,-1,1934,1932,1955,-1,1274,1955,1932,-1,854,1957,1958,-1,852,1956,1274,-1,854,876,1957,-1,855,852,1274,-1,1955,1274,1956,-1,35,855,1274,-1,1956,852,1958,-1,854,1958,851,-1,852,851,1958,-1,854,851,853,-1,1926,1959,1960,-1,1918,1961,1935,-1,1962,1963,1947,-1,1946,1924,1964,-1,1965,1276,1931,-1,1931,1963,1965,-1,1947,1963,1931,-1,1965,1275,1276,-1,1960,1924,1926,-1,1960,1964,1924,-1,1962,1947,1946,-1,1962,1946,1964,-1,1961,1918,1966,-1,1959,1926,1935,-1,1935,1961,1959,-1,1967,1968,1963,-1,1275,1969,1970,-1,1971,1972,1973,-1,1963,1968,1965,-1,1969,1275,1965,-1,1974,1432,1975,-1,1976,1964,1977,-1,1974,1978,1433,-1,1979,1977,1980,-1,1961,1981,1982,-1,1983,1982,1981,-1,1966,1981,1961,-1,1984,1980,1982,-1,1985,1986,1987,-1,1435,1433,1978,-1,1435,1988,1436,-1,1989,1975,1972,-1,1967,1962,1976,-1,1990,1970,1991,-1,1962,1967,1963,-1,1992,1993,1994,-1,1969,1965,1968,-1,1428,1994,1423,-1,1993,1992,1995,-1,1973,1427,1993,-1,1991,1970,1969,-1,1992,1990,1995,-1,1991,1995,1990,-1,1996,1991,1969,-1,1994,1993,1423,-1,1995,1971,1973,-1,1427,1423,1993,-1,1968,1996,1969,-1,1979,1997,1998,-1,1995,1991,1971,-1,1996,1971,1991,-1,1968,1999,1996,-1,1973,1430,1427,-1,1972,1971,1989,-1,1995,1973,1993,-1,1967,1999,1968,-1,1964,1976,1962,-1,1971,1996,1989,-1,1999,1989,1996,-1,1967,1987,1999,-1,1973,1972,1430,-1,1989,1986,1975,-1,1431,1430,1972,-1,1976,1987,1967,-1,1960,1977,1964,-1,1989,1999,1986,-1,1987,1986,1999,-1,2000,1987,1976,-1,1975,1431,1972,-1,1986,1985,1974,-1,1432,1431,1975,-1,1977,2000,1976,-1,1959,1980,1960,-1,1985,2000,1998,-1,2000,1985,1987,-1,2000,1979,1998,-1,1974,1433,1432,-1,1985,1998,1978,-1,1986,1974,1975,-1,1960,1980,1977,-1,1959,1961,1982,-1,1978,1998,1988,-1,1977,1979,2000,-1,1979,1984,1997,-1,1978,1988,1435,-1,1998,1997,1988,-1,1985,1978,1974,-1,1959,1982,1980,-1,1980,1984,1979,-1,1983,2001,1984,-1,1982,1983,1984,-1,2001,2002,1997,-1,1984,2001,1997,-1,1436,1988,2002,-1,1997,2002,1988,-1,2002,1437,1436,-1,1981,1863,1983,-1,2001,1865,1867,-1,1966,1839,1841,-1,1841,1981,1966,-1,1863,1865,1983,-1,1841,1863,1981,-1,2001,1867,2002,-1,1983,1865,2001,-1,1437,2002,1867,-1,1839,1966,1918,-1,1918,1883,1839,-1,1990,1992,1828,-1,1830,1970,1990,-1,1277,1970,1830,-1,1830,1990,1828,-1,1277,1275,1970,-1,1992,1829,1828,-1,1829,1994,1831,-1,1994,1829,1992,-1,1994,1428,1831,-1,1831,1428,1429,-1,1908,974,2003,-1,972,1908,973,-1,974,1908,972,-1,1891,1900,2004,-1,1915,2003,2005,-1,1246,2006,1244,-1,2006,1246,1891,-1,2004,1900,2005,-1,2006,1891,2004,-1,1915,1908,2003,-1,1900,1915,2005,-1,974,962,2003,-1,682,684,2005,-1,1244,2006,2004,-1,2003,690,682,-1,682,690,688,-1,962,690,2003,-1,2003,682,2005,-1,2005,684,2004,-1,2004,685,1244,-1,685,2004,684,-1,1244,685,309,-1,2007,1410,1823,-1,1410,2007,1411,-1,2008,2009,2010,-1,2011,2012,1490,-1,2008,2011,2009,-1,2013,2014,2008,-1,2013,1491,2012,-1,2013,2008,2010,-1,2009,2011,1490,-1,1490,2012,1491,-1,2013,2012,2014,-1,2015,2016,2017,-1,2017,2016,1822,-1,2017,2018,2019,-1,2018,2007,2019,-1,1823,2016,2020,-1,2017,2019,2015,-1,1823,1822,2016,-1,2019,2007,2020,-1,1823,2020,2007,-1,1706,2013,2010,-1,2013,1706,1690,-1,1413,2010,2009,-1,2010,1413,1411,-1,2018,1706,2010,-1,2010,1411,2018,-1,1411,2007,2018,-1,2018,1721,1706,-1,1700,1721,2018,-1,1700,2018,2017,-1,1708,2017,1822,-1,1708,1700,2017,-1,1490,1413,2009,-1,1413,1490,1409,-1,1495,1491,2013,-1,2013,1690,1495,-1,2015,2019,2021,-1,2015,2021,2022,-1,2021,2023,2022,-1,2023,2021,2024,-1,2022,2025,2026,-1,2025,2022,2023,-1,2016,2015,2022,-1,2016,2022,2026,-1,2020,2026,2027,-1,2026,2020,2016,-1,2019,2020,2027,-1,2019,2027,2021,-1,2027,2024,2021,-1,2024,2027,2028,-1,2023,2028,2025,-1,2023,2024,2028,-1,2029,2030,2031,-1,2029,2032,2030,-1,2026,2028,2027,-1,2028,2026,2025,-1,2033,2030,2034,-1,2030,2033,2031,-1,2012,2011,2033,-1,2012,2033,2034,-1,2011,2035,2033,-1,2035,2011,2008,-1,2035,2031,2033,-1,2031,2035,2029,-1,2036,2029,2035,-1,2029,2036,2032,-1,2008,2014,2036,-1,2008,2036,2035,-1,2014,2012,2034,-1,2014,2034,2036,-1,2034,2032,2036,-1,2032,2034,2030,-1,1821,2037,2038,-1,2037,1821,1814,-1,1818,2038,2039,-1,2038,1818,1821,-1,1819,1818,2039,-1,1819,2039,2040,-1,2040,2039,2041,-1,2041,2042,2040,-1,2037,2040,2042,-1,2042,2043,2037,-1,1814,1819,2040,-1,1814,2040,2037,-1,2038,2037,2043,-1,2043,2044,2038,-1,2039,2038,2044,-1,2044,2041,2039,-1,2042,2044,2043,-1,2044,2042,2041,-1,2045,2046,2047,-1,2045,2047,2048,-1,2049,2050,2045,-1,2045,2048,2049,-1,1812,1811,2050,-1,1812,2050,2049,-1,1811,2051,2050,-1,2051,1811,1810,-1,2050,2051,2046,-1,2046,2045,2050,-1,2051,2052,2047,-1,2047,2046,2051,-1,1810,2052,2051,-1,2052,1810,1809,-1,1809,1812,2049,-1,1809,2049,2052,-1,2052,2049,2048,-1,2048,2047,2052,-1,1496,1599,1502,-1,1502,1492,1496,-1,1625,1685,1501,-1,1501,1500,1625,-1,1685,1601,1497,-1,1497,1501,1685,-1,1602,1505,1498,-1,1602,1695,1505,-1,1506,1695,1692,-1,1506,1505,1695,-1,1692,1503,1506,-1,1692,1603,1503,-1,1604,1509,1504,-1,1604,1686,1509,-1,1510,1686,1674,-1,1510,1509,1686,-1,1674,1507,1510,-1,1674,1605,1507,-1,1606,1513,1508,-1,1606,1679,1513,-1,1514,1679,1678,-1,1514,1513,1679,-1,1678,1511,1514,-1,1678,1607,1511,-1,1608,1517,1512,-1,1608,1719,1517,-1,1518,1719,1665,-1,1518,1517,1719,-1,1665,1515,1518,-1,1665,1609,1515,-1,1610,1521,1516,-1,1610,1673,1521,-1,1522,1673,1668,-1,1522,1521,1673,-1,1668,1519,1522,-1,1668,1611,1519,-1,1612,1524,1520,-1,1612,1718,1524,-1,1525,1718,1717,-1,1525,1524,1718,-1,1717,1523,1525,-1,1717,1613,1523,-1,1614,1528,1526,-1,1614,1660,1528,-1,1529,1660,1656,-1,1529,1528,1660,-1,1656,1527,1529,-1,1656,1615,1527,-1,1616,1532,1530,-1,1616,1655,1532,-1,1533,1655,1650,-1,1533,1532,1655,-1,1650,1531,1533,-1,1650,1617,1531,-1,1618,1536,1534,-1,1618,1632,1536,-1,1537,1632,1631,-1,1537,1536,1632,-1,1631,1535,1537,-1,1631,1619,1535,-1,1620,1540,1538,-1,1620,1653,1540,-1,1541,1653,1645,-1,1541,1540,1653,-1,1645,1539,1541,-1,1645,1621,1539,-1,271,599,601,-1,597,271,273,-1,594,599,271,-1,1119,1116,193,-1,271,597,595,-1,594,271,595,-1,910,597,2053,-1,911,2053,2054,-1,911,910,2053,-1,193,1116,1120,-1,193,1122,1124,-1,1120,1122,193,-1,194,193,1124,-1,194,1124,911,-1,911,2054,194,-1,2053,597,273,-1,2055,273,279,-1,2055,2053,273,-1,2056,2057,2058,-1,2059,2057,2056,-1,2060,2056,2061,-1,2062,2058,2057,-1,2062,2063,2060,-1,2062,2057,2063,-1,2062,2060,2061,-1,2056,2060,2059,-1,2053,2055,2064,-1,2064,2055,2065,-1,2055,2066,2067,-1,2066,2054,2067,-1,2055,2067,2065,-1,2054,2053,2064,-1,2067,2054,2068,-1,2054,2064,2068,-1,907,2056,859,-1,210,1021,1024,-1,1026,210,1024,-1,1021,210,1022,-1,210,187,993,-1,993,1022,210,-1,187,2061,993,-1,2061,2056,907,-1,2061,907,993,-1,762,94,765,-1,94,762,766,-1,94,768,770,-1,766,768,94,-1,83,94,770,-1,83,770,859,-1,859,2056,83,-1,92,83,2056,-1,2056,2058,92,-1,2058,912,860,-1,85,773,774,-1,85,771,773,-1,85,777,771,-1,85,92,779,-1,779,777,85,-1,92,2058,779,-1,2062,912,2058,-1,2058,860,779,-1,1028,213,1033,-1,213,1028,1027,-1,213,1031,994,-1,1027,1031,213,-1,179,213,994,-1,179,994,912,-1,912,2062,179,-1,2062,187,179,-1,2062,2061,187,-1,2054,195,194,-1,2054,2066,195,-1,914,2055,915,-1,188,1125,1127,-1,1128,188,1127,-1,1125,188,1131,-1,188,195,1133,-1,1133,1131,188,-1,195,2066,1133,-1,2066,2055,914,-1,2066,914,1133,-1,603,281,610,-1,281,603,602,-1,281,606,608,-1,602,606,281,-1,279,281,608,-1,279,608,915,-1,915,2055,279,-1,280,609,611,-1,607,280,267,-1,604,609,280,-1,1129,1126,189,-1,280,607,605,-1,604,280,605,-1,916,607,2069,-1,917,2069,2070,-1,917,916,2069,-1,189,1126,1130,-1,189,1132,1134,-1,1130,1132,189,-1,190,189,1134,-1,190,1134,917,-1,917,2070,190,-1,2069,607,267,-1,2071,267,259,-1,2071,2069,267,-1,2072,2073,2074,-1,2075,2073,2072,-1,2076,2072,2077,-1,2078,2074,2073,-1,2078,2079,2076,-1,2078,2073,2079,-1,2078,2076,2077,-1,2072,2076,2075,-1,2069,2071,2080,-1,2080,2071,2081,-1,2071,2082,2083,-1,2082,2070,2083,-1,2071,2083,2081,-1,2070,2069,2080,-1,2083,2070,2084,-1,2070,2080,2084,-1,913,2072,861,-1,212,1029,1032,-1,1034,212,1032,-1,1029,212,1030,-1,212,178,995,-1,995,1030,212,-1,178,2077,995,-1,2077,2072,913,-1,2077,913,995,-1,772,86,775,-1,86,772,776,-1,86,778,780,-1,776,778,86,-1,70,86,780,-1,70,780,861,-1,861,2072,70,-1,84,70,2072,-1,2072,2074,84,-1,2074,918,862,-1,77,783,784,-1,77,781,783,-1,77,787,781,-1,77,84,789,-1,789,787,77,-1,84,2074,789,-1,2078,918,2074,-1,2074,862,789,-1,1036,216,1041,-1,216,1036,1035,-1,216,1039,996,-1,1035,1039,216,-1,181,216,996,-1,181,996,918,-1,918,2078,181,-1,2078,178,181,-1,2078,2077,178,-1,2070,191,190,-1,2070,2082,191,-1,920,2071,921,-1,184,1135,1137,-1,1138,184,1137,-1,1135,184,1141,-1,184,191,1143,-1,1143,1141,184,-1,191,2082,1143,-1,2082,2071,920,-1,2082,920,1143,-1,613,288,620,-1,288,613,612,-1,288,616,618,-1,612,616,288,-1,259,288,618,-1,259,618,921,-1,921,2071,259,-1,287,619,621,-1,617,287,258,-1,614,619,287,-1,1139,1136,185,-1,287,617,615,-1,614,287,615,-1,922,617,2085,-1,923,2085,2086,-1,923,922,2085,-1,185,1136,1140,-1,185,1142,1144,-1,1140,1142,185,-1,170,185,1144,-1,170,1144,923,-1,923,2086,170,-1,2085,617,258,-1,2087,258,265,-1,2087,2085,258,-1,2088,2089,2090,-1,2091,2089,2088,-1,2092,2088,2093,-1,2094,2090,2089,-1,2094,2095,2092,-1,2094,2089,2095,-1,2094,2092,2093,-1,2088,2092,2091,-1,2085,2087,2096,-1,2096,2087,2097,-1,2087,2098,2099,-1,2098,2086,2099,-1,2087,2099,2097,-1,2086,2085,2096,-1,2099,2086,2100,-1,2086,2096,2100,-1,919,2088,863,-1,215,1037,1040,-1,1042,215,1040,-1,1037,215,1038,-1,215,172,997,-1,997,1038,215,-1,172,2093,997,-1,2093,2088,919,-1,2093,919,997,-1,782,78,785,-1,78,782,786,-1,78,788,790,-1,786,788,78,-1,73,78,790,-1,73,790,863,-1,863,2088,73,-1,76,73,2088,-1,2088,2090,76,-1,2090,924,864,-1,75,792,793,-1,75,791,792,-1,75,794,791,-1,75,76,795,-1,795,794,75,-1,76,2090,795,-1,2094,924,2090,-1,2090,864,795,-1,1044,218,1046,-1,218,1044,1043,-1,218,1045,998,-1,1043,1045,218,-1,171,218,998,-1,171,998,924,-1,924,2094,171,-1,2094,172,171,-1,2094,2093,172,-1,2086,173,170,-1,2086,2098,173,-1,925,2087,926,-1,175,1145,1147,-1,1148,175,1147,-1,1145,175,1151,-1,175,173,1153,-1,1153,1151,175,-1,173,2098,1153,-1,2098,2087,925,-1,2098,925,1153,-1,623,293,630,-1,293,623,622,-1,293,626,628,-1,622,626,293,-1,265,293,628,-1,265,628,926,-1,926,2087,265,-1,292,629,631,-1,627,292,264,-1,624,629,292,-1,1149,1146,176,-1,292,627,625,-1,624,292,625,-1,927,627,8,-1,928,8,14,-1,928,927,8,-1,176,1146,1150,-1,176,1152,1154,-1,1150,1152,176,-1,174,176,1154,-1,174,1154,928,-1,928,14,174,-1,8,627,264,-1,9,264,275,-1,9,8,264,-1,931,9,932,-1,168,1155,1157,-1,1158,168,1157,-1,1155,168,1161,-1,168,163,1163,-1,1163,1161,168,-1,163,12,1163,-1,12,9,931,-1,12,931,1163,-1,633,299,640,-1,299,633,632,-1,299,636,638,-1,632,636,299,-1,275,299,638,-1,275,638,932,-1,932,9,275,-1,14,163,174,-1,14,12,163,-1,298,639,641,-1,637,298,274,-1,634,639,298,-1,1159,1156,169,-1,298,637,635,-1,634,298,635,-1,933,637,2101,-1,934,2101,2102,-1,934,933,2101,-1,169,1156,1160,-1,169,1162,1164,-1,1160,1162,169,-1,164,169,1164,-1,164,1164,934,-1,934,2102,164,-1,2101,637,274,-1,2103,274,302,-1,2103,2101,274,-1,2104,2105,2106,-1,2107,2105,2104,-1,2108,2104,2109,-1,2110,2106,2105,-1,2110,2111,2108,-1,2110,2105,2111,-1,2110,2108,2109,-1,2104,2108,2107,-1,2101,2103,2112,-1,2112,2103,2113,-1,2103,2114,2115,-1,2114,2102,2115,-1,2103,2115,2113,-1,2102,2101,2112,-1,2115,2102,2116,-1,2102,2112,2116,-1,930,2104,866,-1,219,1049,1052,-1,1054,219,1052,-1,1049,219,1050,-1,219,162,1000,-1,1000,1050,219,-1,162,2109,1000,-1,2109,2104,930,-1,2109,930,1000,-1,797,68,800,-1,68,797,801,-1,68,803,805,-1,801,803,68,-1,58,68,805,-1,58,805,866,-1,866,2104,58,-1,53,58,2104,-1,2104,2106,53,-1,2106,935,867,-1,61,808,809,-1,61,806,808,-1,61,812,806,-1,61,53,814,-1,814,812,61,-1,53,2106,814,-1,2110,935,2106,-1,2106,867,814,-1,1056,223,1061,-1,223,1056,1055,-1,223,1059,1001,-1,1055,1059,223,-1,217,223,1001,-1,217,1001,935,-1,935,2110,217,-1,2110,162,217,-1,2110,2109,162,-1,2102,166,164,-1,2102,2114,166,-1,937,2103,938,-1,160,1165,1167,-1,1168,160,1167,-1,1165,160,1171,-1,160,166,1173,-1,1173,1171,160,-1,166,2114,1173,-1,2114,2103,937,-1,2114,937,1173,-1,643,304,650,-1,304,643,642,-1,304,646,648,-1,642,646,304,-1,302,304,648,-1,302,648,938,-1,938,2103,302,-1,303,649,651,-1,647,303,305,-1,644,649,303,-1,1169,1166,161,-1,303,647,645,-1,644,303,645,-1,939,647,2117,-1,940,2117,2118,-1,940,939,2117,-1,161,1166,1170,-1,161,1172,1174,-1,1170,1172,161,-1,159,161,1174,-1,159,1174,940,-1,940,2118,159,-1,2117,647,305,-1,2119,305,286,-1,2119,2117,305,-1,2120,2121,2122,-1,2123,2121,2120,-1,2124,2120,2125,-1,2126,2122,2121,-1,2126,2127,2124,-1,2126,2121,2127,-1,2126,2124,2125,-1,2120,2124,2123,-1,2117,2119,2128,-1,2128,2119,2129,-1,2119,2130,2131,-1,2130,2118,2131,-1,2119,2131,2129,-1,2118,2117,2128,-1,2131,2118,2132,-1,2118,2128,2132,-1,936,2120,868,-1,222,1057,1060,-1,1062,222,1060,-1,1057,222,1058,-1,222,165,1002,-1,1002,1058,222,-1,165,2125,1002,-1,2125,2120,936,-1,2125,936,1002,-1,807,62,810,-1,62,807,811,-1,62,813,815,-1,811,813,62,-1,54,62,815,-1,54,815,868,-1,868,2120,54,-1,45,54,2120,-1,2120,2122,45,-1,2122,941,869,-1,56,818,819,-1,56,816,818,-1,56,822,816,-1,56,45,824,-1,824,822,56,-1,45,2122,824,-1,2126,941,2122,-1,2122,869,824,-1,1064,226,1069,-1,226,1064,1063,-1,226,1067,1003,-1,1063,1067,226,-1,221,226,1003,-1,221,1003,941,-1,941,2126,221,-1,2126,165,221,-1,2126,2125,165,-1,2118,167,159,-1,2118,2130,167,-1,943,2119,944,-1,157,1175,1177,-1,1178,157,1177,-1,1175,157,1181,-1,157,167,1183,-1,1183,1181,157,-1,167,2130,1183,-1,2130,2119,943,-1,2130,943,1183,-1,653,308,660,-1,308,653,652,-1,308,656,658,-1,652,656,308,-1,286,308,658,-1,286,658,944,-1,944,2119,286,-1,307,659,661,-1,657,307,285,-1,654,659,307,-1,1179,1176,158,-1,307,657,655,-1,654,307,655,-1,945,657,2133,-1,946,2133,2134,-1,946,945,2133,-1,158,1176,1180,-1,158,1182,1184,-1,1180,1182,158,-1,156,158,1184,-1,156,1184,946,-1,946,2134,156,-1,2133,657,285,-1,2135,285,295,-1,2135,2133,285,-1,2136,2137,2138,-1,2139,2137,2136,-1,2140,2136,2141,-1,2142,2138,2137,-1,2142,2143,2140,-1,2142,2137,2143,-1,2142,2140,2141,-1,2136,2140,2139,-1,2133,2135,2144,-1,2144,2135,2145,-1,2135,2146,2147,-1,2146,2134,2147,-1,2135,2147,2145,-1,2134,2133,2144,-1,2147,2134,2148,-1,2134,2144,2148,-1,942,2136,870,-1,225,1065,1068,-1,1070,225,1068,-1,1065,225,1066,-1,225,224,1004,-1,1004,1066,225,-1,224,2141,1004,-1,2141,2136,942,-1,2141,942,1004,-1,817,57,820,-1,57,817,821,-1,57,823,825,-1,821,823,57,-1,46,57,825,-1,46,825,870,-1,870,2136,46,-1,44,46,2136,-1,2136,2138,44,-1,2138,947,871,-1,50,828,829,-1,50,826,828,-1,50,832,826,-1,50,44,834,-1,834,832,50,-1,44,2138,834,-1,2142,947,2138,-1,2138,871,834,-1,1072,229,1077,-1,229,1072,1071,-1,229,1075,1005,-1,1071,1075,229,-1,227,229,1005,-1,227,1005,947,-1,947,2142,227,-1,2142,224,227,-1,2142,2141,224,-1,2134,155,156,-1,2134,2146,155,-1,949,2135,950,-1,153,1185,1187,-1,1188,153,1187,-1,1185,153,1191,-1,153,155,1193,-1,1193,1191,153,-1,155,2146,1193,-1,2146,2135,949,-1,2146,949,1193,-1,663,312,670,-1,312,663,662,-1,312,666,668,-1,662,666,312,-1,295,312,668,-1,295,668,950,-1,950,2135,295,-1,311,669,671,-1,667,311,294,-1,664,669,311,-1,1189,1186,154,-1,311,667,665,-1,664,311,665,-1,951,667,2149,-1,952,2149,2150,-1,952,951,2149,-1,154,1186,1190,-1,154,1192,1194,-1,1190,1192,154,-1,152,154,1194,-1,152,1194,952,-1,952,2150,152,-1,2149,667,294,-1,2151,294,301,-1,2151,2149,294,-1,2152,2153,2154,-1,2155,2153,2152,-1,2156,2152,2157,-1,2158,2154,2153,-1,2158,2159,2156,-1,2158,2153,2159,-1,2158,2156,2157,-1,2152,2156,2155,-1,2149,2151,2160,-1,2160,2151,2161,-1,2151,2162,2163,-1,2162,2150,2163,-1,2151,2163,2161,-1,2150,2149,2160,-1,2163,2150,2164,-1,2150,2160,2164,-1,948,2152,872,-1,228,1073,1076,-1,1078,228,1076,-1,1073,228,1074,-1,228,230,1006,-1,1006,1074,228,-1,230,2157,1006,-1,2157,2152,948,-1,2157,948,1006,-1,827,51,830,-1,51,827,831,-1,51,833,835,-1,831,833,51,-1,40,51,835,-1,40,835,872,-1,872,2152,40,-1,49,40,2152,-1,2152,2154,49,-1,2154,953,873,-1,38,838,839,-1,38,836,838,-1,38,842,836,-1,38,49,844,-1,844,842,38,-1,49,2154,844,-1,2158,953,2154,-1,2154,873,844,-1,1080,233,1085,-1,233,1080,1079,-1,233,1083,1007,-1,1079,1083,233,-1,231,233,1007,-1,231,1007,953,-1,953,2158,231,-1,2158,230,231,-1,2158,2157,230,-1,2150,151,152,-1,2150,2162,151,-1,955,2151,956,-1,142,1195,1197,-1,1198,142,1197,-1,1195,142,1201,-1,142,151,1203,-1,1203,1201,142,-1,151,2162,1203,-1,2162,2151,955,-1,2162,955,1203,-1,673,316,680,-1,316,673,672,-1,316,676,678,-1,672,676,316,-1,301,316,678,-1,301,678,956,-1,956,2151,301,-1,315,679,681,-1,677,315,240,-1,674,679,315,-1,1199,1196,143,-1,315,677,675,-1,674,315,675,-1,957,677,2165,-1,958,2165,2166,-1,958,957,2165,-1,143,1196,1200,-1,143,1202,1204,-1,1200,1202,143,-1,144,143,1204,-1,144,1204,958,-1,958,2166,144,-1,2165,677,240,-1,2167,240,239,-1,2167,2165,240,-1,2168,2169,2170,-1,2171,2169,2168,-1,2172,2168,2173,-1,2174,2170,2169,-1,2174,2175,2172,-1,2174,2169,2175,-1,2174,2172,2173,-1,2168,2172,2171,-1,2165,2167,2176,-1,2176,2167,2177,-1,2167,2178,2179,-1,2178,2166,2179,-1,2167,2179,2177,-1,2166,2165,2176,-1,2179,2166,2180,-1,2166,2176,2180,-1,954,2168,874,-1,232,1081,1084,-1,1086,232,1084,-1,1081,232,1082,-1,232,234,1008,-1,1008,1082,232,-1,234,2173,1008,-1,2173,2168,954,-1,2173,954,1008,-1,837,36,840,-1,36,837,841,-1,36,843,845,-1,841,843,36,-1,37,36,845,-1,37,845,874,-1,874,2168,37,-1,111,37,2168,-1,2168,2170,111,-1,2170,959,875,-1,112,847,848,-1,112,846,847,-1,112,849,846,-1,112,111,850,-1,850,849,112,-1,111,2170,850,-1,2174,959,2170,-1,2170,875,850,-1,1088,237,1090,-1,237,1088,1087,-1,237,1089,1009,-1,1087,1089,237,-1,235,237,1009,-1,235,1009,959,-1,959,2174,235,-1,2174,234,235,-1,2174,2173,234,-1,2166,138,144,-1,2166,2178,138,-1,988,2167,989,-1,149,1215,1216,-1,1217,149,1216,-1,1215,149,1218,-1,149,138,1219,-1,1219,1218,149,-1,138,2178,1219,-1,2178,2167,988,-1,2178,988,1219,-1,693,319,696,-1,319,693,692,-1,319,694,695,-1,692,694,319,-1,239,319,695,-1,239,695,989,-1,989,2167,239,-1,961,553,966,-1,148,1207,1212,-1,1214,148,1212,-1,1207,148,1208,-1,148,146,1210,-1,1210,1208,148,-1,146,556,1210,-1,556,553,961,-1,556,961,1210,-1,683,310,686,-1,310,683,687,-1,310,689,691,-1,687,689,310,-1,244,310,691,-1,244,691,966,-1,966,553,244,-1,558,146,136,-1,558,556,146,-1,1211,971,2181,-1,971,1211,960,-1,1213,137,147,-1,2182,2183,1209,-1,1205,2184,1206,-1,1211,2181,2182,-1,2182,1209,1211,-1,1205,1209,2183,-1,2184,1205,2183,-1,1206,2185,1213,-1,1206,2184,2185,-1,1213,2185,137,-1,2186,2183,2182,-1,2181,2187,2188,-1,2185,2189,140,-1,2189,2184,2190,-1,2185,2184,2189,-1,2185,140,137,-1,2190,2184,2183,-1,2182,2188,2186,-1,2183,2186,2190,-1,2188,2182,2181,-1,2187,2181,971,-1,971,980,2187,-1,2187,987,1010,-1,987,2187,980,-1,1093,2186,2188,-1,2187,1010,1094,-1,2189,1092,141,-1,1092,2190,1091,-1,2189,2190,1092,-1,2189,141,140,-1,1091,2190,2186,-1,2188,1094,1093,-1,2186,1093,1091,-1,1094,2188,2187,-1,990,886,1098,-1,886,990,900,-1,2,929,865,-1,67,798,799,-1,67,796,798,-1,67,802,796,-1,67,32,804,-1,804,802,67,-1,32,2,804,-1,6,929,2,-1,2,865,804,-1,1048,220,1053,-1,220,1048,1047,-1,220,1051,999,-1,1047,1051,220,-1,214,220,999,-1,214,999,929,-1,929,6,214,-1,6,23,214,-1,6,5,23,-1,2191,116,110,-1,2191,2192,116,-1,63,116,2192,-1,2192,2193,63,-1,2193,42,63,-1,2193,2194,42,-1,2194,110,42,-1,2194,2191,110,-1,2192,2195,2193,-1,2196,2195,2192,-1,2197,2192,2191,-1,2193,2195,2198,-1,2194,2198,2197,-1,2193,2198,2194,-1,2194,2197,2191,-1,2192,2197,2196,-1,2199,2200,2201,-1,2202,2203,2204,-1,2200,2199,2205,-1,2203,2206,2205,-1,2200,2205,2206,-1,2205,2204,2203,-1,2201,2203,2202,-1,2199,2201,2202,-1,2203,289,297,-1,2203,2201,289,-1,290,289,2201,-1,2201,2200,290,-1,2200,317,290,-1,2200,2206,317,-1,2206,297,317,-1,2206,2203,297,-1,
        ]
    }
}
Shape{
    appearance Appearance {
        material  Material 	{
            diffuseColor 0.9686274509803922 0.9686274509803922 0.9686274509803922
            specularColor 0.7529411764705882 0.7529411764705882 0.7529411764705882
            ambientIntensity 1.0
            transparency 1.0
            shininess 0.5
        }
    }
    geometry IndexedFaceSet {
        ccw TRUE
        solid FALSE
        coord DEF co Coordinate {
            point [
                -1.2792 0.1339 0.0096, -1.2792 0.1339 0.0017, -1.3382 0.1339 0.0017, -1.3382 0.1339 0.0096, -1.3382 0.1265 0.0017, -1.3382 0.1265 0.0096, -1.2867 0.1265 0.0017, -1.2867 0.1265 0.0096, -1.2867 0.0896 0.0017, -1.2867 0.0896 0.0096, -1.2792 0.0896 0.0017, -1.2792 0.0896 0.0096, -1.3269 0.0687 0.0017, -1.3294 0.0761 0.0017, -1.3231 0.0712 0.0017, -1.3231 0.0318 0.0017, -1.3294 0.033 0.0017, -1.3231 0.0392 0.0017, -1.2804 0.0662 0.0017, -1.2867 0.0601 0.0017, -1.288 0.065 0.0017, -1.2867 0.049 0.0017, -1.2804 0.0429 0.0017, -1.288 0.0441 0.0017, -1.2829 0.0379 0.0017, -1.2905 0.0404 0.0017, -1.2792 0.049 0.0017, -1.2792 0.0601 0.0017, -1.2905 0.0687 0.0017, -1.2829 0.0712 0.0017, -1.2943 0.0712 0.0017, -1.288 0.0761 0.0017, -1.293 0.0785 0.0017, -1.2993 0.0724 0.0017, -1.3244 0.0785 0.0017, -1.3181 0.0724 0.0017, -1.3181 0.0798 0.0017, -1.2993 0.0798 0.0017, -1.3294 0.065 0.0017, -1.3345 0.0712 0.0017, -1.337 0.0662 0.0017, -1.3307 0.0601 0.0017, -1.3382 0.049 0.0017, -1.3382 0.0601 0.0017, -1.3307 0.049 0.0017, -1.3294 0.0441 0.0017, -1.337 0.0429 0.0017, -1.3269 0.0404 0.0017, -1.3345 0.0379 0.0017, -1.288 0.033 0.0017, -1.2943 0.0392 0.0017, -1.2943 0.0318 0.0017, -1.2792 0.0219 0.0017, -1.3068 0.0146 0.0017, -1.3382 0.0219 0.0017, -1.3144 0.0146 0.0017, -1.2792 -0.0224 0.0017, -1.2867 0.0146 0.0017, -1.3068 -0.0174 0.0017, -1.3144 -0.0174 0.0017, -1.3307 0.0146 0.0017, -1.3307 -0.0224 0.0017, -1.3382 -0.0224 0.0017, -1.2867 -0.0224 0.0017, -1.293 -0.0802 0.0017, -1.2993 -0.074 0.0017, -1.2943 -0.0728 0.0017, -1.2993 -0.0814 0.0017, -1.3181 -0.074 0.0017, -1.3181 -0.0814 0.0017, -1.3294 -0.0777 0.0017, -1.3269 -0.0703 0.0017, -1.3231 -0.0728 0.0017, -1.3294 -0.0666 0.0017, -1.3345 -0.0728 0.0017, -1.337 -0.0679 0.0017, -1.3307 -0.0617 0.0017, -1.3382 -0.0617 0.0017, -1.3244 -0.0802 0.0017, -1.3307 -0.0396 0.0017, -1.3382 -0.0322 0.0017, -1.2867 -0.0396 0.0017, -1.2792 -0.0322 0.0017, -1.2867 -0.0617 0.0017, -1.2804 -0.0679 0.0017, -1.288 -0.0666 0.0017, -1.2905 -0.0703 0.0017, -1.2829 -0.0728 0.0017, -1.288 -0.0777 0.0017, -1.2792 -0.0617 0.0017, -1.2792 -0.1405 0.0017, -1.3382 -0.1208 0.0017, -1.2993 -0.1269 0.0017, -1.2943 -0.1036 0.0017, -1.2792 -0.0912 0.0017, -1.2792 -0.0986 0.0017, -1.2993 -0.1048 0.0017, -1.2792 -0.1331 0.0017, -1.2943 -0.1282 0.0017, -1.3382 -0.1109 0.0017, -1.3332 -0.1159 0.0017, -1.2943 0.0392 0.0096, -1.2943 0.0318 0.0096, -1.288 0.033 0.0096, -1.2829 0.0379 0.0096, -1.2804 0.0429 0.0096, -1.2792 0.049 0.0096, -1.2792 0.0601 0.0096, -1.2804 0.0662 0.0096, -1.2829 0.0712 0.0096, -1.288 0.0761 0.0096, -1.293 0.0785 0.0096, -1.2993 0.0798 0.0096, -1.3181 0.0798 0.0096, -1.3244 0.0785 0.0096, -1.3294 0.0761 0.0096, -1.3345 0.0712 0.0096, -1.337 0.0662 0.0096, -1.3382 0.0601 0.0096, -1.3382 0.049 0.0096, -1.337 0.0429 0.0096, -1.3345 0.0379 0.0096, -1.3294 0.033 0.0096, -1.3231 0.0318 0.0096, -1.3231 0.0392 0.0096, -1.3269 0.0404 0.0096, -1.3294 0.0441 0.0096, -1.3307 0.049 0.0096, -1.3307 0.0601 0.0096, -1.3294 0.065 0.0096, -1.3269 0.0687 0.0096, -1.3231 0.0712 0.0096, -1.3181 0.0724 0.0096, -1.2993 0.0724 0.0096, -1.2943 0.0712 0.0096, -1.2905 0.0687 0.0096, -1.288 0.065 0.0096, -1.2867 0.0601 0.0096, -1.2867 0.049 0.0096, -1.288 0.0441 0.0096, -1.2905 0.0404 0.0096, -1.2867 0.0146 0.0096, -1.2867 -0.0224 0.0096, -1.2792 -0.0224 0.0096, -1.2792 0.0219 0.0096, -1.3382 0.0219 0.0096, -1.3382 -0.0224 0.0096, -1.3307 -0.0224 0.0096, -1.3307 0.0146 0.0096, -1.3144 0.0146 0.0096, -1.3144 -0.0174 0.0096, -1.3068 -0.0174 0.0096, -1.3068 0.0146 0.0096, -1.3382 -0.0322 0.0096, -1.3382 -0.0617 0.0096, -1.337 -0.0679 0.0096, -1.3345 -0.0728 0.0096, -1.3294 -0.0777 0.0096, -1.3244 -0.0802 0.0096, -1.3181 -0.0814 0.0096, -1.2993 -0.0814 0.0096, -1.293 -0.0802 0.0096, -1.288 -0.0777 0.0096, -1.2829 -0.0728 0.0096, -1.2804 -0.0679 0.0096, -1.2792 -0.0617 0.0096, -1.2792 -0.0322 0.0096, -1.3307 -0.0617 0.0096, -1.3307 -0.0396 0.0096, -1.2867 -0.0396 0.0096, -1.2867 -0.0617 0.0096, -1.288 -0.0666 0.0096, -1.2905 -0.0703 0.0096, -1.2943 -0.0728 0.0096, -1.2993 -0.074 0.0096, -1.3181 -0.074 0.0096, -1.3231 -0.0728 0.0096, -1.3269 -0.0703 0.0096, -1.3294 -0.0666 0.0096, -1.3382 -0.1109 0.0096, -1.3382 -0.1208 0.0096, -1.2792 -0.1405 0.0096, -1.2792 -0.1331 0.0096, -1.2943 -0.1282 0.0096, -1.2943 -0.1036 0.0096, -1.2792 -0.0986 0.0096, -1.2792 -0.0912 0.0096, -1.2993 -0.1269 0.0096, -1.3332 -0.1159 0.0096, -1.2993 -0.1048 0.0096, 1.189 -0.3149 0.1165, 1.248 -0.3149 0.1165, 1.248 -0.3149 0.0669, 1.189 -0.3149 0.0669, 1.189 -0.3544 0.0669, 1.189 -0.3544 0.1165, 1.189 -0.3793 0.0146, 1.189 -0.29 0.0146, 1.189 -0.4503 0.0, 1.189 -0.4038 0.0083, 1.189 -0.4073 0.0, 1.189 -0.4503 0.0396, 1.189 -0.219 0.0, 1.189 -0.262 0.0, 1.189 -0.2655 0.0083, 1.189 -0.4014 0.0396, 1.189 -0.3882 0.0165, 1.189 -0.3969 0.0142, 1.189 -0.2971 0.009, 1.189 -0.3722 0.009, 1.189 -0.2811 0.0165, 1.189 -0.2679 0.0396, 1.189 -0.2724 0.0142, 1.189 -0.219 0.0396, 1.248 -0.3544 0.1165, 1.248 -0.2811 0.0165, 1.248 -0.2679 0.0396, 1.248 -0.29 0.0146, 1.248 -0.3793 0.0146, 1.248 -0.3544 0.0669, 1.248 -0.4503 0.0, 1.248 -0.4073 0.0, 1.248 -0.4038 0.0083, 1.248 -0.4503 0.0396, 1.248 -0.219 0.0, 1.248 -0.2655 0.0083, 1.248 -0.262 0.0, 1.248 -0.4014 0.0396, 1.248 -0.3969 0.0142, 1.248 -0.3882 0.0165, 1.248 -0.3722 0.009, 1.248 -0.2971 0.009, 1.248 -0.2724 0.0142, 1.248 -0.219 0.0396, 1.189 0.3149 0.1165, 1.248 0.3149 0.1165, 1.248 0.3544 0.1165, 1.189 0.3544 0.1165, 1.189 0.219 0.0, 1.189 0.2655 0.0083, 1.189 0.262 0.0, 1.189 0.2679 0.0396, 1.189 0.2811 0.0165, 1.189 0.2724 0.0142, 1.189 0.4503 0.0, 1.189 0.4073 0.0, 1.189 0.4038 0.0083, 1.189 0.3544 0.0669, 1.189 0.219 0.0396, 1.189 0.29 0.0146, 1.189 0.3793 0.0146, 1.189 0.3722 0.009, 1.189 0.2971 0.009, 1.189 0.4014 0.0396, 1.189 0.3882 0.0165, 1.189 0.3149 0.0669, 1.189 0.3969 0.0142, 1.189 0.4503 0.0396, 1.248 0.3149 0.0669, 1.248 0.3544 0.0669, 1.248 0.29 0.0146, 1.248 0.3793 0.0146, 1.248 0.219 0.0, 1.248 0.262 0.0, 1.248 0.2655 0.0083, 1.248 0.219 0.0396, 1.248 0.4503 0.0, 1.248 0.4038 0.0083, 1.248 0.4073 0.0, 1.248 0.2679 0.0396, 1.248 0.2724 0.0142, 1.248 0.2811 0.0165, 1.248 0.2971 0.009, 1.248 0.3722 0.009, 1.248 0.3882 0.0165, 1.248 0.4014 0.0396, 1.248 0.4503 0.0396, 1.248 0.3969 0.0142, -1.248 -0.3149 0.0669, -1.189 -0.3149 0.1165, -1.189 -0.3149 0.0669, -1.248 -0.3149 0.1165, -1.189 -0.2811 0.0165, -1.189 -0.2679 0.0396, -1.189 -0.29 0.0146, -1.189 -0.3793 0.0146, -1.189 -0.3544 0.0669, -1.189 -0.4503 0.0, -1.189 -0.4073 0.0, -1.189 -0.4038 0.0083, -1.189 -0.4503 0.0396, -1.189 -0.219 0.0, -1.189 -0.2655 0.0083, -1.189 -0.262 0.0, -1.189 -0.4014 0.0396, -1.189 -0.3969 0.0142, -1.189 -0.3882 0.0165, -1.189 -0.3722 0.009, -1.189 -0.2971 0.009, -1.189 -0.2724 0.0142, -1.189 -0.219 0.0396, -1.189 -0.3544 0.1165, -1.248 -0.3544 0.1165, -1.248 -0.3544 0.0669, -1.248 -0.4014 0.0396, -1.248 -0.4503 0.0396, -1.248 -0.4503 0.0, -1.248 -0.4073 0.0, -1.248 -0.3793 0.0146, -1.248 -0.3722 0.009, -1.248 -0.4038 0.0083, -1.248 -0.3969 0.0142, -1.248 -0.3882 0.0165, -1.248 -0.2971 0.009, -1.248 -0.2655 0.0083, -1.248 -0.262 0.0, -1.248 -0.29 0.0146, -1.248 -0.2811 0.0165, -1.248 -0.2724 0.0142, -1.248 -0.219 0.0, -1.248 -0.219 0.0396, -1.248 -0.2679 0.0396, -1.248 0.3544 0.1165, -1.189 0.3149 0.1165, -1.189 0.3544 0.1165, -1.248 0.3149 0.1165, -1.189 0.3149 0.0669, -1.189 0.3544 0.0669, -1.189 0.29 0.0146, -1.189 0.3793 0.0146, -1.189 0.219 0.0, -1.189 0.262 0.0, -1.189 0.2655 0.0083, -1.189 0.219 0.0396, -1.189 0.4503 0.0, -1.189 0.4038 0.0083, -1.189 0.4073 0.0, -1.189 0.2679 0.0396, -1.189 0.2724 0.0142, -1.189 0.2811 0.0165, -1.189 0.2971 0.009, -1.189 0.3722 0.009, -1.189 0.3882 0.0165, -1.189 0.4014 0.0396, -1.189 0.4503 0.0396, -1.189 0.3969 0.0142, -1.248 0.3149 0.0669, -1.248 0.2679 0.0396, -1.248 0.219 0.0396, -1.248 0.219 0.0, -1.248 0.262 0.0, -1.248 0.29 0.0146, -1.248 0.2971 0.009, -1.248 0.2655 0.0083, -1.248 0.2724 0.0142, -1.248 0.2811 0.0165, -1.248 0.3722 0.009, -1.248 0.4038 0.0083, -1.248 0.4073 0.0, -1.248 0.3793 0.0146, -1.248 0.3882 0.0165, -1.248 0.3969 0.0142, -1.248 0.4503 0.0, -1.248 0.4503 0.0396, -1.248 0.4014 0.0396, -1.248 0.3544 0.0669
            ]
        }
        coordIndex [
            0,1,2,-1,0,2,3,-1,3,2,4,-1,3,4,5,-1,5,4,6,-1,5,6,7,-1,7,6,8,-1,7,8,9,-1,9,8,10,-1,9,10,11,-1,11,10,1,-1,11,1,0,-1,6,10,8,-1,6,2,1,-1,6,4,2,-1,10,6,1,-1,12,13,14,-1,15,16,17,-1,18,19,20,-1,21,22,23,-1,23,24,25,-1,26,19,27,-1,28,29,20,-1,30,31,28,-1,32,31,30,-1,30,33,32,-1,14,34,35,-1,33,36,37,-1,38,39,12,-1,40,39,38,-1,41,40,38,-1,42,43,44,-1,45,46,44,-1,47,48,45,-1,17,16,47,-1,25,49,50,-1,16,48,47,-1,48,46,45,-1,46,42,44,-1,43,41,44,-1,43,40,41,-1,12,39,13,-1,13,34,14,-1,34,36,35,-1,35,36,33,-1,37,32,33,-1,28,31,29,-1,20,29,18,-1,18,27,19,-1,26,21,19,-1,26,22,21,-1,22,24,23,-1,24,49,25,-1,49,51,50,-1,52,53,54,-1,53,55,54,-1,52,56,57,-1,55,58,59,-1,60,61,62,-1,62,54,60,-1,60,54,55,-1,58,55,53,-1,53,52,57,-1,56,63,57,-1,64,65,66,-1,67,65,64,-1,67,68,65,-1,67,69,68,-1,70,71,72,-1,73,71,74,-1,75,73,74,-1,75,76,73,-1,76,75,77,-1,68,78,72,-1,79,77,80,-1,81,80,82,-1,83,84,85,-1,79,76,77,-1,86,85,87,-1,74,71,70,-1,70,72,78,-1,78,68,69,-1,86,88,66,-1,88,64,66,-1,88,86,87,-1,87,85,84,-1,89,83,81,-1,84,83,89,-1,80,81,79,-1,89,81,82,-1,90,91,92,-1,93,94,95,-1,93,96,94,-1,97,90,98,-1,92,96,98,-1,92,98,90,-1,91,99,100,-1,96,93,98,-1,91,100,92,-1,100,99,96,-1,94,96,99,-1,101,50,51,-1,101,51,102,-1,102,51,49,-1,102,49,103,-1,103,49,24,-1,103,24,104,-1,104,24,22,-1,104,22,105,-1,105,22,26,-1,105,26,106,-1,106,26,27,-1,106,27,107,-1,107,27,18,-1,107,18,108,-1,108,18,29,-1,108,29,109,-1,109,29,31,-1,109,31,110,-1,110,31,32,-1,110,32,111,-1,111,32,37,-1,111,37,112,-1,112,37,36,-1,112,36,113,-1,113,36,34,-1,113,34,114,-1,114,34,13,-1,114,13,115,-1,115,13,39,-1,115,39,116,-1,116,39,40,-1,116,40,117,-1,117,40,43,-1,117,43,118,-1,118,43,42,-1,118,42,119,-1,119,42,46,-1,119,46,120,-1,120,46,48,-1,120,48,121,-1,121,48,16,-1,121,16,122,-1,122,16,15,-1,122,15,123,-1,123,15,17,-1,123,17,124,-1,124,17,47,-1,124,47,125,-1,125,47,45,-1,125,45,126,-1,126,45,44,-1,126,44,127,-1,127,44,41,-1,127,41,128,-1,128,41,38,-1,128,38,129,-1,129,38,12,-1,129,12,130,-1,130,12,14,-1,130,14,131,-1,131,14,35,-1,131,35,132,-1,132,35,33,-1,132,33,133,-1,133,33,30,-1,133,30,134,-1,134,30,28,-1,134,28,135,-1,135,28,20,-1,135,20,136,-1,136,20,19,-1,136,19,137,-1,137,19,21,-1,137,21,138,-1,138,21,23,-1,138,23,139,-1,139,23,25,-1,139,25,140,-1,140,25,50,-1,140,50,101,-1,141,57,63,-1,141,63,142,-1,142,63,56,-1,142,56,143,-1,143,56,52,-1,143,52,144,-1,144,52,54,-1,144,54,145,-1,145,54,62,-1,145,62,146,-1,146,62,61,-1,146,61,147,-1,147,61,60,-1,147,60,148,-1,148,60,55,-1,148,55,149,-1,149,55,59,-1,149,59,150,-1,150,59,58,-1,150,58,151,-1,151,58,53,-1,151,53,152,-1,152,53,57,-1,152,57,141,-1,153,80,77,-1,153,77,154,-1,154,77,75,-1,154,75,155,-1,155,75,74,-1,155,74,156,-1,156,74,70,-1,156,70,157,-1,157,70,78,-1,157,78,158,-1,158,78,69,-1,158,69,159,-1,159,69,67,-1,159,67,160,-1,160,67,64,-1,160,64,161,-1,161,64,88,-1,161,88,162,-1,162,88,87,-1,162,87,163,-1,163,87,84,-1,163,84,164,-1,164,84,89,-1,164,89,165,-1,165,89,82,-1,165,82,166,-1,166,82,80,-1,166,80,153,-1,167,76,79,-1,167,79,168,-1,168,79,81,-1,168,81,169,-1,169,81,83,-1,169,83,170,-1,170,83,85,-1,170,85,171,-1,171,85,86,-1,171,86,172,-1,172,86,66,-1,172,66,173,-1,173,66,65,-1,173,65,174,-1,174,65,68,-1,174,68,175,-1,175,68,72,-1,175,72,176,-1,176,72,71,-1,176,71,177,-1,177,71,73,-1,177,73,178,-1,178,73,76,-1,178,76,167,-1,179,99,91,-1,179,91,180,-1,180,91,90,-1,180,90,181,-1,181,90,97,-1,181,97,182,-1,182,97,98,-1,182,98,183,-1,183,98,93,-1,183,93,184,-1,184,93,95,-1,184,95,185,-1,185,95,94,-1,185,94,186,-1,186,94,99,-1,186,99,179,-1,187,92,100,-1,187,100,188,-1,188,100,96,-1,188,96,189,-1,189,96,92,-1,189,92,187,-1,190,191,192,-1,190,192,193,-1,194,195,193,-1,196,194,197,-1,198,199,200,-1,199,198,201,-1,202,203,204,-1,205,206,207,-1,206,205,196,-1,201,205,207,-1,199,201,207,-1,196,208,209,-1,205,194,196,-1,210,197,211,-1,208,196,197,-1,204,212,213,-1,213,212,211,-1,204,213,202,-1,211,197,193,-1,212,210,211,-1,193,195,190,-1,193,197,194,-1,195,214,191,-1,195,191,190,-1,215,216,217,-1,218,217,219,-1,220,221,222,-1,222,223,220,-1,224,225,226,-1,227,228,229,-1,229,218,227,-1,223,228,227,-1,222,228,223,-1,218,230,231,-1,227,218,219,-1,232,233,216,-1,231,217,218,-1,225,224,233,-1,232,225,233,-1,216,192,217,-1,232,216,215,-1,214,219,192,-1,217,192,219,-1,192,191,214,-1,193,192,216,-1,193,216,211,-1,211,216,233,-1,211,233,213,-1,213,233,224,-1,213,224,202,-1,202,224,226,-1,202,226,203,-1,215,197,210,-1,208,217,231,-1,204,226,225,-1,225,232,212,-1,212,232,210,-1,204,203,226,-1,204,225,212,-1,215,217,197,-1,232,215,210,-1,208,197,217,-1,208,231,230,-1,208,230,209,-1,228,199,207,-1,200,222,221,-1,196,230,218,-1,218,229,206,-1,206,229,207,-1,196,209,230,-1,196,218,206,-1,228,222,199,-1,229,228,207,-1,200,199,222,-1,200,221,220,-1,200,220,198,-1,198,220,223,-1,198,223,201,-1,201,223,227,-1,201,227,205,-1,205,227,219,-1,205,219,194,-1,194,219,214,-1,194,214,195,-1,234,235,236,-1,234,236,237,-1,238,239,240,-1,241,242,243,-1,244,245,246,-1,234,237,247,-1,239,238,248,-1,241,243,248,-1,239,248,243,-1,242,241,249,-1,250,251,249,-1,252,249,251,-1,250,253,254,-1,255,247,250,-1,256,254,253,-1,246,257,244,-1,256,253,257,-1,256,257,246,-1,253,250,247,-1,255,234,247,-1,249,255,250,-1,249,241,255,-1,255,258,235,-1,255,235,234,-1,258,259,235,-1,260,261,258,-1,262,263,264,-1,264,265,262,-1,266,267,268,-1,269,270,271,-1,271,260,269,-1,265,270,269,-1,264,270,265,-1,260,272,273,-1,269,260,258,-1,274,275,261,-1,273,261,260,-1,267,276,277,-1,276,275,277,-1,267,266,276,-1,275,259,261,-1,277,275,274,-1,259,236,235,-1,259,258,261,-1,237,236,259,-1,237,259,247,-1,247,259,275,-1,247,275,253,-1,253,275,276,-1,253,276,257,-1,257,276,266,-1,257,266,244,-1,244,266,268,-1,244,268,245,-1,274,250,254,-1,251,261,273,-1,246,268,267,-1,267,277,256,-1,256,277,254,-1,246,245,268,-1,246,267,256,-1,274,261,250,-1,277,274,254,-1,251,250,261,-1,251,273,272,-1,251,272,252,-1,270,239,243,-1,240,264,263,-1,249,272,260,-1,260,271,242,-1,242,271,243,-1,249,252,272,-1,249,260,242,-1,270,264,239,-1,271,270,243,-1,240,239,264,-1,240,263,262,-1,240,262,238,-1,238,262,265,-1,238,265,248,-1,248,265,269,-1,248,269,241,-1,241,269,258,-1,241,258,255,-1,278,279,280,-1,278,281,279,-1,282,283,284,-1,285,284,286,-1,287,288,289,-1,289,290,287,-1,291,292,293,-1,294,295,296,-1,296,285,294,-1,290,295,294,-1,289,295,290,-1,285,297,298,-1,294,285,286,-1,299,300,283,-1,298,284,285,-1,292,291,300,-1,299,292,300,-1,283,280,284,-1,299,283,282,-1,301,286,280,-1,284,280,286,-1,280,279,301,-1,281,301,279,-1,281,302,301,-1,302,286,301,-1,302,303,286,-1,303,294,286,-1,303,304,294,-1,304,290,294,-1,304,305,290,-1,305,287,290,-1,305,306,287,-1,306,288,287,-1,306,307,288,-1,308,309,297,-1,310,311,295,-1,312,285,296,-1,307,289,288,-1,289,307,310,-1,295,311,296,-1,289,310,295,-1,312,308,285,-1,311,312,296,-1,297,285,308,-1,309,298,297,-1,309,313,298,-1,314,315,293,-1,316,317,282,-1,318,292,299,-1,313,284,298,-1,284,313,316,-1,282,317,299,-1,284,316,282,-1,318,314,292,-1,317,318,299,-1,293,292,314,-1,315,291,293,-1,315,319,291,-1,319,300,291,-1,319,320,300,-1,320,283,300,-1,320,321,283,-1,321,280,283,-1,321,278,280,-1,303,302,278,-1,308,303,316,-1,306,310,307,-1,310,306,305,-1,319,315,314,-1,304,312,311,-1,312,304,308,-1,305,304,311,-1,310,305,311,-1,308,313,309,-1,304,303,308,-1,317,316,321,-1,313,308,316,-1,314,318,320,-1,320,318,321,-1,314,320,319,-1,321,316,278,-1,318,317,321,-1,278,302,281,-1,278,316,303,-1,322,323,324,-1,322,325,323,-1,326,327,323,-1,328,329,326,-1,330,331,332,-1,332,333,330,-1,334,335,336,-1,337,338,339,-1,339,328,337,-1,333,338,337,-1,332,338,333,-1,328,340,341,-1,337,328,326,-1,342,343,329,-1,341,329,328,-1,335,344,345,-1,344,343,345,-1,335,334,344,-1,343,327,329,-1,345,343,342,-1,327,324,323,-1,327,326,329,-1,325,326,323,-1,325,346,326,-1,346,337,326,-1,346,347,337,-1,347,333,337,-1,347,348,333,-1,348,330,333,-1,348,349,330,-1,349,331,330,-1,349,350,331,-1,351,352,340,-1,353,354,338,-1,355,328,339,-1,350,332,331,-1,332,350,353,-1,338,354,339,-1,332,353,338,-1,355,351,328,-1,354,355,339,-1,340,328,351,-1,352,341,340,-1,352,356,341,-1,357,358,336,-1,359,360,342,-1,361,335,345,-1,356,329,341,-1,329,356,359,-1,342,360,345,-1,329,359,342,-1,361,357,335,-1,360,361,345,-1,336,335,357,-1,358,334,336,-1,358,362,334,-1,362,344,334,-1,362,363,344,-1,363,343,344,-1,363,364,343,-1,364,327,343,-1,364,365,327,-1,365,324,327,-1,365,322,324,-1,349,353,350,-1,347,355,354,-1,362,358,357,-1,325,322,365,-1,353,349,348,-1,347,354,348,-1,353,348,354,-1,355,347,351,-1,359,356,351,-1,352,351,356,-1,359,364,360,-1,346,365,359,-1,361,360,364,-1,357,363,362,-1,361,364,363,-1,361,363,357,-1,364,359,365,-1,346,325,365,-1,351,346,359,-1,351,347,346,-1,
        ]
    }
}