#VRML V2.0 utf8
# 3D model generated by easyeda2kicad.py (https://github.com/uPesy/easyeda2kicad.py)

Shape{
    appearance Appearance {
        material  Material 	{
            diffuseColor 0.3176470588235294 0.3176470588235294 0.3176470588235294
            specularColor 0.7529411764705882 0.7529411764705882 0.7529411764705882
            ambientIntensity 1.0
            transparency 1.0
            shininess 0.5
        }
    }
    geometry IndexedFaceSet {
        ccw TRUE
        solid FALSE
        coord DEF co Coordinate {
            point [
                -0.8957 0.2815 0.0079, -1.0157 0.2697 0.0079, -1.0157 0.2815 0.0079, -0.8366 -0.1398 0.0079, -0.7382 -0.1398 0.0079, -0.7382 -0.2815 0.0079, -1.0157 -0.2697 0.0079, -1.0551 -0.2697 0.0079, -0.8957 -0.1398 0.0079, -1.0551 0.2697 0.0079, -0.8957 -0.2815 0.0079, -1.0157 -0.2815 0.0079, -0.044 0.0237 0.0079, -0.0897 0.0237 0.0079, -0.0862 0.0291 0.0079, -0.0862 -0.023 0.0079, -0.044 -0.0176 0.0079, -0.0457 -0.023 0.0079, -0.0457 0.0291 0.0079, 0.0441 -0.0284 0.0079, 0.0581 -0.0392 0.0079, 0.0441 -0.0392 0.0079, -0.8366 -0.2815 0.0079, -0.0492 0.1398 0.0079, -0.0492 0.2815 0.0079, 0.0492 0.1398 0.0079, -0.5807 -0.2815 0.0079, -0.6791 -0.1398 0.0079, -0.5807 -0.1398 0.0079, -0.4232 -0.2815 0.0079, -0.5217 -0.1398 0.0079, -0.4232 -0.1398 0.0079, -0.6791 -0.2815 0.0079, 0.0492 -0.1398 0.0079, -0.0193 -0.0392 0.0079, -0.2657 -0.2815 0.0079, -0.3642 -0.1398 0.0079, -0.2657 -0.1398 0.0079, -0.5217 -0.2815 0.0079, -0.2067 0.1398 0.0079, -0.1083 0.1398 0.0079, -0.1795 0.0453 0.0079, -0.1083 -0.2815 0.0079, -0.2067 -0.1398 0.0079, -0.1083 -0.1398 0.0079, -0.3642 -0.2815 0.0079, 0.1849 -0.0392 0.0079, 0.6791 -0.1398 0.0079, 0.5807 -0.1398 0.0079, 0.4232 -0.1398 0.0079, 0.3642 -0.1398 0.0079, 0.0492 -0.2815 0.0079, -0.0492 -0.1398 0.0079, -0.2067 -0.2815 0.0079, 0.213 0.0453 0.0079, 0.2025 0.0453 0.0079, 0.2067 0.1398 0.0079, 0.5217 -0.1398 0.0079, 0.2067 -0.2815 0.0079, 0.1083 -0.1398 0.0079, 0.2067 -0.1398 0.0079, -0.0492 -0.2815 0.0079, 0.7382 -0.1398 0.0079, 0.3642 -0.2815 0.0079, 0.2657 -0.1398 0.0079, 0.1083 -0.2815 0.0079, 0.5217 0.1398 0.0079, 0.4232 0.1398 0.0079, 0.6791 0.1398 0.0079, 0.5217 -0.2815 0.0079, 0.2657 -0.2815 0.0079, 0.7382 0.1398 0.0079, 0.8366 -0.1398 0.0079, 0.6791 -0.2815 0.0079, 0.4232 -0.2815 0.0079, 0.8366 0.1398 0.0079, 0.8957 -0.1398 0.0079, 0.8366 -0.2815 0.0079, 0.5807 -0.2815 0.0079, 0.8957 0.1398 0.0079, 1.0551 -0.2697 0.0079, 1.0157 -0.2697 0.0079, 0.8957 -0.2815 0.0079, 0.7382 -0.2815 0.0079, 1.0157 0.2697 0.0079, 1.0551 0.2697 0.0079, 1.0157 -0.2815 0.0079, 0.2657 0.1398 0.0079, 0.8957 0.2815 0.0079, 1.0157 0.2815 0.0079, 0.7382 0.2815 0.0079, 0.8366 0.2815 0.0079, 0.1532 0.0453 0.0079, 0.5807 0.1398 0.0079, 0.5807 0.2815 0.0079, 0.1083 0.1398 0.0079, 0.6791 0.2815 0.0079, 0.4232 0.2815 0.0079, 0.5217 0.2815 0.0079, 0.1004 -0.0392 0.0079, 0.1092 -0.0374 0.0079, 0.1708 -0.0392 0.0079, 0.2657 0.2815 0.0079, 0.3642 0.1398 0.0079, 0.3642 0.2815 0.0079, -0.0897 0.0399 0.0079, -0.1161 0.0345 0.0079, -0.1161 0.0453 0.0079, 0.1083 0.2815 0.0079, -0.0739 0.0345 0.0079, -0.058 0.0345 0.0079, -0.051 0.0327 0.0079, 0.2067 0.2815 0.0079, 0.037 0.0058 0.0079, -0.0088 0.0058 0.0079, -0.0088 0.0345 0.0079, -0.0088 -0.005 0.0079, 0.037 -0.005 0.0079, -0.0088 -0.0284 0.0079, 0.0492 0.2815 0.0079, 0.1092 0.0435 0.0079, 0.1004 0.0453 0.0079, 0.1426 0.0453 0.0079, -0.2067 0.2815 0.0079, 0.0581 0.0453 0.0079, -0.1083 0.2815 0.0079, -0.0809 0.0327 0.0079, -0.2657 0.1398 0.0079, -0.3642 0.1398 0.0079, -0.3642 0.2815 0.0079, -0.2657 0.2815 0.0079, -0.8957 0.1398 0.0079, -0.1795 -0.0392 0.0079, -0.5217 0.2815 0.0079, -0.4232 0.1398 0.0079, -0.5217 0.1398 0.0079, -0.4232 0.2815 0.0079, -0.7382 0.1398 0.0079, -0.6791 0.1398 0.0079, -0.6791 0.2815 0.0079, -0.5807 0.1398 0.0079, -0.5807 0.2815 0.0079, -0.8366 0.1398 0.0079, -0.8366 0.2815 0.0079, -0.7382 0.2815 0.0079, -0.0193 0.0453 0.0079, 0.1602 0.0237 0.0079, 0.1954 0.0237 0.0079, -0.0492 0.0435 0.0079, -0.058 0.0453 0.0079, 0.1268 0.0255 0.0079, 0.1285 0.0166 0.0079, 0.1233 0.0327 0.0079, 0.1162 0.0399 0.0079, 0.1285 -0.0104 0.0079, 0.1268 -0.0194 0.0079, 0.1233 -0.0266 0.0079, 0.1162 -0.0338 0.0079, 0.0441 0.0453 0.0079, -0.0334 -0.0176 0.0079, -0.0334 0.0237 0.0079, -0.051 -0.0266 0.0079, 0.0441 0.0345 0.0079, -0.058 -0.0284 0.0079, -0.0739 -0.0284 0.0079, -0.0809 -0.0266 0.0079, -0.058 -0.0392 0.0079, -0.0492 -0.0374 0.0079, -0.0915 0.0166 0.0079, -0.0827 0.0435 0.0079, -0.0968 0.0327 0.0079, -0.1689 -0.0392 0.0079, -0.0968 -0.0266 0.0079, -0.0897 -0.0338 0.0079, -0.1689 0.0345 0.0079, -0.102 -0.0104 0.0079, -0.0915 -0.0104 0.0079, -0.0739 -0.0392 0.0079, -0.0827 -0.0374 0.0079, -0.0422 -0.0338 0.0079, -0.0352 -0.0266 0.0079, -0.0897 -0.0176 0.0079, -0.102 0.0166 0.0079, -0.1003 0.0255 0.0079, -0.0739 0.0453 0.0079, -0.0422 0.0399 0.0079, -0.0352 0.0327 0.0079, -0.1003 -0.0194 0.0079, 0.118 -0.0104 0.0079, 0.1162 -0.0176 0.0079, 0.1127 -0.023 0.0079, 0.118 0.0166 0.0079, 0.1004 0.0345 0.0079, 0.1074 0.0327 0.0079, 0.1074 -0.0266 0.0079, 0.1127 0.0291 0.0079, 0.1162 0.0237 0.0079, 0.1004 -0.0284 0.0079, 0.0687 -0.0284 0.0079, 0.0687 0.0345 0.0079, 0.162 0.0166 0.0079, 0.1937 0.0166 0.0079, 0.1778 -0.032 0.0079, 0.8366 0.2815 0.0197, 0.7382 0.2815 0.0197, 1.0157 0.2815 0.0669, -0.8957 0.2815 0.0197, -1.0157 0.2815 0.0669, 0.8957 0.2815 0.0197, -0.8366 0.2815 0.0197, 0.6791 0.2815 0.0197, 0.5807 0.2815 0.0197, 0.5217 0.2815 0.0197, 0.4232 0.2815 0.0197, 0.3642 0.2815 0.0197, 0.2657 0.2815 0.0197, 0.2067 0.2815 0.0197, 0.1083 0.2815 0.0197, 0.0492 0.2815 0.0197, -0.0492 0.2815 0.0197, -0.1083 0.2815 0.0197, -0.2067 0.2815 0.0197, -0.2657 0.2815 0.0197, -0.3642 0.2815 0.0197, -0.4232 0.2815 0.0197, -0.5217 0.2815 0.0197, -0.5807 0.2815 0.0197, -0.6791 0.2815 0.0197, -0.7382 0.2815 0.0197, -1.0157 -0.2815 0.0669, -0.8366 -0.2815 0.0197, -0.7382 -0.2815 0.0197, -0.8957 -0.2815 0.0197, -0.5807 -0.2815 0.0197, -0.6791 -0.2815 0.0197, -0.4232 -0.2815 0.0197, -0.5217 -0.2815 0.0197, -0.2657 -0.2815 0.0197, -0.3642 -0.2815 0.0197, -0.1083 -0.2815 0.0197, -0.2067 -0.2815 0.0197, 0.0492 -0.2815 0.0197, -0.0492 -0.2815 0.0197, 0.2067 -0.2815 0.0197, 0.1083 -0.2815 0.0197, 1.0157 -0.2815 0.0669, 0.3642 -0.2815 0.0197, 0.2657 -0.2815 0.0197, 0.5217 -0.2815 0.0197, 0.4232 -0.2815 0.0197, 0.6791 -0.2815 0.0197, 0.5807 -0.2815 0.0197, 0.8366 -0.2815 0.0197, 0.7382 -0.2815 0.0197, 0.8957 -0.2815 0.0197, -1.0157 -0.2697 0.0669, -1.0157 -0.2697 0.1588, -1.1929 -0.2697 0.2047, -1.0748 -0.2697 0.0472, -1.0157 -0.2697 0.1129, -1.0157 -0.2697 0.2047, -1.1929 -0.2697 0.0472, 1.0157 -0.2697 0.0669, 1.0748 -0.2697 0.0472, 1.0157 -0.2697 0.1588, 1.1929 -0.2697 0.2047, 1.0157 -0.2697 0.2047, 1.1929 -0.2697 0.0472, 1.0157 -0.2697 0.1129, -1.0748 0.2697 0.0472, 1.0157 0.2697 0.1588, 1.1929 0.2697 0.2047, 1.0748 0.2697 0.0472, 1.0157 0.2697 0.1129, 1.0157 0.2697 0.2047, 1.1929 0.2697 0.0472, 1.0157 0.2697 0.0669, -1.0157 0.2697 0.0669, -1.0157 0.2697 0.1588, -1.1929 0.2697 0.2047, -1.0157 0.2697 0.2047, -1.1929 0.2697 0.0472, -1.0157 0.2697 0.1129, -0.748 -0.2185 0.0669, -1.0157 -0.2461 0.0669, -0.6693 -0.2185 0.0669, 1.0157 -0.2461 0.0669, 0.1181 -0.2185 0.0669, -0.0394 -0.2185 0.0669, -0.1181 -0.2185 0.0669, -0.748 -0.2028 0.0669, -1.0157 -0.1988 0.0669, -0.8268 -0.2028 0.0669, 1.0157 -0.2224 0.0669, 0.748 -0.2185 0.0669, -0.8268 -0.2185 0.0669, -1.0157 -0.2224 0.0669, -0.9055 -0.2185 0.0669, -0.9055 -0.2028 0.0669, -0.6693 -0.2028 0.0669, -0.5906 -0.2185 0.0669, -0.5906 -0.2028 0.0669, -0.5118 -0.2028 0.0669, -0.5118 -0.2185 0.0669, -0.4331 -0.2185 0.0669, -0.4331 -0.2028 0.0669, -0.3543 -0.2028 0.0669, -0.3543 -0.2185 0.0669, -0.2756 -0.2185 0.0669, -0.2756 -0.2028 0.0669, -0.1969 -0.2028 0.0669, -0.1969 -0.2185 0.0669, -0.1181 -0.2028 0.0669, -0.0394 -0.2028 0.0669, 0.0394 -0.2185 0.0669, 0.0394 -0.2028 0.0669, 0.1181 -0.2028 0.0669, 0.1969 -0.2185 0.0669, 1.0157 -0.1988 0.0669, 0.2756 -0.2028 0.0669, 0.2756 -0.2185 0.0669, 0.3543 -0.2185 0.0669, 0.1969 -0.2028 0.0669, 0.4331 -0.2028 0.0669, 0.4331 -0.2185 0.0669, 0.5118 -0.2185 0.0669, 0.3543 -0.2028 0.0669, 0.5906 -0.2028 0.0669, 0.5906 -0.2185 0.0669, 0.6693 -0.2185 0.0669, 0.5118 -0.2028 0.0669, 0.748 -0.2028 0.0669, 0.8268 -0.2185 0.0669, 0.6693 -0.2028 0.0669, 0.9055 -0.2028 0.0669, 0.8268 -0.2028 0.0669, 0.9055 -0.2185 0.0669, -0.5118 0.2185 0.0669, -1.0157 0.2461 0.0669, -0.5906 0.2185 0.0669, -0.2756 0.2185 0.0669, -0.1969 0.2185 0.0669, -0.0394 0.2185 0.0669, -0.1181 0.2185 0.0669, -1.0157 0.2224 0.0669, -0.748 0.2185 0.0669, -1.0157 0.1988 0.0669, -0.9055 0.2028 0.0669, -0.6693 0.2185 0.0669, -0.9055 0.2185 0.0669, -0.3543 0.2185 0.0669, -0.4331 0.2185 0.0669, -0.0394 0.2028 0.0669, 1.0157 0.1988 0.0669, -0.8268 0.2028 0.0669, -0.8268 0.2185 0.0669, -0.6693 0.2028 0.0669, -0.748 0.2028 0.0669, 0.0394 0.2185 0.0669, -0.5118 0.2028 0.0669, -0.5906 0.2028 0.0669, 0.1181 0.2185 0.0669, -0.3543 0.2028 0.0669, -0.4331 0.2028 0.0669, 1.0157 0.2461 0.0669, -0.1969 0.2028 0.0669, -0.2756 0.2028 0.0669, 0.1969 0.2185 0.0669, 0.2756 0.2185 0.0669, -0.1181 0.2028 0.0669, 0.3543 0.2185 0.0669, 0.4331 0.2185 0.0669, 0.0394 0.2028 0.0669, 0.1181 0.2028 0.0669, 0.5118 0.2185 0.0669, 0.5906 0.2185 0.0669, 0.1969 0.2028 0.0669, 0.2756 0.2028 0.0669, 0.6693 0.2185 0.0669, 0.748 0.2185 0.0669, 0.3543 0.2028 0.0669, 0.4331 0.2028 0.0669, 1.0157 0.2224 0.0669, 0.5118 0.2028 0.0669, 0.5906 0.2028 0.0669, 0.9055 0.2185 0.0669, 0.8268 0.2185 0.0669, 0.6693 0.2028 0.0669, 0.748 0.2028 0.0669, 0.8268 0.2028 0.0669, 0.9055 0.2028 0.0669, 1.0157 -0.1988 0.2205, 1.0157 -0.2303 0.2441, 1.0157 -0.197 0.2295, 1.0157 -0.1919 0.2372, 1.0157 -0.1752 0.2441, 1.0157 -0.1842 0.2423, -0.9567 -0.1988 0.1969, -0.9567 -0.1988 0.2205, -1.0157 -0.1988 0.2205, 0.9567 -0.1988 0.1969, 0.9567 -0.1988 0.2205, 0.9567 -0.1919 0.2372, 0.9567 -0.197 0.2295, 0.9567 -0.1752 0.2441, 0.9567 -0.1842 0.2423, 0.9567 -0.0886 0.2441, 0.9567 -0.1319 0.2205, 0.9567 -0.1083 0.1969, 0.9567 -0.0886 0.0669, 0.9567 -0.1842 0.2187, 0.9567 -0.1083 0.0669, 0.9567 -0.1919 0.2136, 0.9567 -0.197 0.2059, 0.9567 -0.1752 0.2205, 0.9567 -0.1152 0.2136, 0.9567 -0.1229 0.2187, 0.9567 -0.1101 0.2059, -0.9567 -0.1319 0.2205, -0.9567 -0.1752 0.2205, 0.9567 0.1319 0.2205, 0.9567 0.1752 0.2205, -0.9567 0.1752 0.2205, -0.9567 0.1319 0.2205, -0.9567 -0.1919 0.2136, -0.9567 -0.1842 0.2187, -0.9567 -0.197 0.2059, -0.9567 -0.1842 0.2423, -0.9567 -0.1919 0.2372, -0.9567 -0.0886 0.2441, -0.9567 -0.1752 0.2441, -0.9567 -0.1083 0.1969, -0.9567 -0.1083 0.0669, -0.9567 -0.0886 0.0669, -0.9567 -0.197 0.2295, -0.9567 -0.1101 0.2059, -0.9567 -0.1229 0.2187, -0.9567 -0.1152 0.2136, -0.8268 0.0886 0.0669, -0.9055 0.0886 0.0669, -0.9862 0.0807 0.0669, 0.972 0.0866 0.0669, 0.9567 0.0886 0.0669, 0.9055 0.0886 0.0669, -1.0157 0.0295 0.0669, -0.4331 0.0886 0.0669, -0.5118 0.0886 0.0669, 0.5118 0.0886 0.0669, 0.4331 0.0886 0.0669, 1.0157 0.0295 0.0669, -0.9985 0.0713 0.0669, -0.748 0.0886 0.0669, -0.9567 0.0886 0.0669, -0.972 0.0866 0.0669, -1.0078 0.0591 0.0669, -0.9567 0.1083 0.0669, -0.8268 0.1043 0.0669, -0.748 0.1043 0.0669, -1.0137 0.0448 0.0669, -0.6693 0.0886 0.0669, -0.5906 0.0886 0.0669, -1.0157 -0.0295 0.0669, -0.5118 -0.0886 0.0669, -0.4331 -0.0886 0.0669, -0.1181 -0.0886 0.0669, -0.1969 0.0886 0.0669, -0.1969 -0.0886 0.0669, 0.1969 0.0886 0.0669, 0.2756 0.0886 0.0669, -1.0137 -0.0448 0.0669, 0.1181 -0.0886 0.0669, 0.1181 0.0886 0.0669, 0.0394 0.0886 0.0669, -1.0078 -0.0591 0.0669, -0.6693 -0.0886 0.0669, -0.972 -0.0866 0.0669, -0.9055 -0.0886 0.0669, -0.8268 -0.0886 0.0669, -0.9985 -0.0713 0.0669, -0.9862 -0.0807 0.0669, -0.748 -0.0886 0.0669, -0.0394 -0.1043 0.0669, 1.0078 -0.0591 0.0669, 1.0137 -0.0448 0.0669, 0.6693 -0.0886 0.0669, 0.9862 -0.0807 0.0669, 0.9055 -0.0886 0.0669, 0.972 -0.0866 0.0669, -0.8268 -0.1043 0.0669, -0.9055 -0.1043 0.0669, -0.3543 -0.0886 0.0669, -0.2756 -0.0886 0.0669, -0.5906 -0.0886 0.0669, -0.9055 0.1043 0.0669, -0.2756 0.0886 0.0669, -0.3543 0.0886 0.0669, -0.748 -0.1043 0.0669, -0.5906 -0.1043 0.0669, -0.6693 -0.1043 0.0669, -0.6693 0.1043 0.0669, -0.5906 0.1043 0.0669, 0.0394 -0.0886 0.0669, -0.0394 0.0886 0.0669, -0.0394 -0.0886 0.0669, -0.1181 0.0886 0.0669, -0.4331 -0.1043 0.0669, -0.5118 -0.1043 0.0669, -0.5118 0.1043 0.0669, -0.4331 0.1043 0.0669, 0.1969 -0.0886 0.0669, 1.0157 -0.0295 0.0669, -0.2756 -0.1043 0.0669, -0.3543 -0.1043 0.0669, -0.3543 0.1043 0.0669, -0.2756 0.1043 0.0669, 0.5906 0.0886 0.0669, 1.0137 0.0448 0.0669, 0.2756 -0.0886 0.0669, -0.1181 -0.1043 0.0669, -0.1969 -0.1043 0.0669, -0.1969 0.1043 0.0669, -0.1181 0.1043 0.0669, 0.3543 0.0886 0.0669, 0.3543 -0.0886 0.0669, 0.0394 -0.1043 0.0669, -0.0394 0.1043 0.0669, 0.0394 0.1043 0.0669, 1.0078 0.0591 0.0669, 0.6693 0.0886 0.0669, 0.5118 -0.0886 0.0669, 0.4331 -0.0886 0.0669, 0.1969 -0.1043 0.0669, 0.1181 -0.1043 0.0669, 0.1181 0.1043 0.0669, 0.9567 0.1083 0.0669, 0.5118 0.1043 0.0669, 0.4331 0.1043 0.0669, 0.3543 -0.1043 0.0669, 0.2756 -0.1043 0.0669, 0.2756 0.1043 0.0669, 0.1969 0.1043 0.0669, 0.9985 0.0713 0.0669, 0.748 0.0886 0.0669, 0.5906 -0.0886 0.0669, 0.5118 -0.1043 0.0669, 0.4331 -0.1043 0.0669, 0.3543 0.1043 0.0669, 0.8268 0.0886 0.0669, 0.9862 0.0807 0.0669, 0.748 -0.0886 0.0669, 0.9985 -0.0713 0.0669, 0.6693 -0.1043 0.0669, 0.5906 -0.1043 0.0669, 0.5906 0.1043 0.0669, 0.6693 0.1043 0.0669, 0.8268 -0.0886 0.0669, 0.8268 -0.1043 0.0669, 0.748 -0.1043 0.0669, 0.748 0.1043 0.0669, 0.8268 0.1043 0.0669, 0.9055 -0.1043 0.0669, 0.9055 0.1043 0.0669, 0.9985 -0.0713 0.2441, 1.0078 -0.0591 0.2441, 1.0137 -0.0448 0.2441, 1.0157 -0.0295 0.2441, 0.9862 -0.0807 0.2441, 0.972 -0.0866 0.2441, 1.0157 0.0295 0.2441, 1.0078 0.0591 0.2441, 0.9985 0.0713 0.2441, 1.0137 0.0448 0.2441, 0.9862 0.0807 0.2441, 0.972 0.0866 0.2441, 0.9567 0.0886 0.2441, 0.9567 0.1842 0.2423, 0.9567 0.1919 0.2372, 0.9567 0.1842 0.2187, 0.9567 0.197 0.2295, 0.9567 0.1752 0.2441, 0.9567 0.1083 0.1969, 0.9567 0.1152 0.2136, 0.9567 0.1101 0.2059, 0.9567 0.1229 0.2187, 0.9567 0.1919 0.2136, 0.9567 0.197 0.2059, 0.9567 0.1988 0.2205, 0.9567 0.1988 0.1969, -0.9567 0.1919 0.2136, -0.9567 0.1842 0.2187, -0.9567 0.1988 0.1969, -0.9567 0.197 0.2059, -0.9567 0.1083 0.1969, -0.9567 0.1101 0.2059, -0.9567 0.0886 0.2441, -0.9567 0.1842 0.2423, -0.9567 0.1919 0.2372, -0.9567 0.197 0.2295, -0.9567 0.1988 0.2205, -0.9567 0.1752 0.2441, -0.9567 0.1229 0.2187, -0.9567 0.1152 0.2136, -1.0157 0.1919 0.2372, -1.0157 0.1988 0.2205, -1.0157 0.197 0.2295, -1.0157 0.1752 0.2441, -1.0157 0.1842 0.2423, 1.0157 0.1988 0.2205, -1.0157 0.2303 0.2441, 1.0157 0.1752 0.2441, 1.2126 -0.2106 0.2441, 1.21 -0.2204 0.2441, 1.2119 -0.2158 0.2441, 1.1929 -0.2303 0.2441, 1.2068 -0.2245 0.2441, 1.2028 -0.2276 0.2441, 1.1981 -0.2296 0.2441, 1.1929 0.2303 0.2441, 1.2126 0.2106 0.2441, 1.2099 0.2205 0.2441, 1.2068 0.2245 0.2441, 1.2119 0.2158 0.2441, 1.2027 0.2277 0.2441, 1.1981 0.2296 0.2441, 1.0157 0.2303 0.2441, -1.2126 -0.2106 0.2441, -1.2068 -0.2245 0.2441, -1.2027 -0.2277 0.2441, -1.0137 0.0448 0.2441, -1.1929 0.2303 0.2441, -0.972 -0.0866 0.2441, -0.9985 -0.0713 0.2441, -1.0157 -0.1752 0.2441, -0.9862 -0.0807 0.2441, -1.2028 0.2276 0.2441, -1.2068 0.2245 0.2441, -1.2126 0.2106 0.2441, -1.1929 -0.2303 0.2441, -1.0157 -0.0295 0.2441, -1.0157 0.0295 0.2441, -1.21 0.2204 0.2441, -1.2119 0.2158 0.2441, -0.9985 0.0713 0.2441, -1.0078 0.0591 0.2441, -0.9862 0.0807 0.2441, -0.972 0.0866 0.2441, -1.1981 0.2296 0.2441, -1.1981 -0.2296 0.2441, -1.2099 -0.2205 0.2441, -1.2119 -0.2158 0.2441, -1.0137 -0.0448 0.2441, -1.0078 -0.0591 0.2441, -1.0157 -0.2303 0.2441, 1.0157 0.1919 0.2372, 1.0157 0.1842 0.2423, 1.0157 0.197 0.2295, -1.2347 0.2524 0.2047, -1.2441 0.2402 0.2047, -1.25 0.2259 0.2047, -1.252 0.2106 0.2047, -1.2224 0.2618 0.2047, -1.2082 0.2677 0.2047, -1.2347 0.2524 0.0472, -1.2441 0.2402 0.0472, -1.25 0.2259 0.0472, -1.252 0.2106 0.0472, -1.2224 0.2618 0.0472, -1.2082 0.2677 0.0472, -1.1752 0.1929 0.0472, -1.1752 0.1063 0.0472, -1.252 -0.2106 0.0472, -1.1752 -0.1063 0.0472, -1.2224 -0.2618 0.0472, -1.1752 -0.1929 0.0472, -1.2347 -0.2524 0.0472, -1.2441 -0.2402 0.0472, -1.25 -0.2259 0.0472, -1.2082 -0.2677 0.0472, -1.1043 0.1063 0.0472, -1.1043 0.1929 0.0472, -1.1043 -0.1929 0.0472, -1.1043 -0.1063 0.0472, -1.252 -0.2106 0.2047, -1.2347 -0.2524 0.2047, -1.2224 -0.2618 0.2047, -1.2082 -0.2677 0.2047, -1.2441 -0.2402 0.2047, -1.25 -0.2259 0.2047, 1.2347 -0.2524 0.2047, 1.2441 -0.2402 0.2047, 1.25 -0.2259 0.2047, 1.252 -0.2106 0.2047, 1.2224 -0.2618 0.2047, 1.2082 -0.2677 0.2047, 1.2347 -0.2524 0.0472, 1.2441 -0.2402 0.0472, 1.25 -0.2259 0.0472, 1.252 -0.2106 0.0472, 1.2224 -0.2618 0.0472, 1.2082 -0.2677 0.0472, 1.2441 0.2402 0.0472, 1.252 0.2106 0.0472, 1.2347 0.2524 0.0472, 1.25 0.2259 0.0472, 1.1752 0.1929 0.0472, 1.2082 0.2677 0.0472, 1.2224 0.2618 0.0472, 1.1752 0.1063 0.0472, 1.1043 -0.1063 0.0472, 1.1043 0.1063 0.0472, 1.1752 -0.1063 0.0472, 1.1752 -0.1929 0.0472, 1.1043 0.1929 0.0472, 1.1043 -0.1929 0.0472, 1.252 0.2106 0.2047, 1.2347 0.2524 0.2047, 1.2224 0.2618 0.2047, 1.2082 0.2677 0.2047, 1.2441 0.2402 0.2047, 1.25 0.2259 0.2047, 1.1161 -0.1181 0.0709, 1.1161 -0.1811 0.0709, 1.1634 -0.1811 0.0709, 1.1634 -0.1181 0.0709, 1.1634 -0.1811 0.0866, 1.1634 -0.1181 0.0866, 1.1161 -0.1181 0.0866, 1.1161 -0.1811 0.0866, 1.1634 0.1181 0.0866, 1.1161 0.1181 0.0866, 1.1594 0.1378 0.0866, 1.1201 0.1378 0.0866, 1.1161 0.1811 0.0866, 1.1201 0.1614 0.0866, 1.1634 0.1811 0.0866, 1.1594 0.1614 0.0866, 1.1201 -0.1378 0.0866, 1.1594 -0.1614 0.0866, 1.1594 -0.1378 0.0866, 1.1201 -0.1614 0.0866, 1.1634 0.1181 0.0709, 1.1161 0.1181 0.0709, 1.1161 0.1811 0.0709, 1.1634 0.1811 0.0709, -1.0157 -0.1842 0.2423, -1.0157 -0.197 0.2295, -1.0157 -0.1919 0.2372, -1.1161 -0.1811 0.0709, -1.1161 -0.1181 0.0709, -1.1161 -0.1181 0.0866, -1.1161 -0.1811 0.0866, -1.1634 -0.1181 0.0866, -1.1634 -0.1181 0.0709, -1.1634 -0.1811 0.0709, -1.1634 -0.1811 0.0866, -1.1161 0.1181 0.0866, -1.1594 0.1378 0.0866, -1.1201 0.1378 0.0866, -1.1634 0.1181 0.0866, -1.1161 0.1811 0.0866, -1.1201 0.1614 0.0866, -1.1594 0.1614 0.0866, -1.1634 0.1811 0.0866, -1.1594 -0.1614 0.0866, -1.1201 -0.1614 0.0866, -1.1201 -0.1378 0.0866, -1.1594 -0.1378 0.0866, -1.1634 0.1181 0.0709, -1.1161 0.1181 0.0709, -1.1634 0.1811 0.0709, -1.1161 0.1811 0.0709, -0.1795 0.0453 0.0039, -0.1795 -0.0392 0.0039, -0.1689 -0.0392 0.0039, -0.1689 0.0345 0.0039, -0.1161 0.0345 0.0039, -0.1161 0.0453 0.0039, -0.0862 -0.023 0.0039, -0.0968 -0.0266 0.0039, -0.0897 -0.0176 0.0039, -0.0334 -0.0176 0.0039, -0.0352 -0.0266 0.0039, -0.044 -0.0176 0.0039, -0.0827 0.0435 0.0039, -0.0739 0.0345 0.0039, -0.0809 0.0327 0.0039, -0.058 0.0345 0.0039, -0.0492 0.0435 0.0039, -0.051 0.0327 0.0039, -0.0422 0.0399 0.0039, -0.0457 0.0291 0.0039, -0.058 0.0453 0.0039, -0.0739 0.0453 0.0039, -0.0862 0.0291 0.0039, -0.0897 0.0399 0.0039, -0.0897 0.0237 0.0039, -0.0968 0.0327 0.0039, -0.1003 0.0255 0.0039, -0.0915 0.0166 0.0039, -0.1003 -0.0194 0.0039, -0.0915 -0.0104 0.0039, -0.102 -0.0104 0.0039, -0.102 0.0166 0.0039, -0.0809 -0.0266 0.0039, -0.0897 -0.0338 0.0039, -0.0827 -0.0374 0.0039, -0.0739 -0.0284 0.0039, -0.058 -0.0392 0.0039, -0.0739 -0.0392 0.0039, -0.058 -0.0284 0.0039, -0.051 -0.0266 0.0039, -0.0492 -0.0374 0.0039, -0.0457 -0.023 0.0039, -0.0422 -0.0338 0.0039, -0.0352 0.0327 0.0039, -0.044 0.0237 0.0039, -0.0334 0.0237 0.0039, -0.0193 0.0453 0.0039, -0.0088 0.0058 0.0039, -0.0193 -0.0392 0.0039, -0.0088 -0.005 0.0039, 0.0441 0.0453 0.0039, -0.0088 0.0345 0.0039, 0.037 0.0058 0.0039, 0.037 -0.005 0.0039, -0.0088 -0.0284 0.0039, 0.0441 -0.0284 0.0039, 0.0441 -0.0392 0.0039, 0.0441 0.0345 0.0039, 0.1268 0.0255 0.0039, 0.118 0.0166 0.0039, 0.1162 0.0237 0.0039, 0.1285 0.0166 0.0039, 0.118 -0.0104 0.0039, 0.1285 -0.0104 0.0039, 0.1233 -0.0266 0.0039, 0.1127 -0.023 0.0039, 0.1162 -0.0176 0.0039, 0.1074 -0.0266 0.0039, 0.1162 -0.0338 0.0039, 0.1092 -0.0374 0.0039, 0.1004 -0.0284 0.0039, 0.1004 -0.0392 0.0039, 0.1268 -0.0194 0.0039, 0.0687 -0.0284 0.0039, 0.0581 -0.0392 0.0039, 0.0687 0.0345 0.0039, 0.0581 0.0453 0.0039, 0.1004 0.0345 0.0039, 0.1092 0.0435 0.0039, 0.1074 0.0327 0.0039, 0.1127 0.0291 0.0039, 0.1162 0.0399 0.0039, 0.1233 0.0327 0.0039, 0.1004 0.0453 0.0039, 0.213 0.0453 0.0039, 0.1849 -0.0392 0.0039, 0.1937 0.0166 0.0039, 0.1602 0.0237 0.0039, 0.1426 0.0453 0.0039, 0.1532 0.0453 0.0039, 0.162 0.0166 0.0039, 0.2025 0.0453 0.0039, 0.1954 0.0237 0.0039, 0.1708 -0.0392 0.0039, 0.1778 -0.032 0.0039
            ]
        }
        coordIndex [
            0,1,2,-1,3,4,5,-1,6,7,8,-1,9,8,7,-1,8,10,6,-1,6,10,11,-1,12,13,14,-1,15,16,17,-1,12,14,18,-1,19,20,21,-1,3,5,22,-1,23,24,25,-1,26,27,28,-1,29,30,31,-1,27,26,32,-1,33,34,21,-1,21,20,33,-1,35,36,37,-1,30,29,38,-1,39,40,41,-1,42,43,44,-1,36,35,45,-1,46,47,48,-1,49,50,46,-1,51,52,33,-1,43,42,53,-1,54,55,56,-1,48,57,46,-1,58,59,60,-1,52,51,61,-1,54,47,46,-1,47,54,62,-1,63,64,50,-1,59,58,65,-1,66,54,67,-1,54,68,62,-1,69,49,57,-1,64,63,70,-1,71,62,68,-1,62,71,72,-1,73,48,47,-1,49,69,74,-1,71,75,72,-1,76,72,75,-1,77,62,72,-1,48,73,78,-1,79,76,75,-1,80,76,79,-1,81,82,76,-1,62,77,83,-1,79,84,85,-1,82,81,86,-1,81,76,80,-1,85,80,79,-1,87,54,56,-1,84,88,89,-1,84,79,88,-1,71,90,75,-1,57,49,46,-1,90,91,75,-1,55,92,56,-1,93,94,68,-1,92,95,56,-1,94,96,68,-1,64,46,50,-1,66,67,97,-1,46,64,60,-1,97,98,66,-1,99,100,101,-1,87,102,103,-1,20,59,33,-1,102,104,103,-1,105,106,107,-1,56,95,108,-1,109,110,111,-1,108,112,56,-1,113,114,115,-1,116,117,118,-1,24,119,25,-1,120,121,122,-1,123,40,39,-1,20,113,124,-1,123,125,40,-1,126,18,14,-1,127,128,129,-1,126,111,18,-1,129,130,127,-1,131,9,1,-1,31,30,132,-1,133,134,135,-1,132,30,28,-1,133,136,134,-1,27,137,138,-1,139,140,138,-1,4,137,27,-1,139,141,140,-1,142,137,4,-1,137,142,143,-1,142,4,3,-1,143,144,137,-1,0,131,1,-1,142,3,131,-1,9,131,8,-1,3,8,131,-1,23,25,145,-1,59,101,60,-1,95,92,122,-1,121,124,25,-1,146,92,147,-1,54,103,67,-1,93,54,66,-1,54,87,103,-1,92,55,147,-1,93,68,54,-1,46,60,101,-1,121,95,122,-1,117,20,19,-1,145,148,149,-1,150,122,151,-1,25,95,121,-1,122,150,152,-1,122,153,120,-1,122,152,153,-1,101,151,122,-1,154,151,101,-1,155,154,101,-1,156,155,101,-1,157,156,101,-1,100,157,101,-1,101,59,99,-1,20,99,59,-1,25,124,158,-1,159,160,34,-1,161,15,17,-1,162,124,113,-1,117,113,20,-1,163,164,165,-1,166,167,34,-1,117,19,118,-1,34,33,52,-1,166,34,52,-1,39,41,127,-1,127,41,128,-1,25,158,145,-1,158,124,162,-1,115,162,113,-1,12,160,168,-1,109,111,126,-1,145,149,23,-1,105,107,169,-1,170,106,105,-1,140,41,138,-1,36,31,132,-1,171,172,173,-1,174,175,171,-1,12,168,13,-1,176,159,16,-1,171,43,132,-1,177,171,178,-1,165,161,163,-1,44,177,52,-1,160,145,34,-1,44,171,177,-1,34,167,179,-1,161,165,15,-1,34,179,180,-1,181,16,15,-1,16,181,176,-1,168,159,176,-1,34,180,159,-1,159,168,160,-1,177,166,52,-1,44,43,171,-1,173,178,171,-1,43,37,132,-1,37,36,132,-1,174,182,175,-1,138,132,27,-1,174,183,182,-1,41,135,134,-1,128,41,134,-1,107,184,169,-1,40,184,107,-1,40,23,184,-1,23,149,184,-1,145,185,148,-1,185,145,186,-1,145,160,186,-1,140,135,41,-1,106,183,174,-1,40,107,41,-1,183,106,170,-1,138,41,132,-1,172,171,187,-1,171,175,187,-1,28,27,132,-1,188,189,190,-1,191,192,193,-1,188,190,194,-1,191,195,196,-1,193,195,191,-1,191,188,192,-1,197,192,188,-1,198,199,197,-1,188,194,197,-1,197,199,192,-1,200,201,202,-1,203,204,205,-1,206,2,207,-1,89,88,208,-1,2,206,0,-1,89,208,205,-1,207,209,206,-1,205,208,203,-1,203,91,90,-1,203,90,204,-1,204,210,205,-1,210,211,205,-1,210,96,94,-1,210,94,211,-1,211,212,205,-1,212,213,205,-1,212,98,97,-1,212,97,213,-1,213,214,205,-1,214,215,205,-1,214,104,102,-1,214,102,215,-1,215,216,205,-1,216,217,205,-1,216,112,108,-1,216,108,217,-1,217,218,205,-1,218,219,205,-1,218,119,24,-1,218,24,219,-1,205,219,207,-1,207,219,220,-1,220,125,123,-1,220,123,221,-1,207,220,221,-1,207,221,222,-1,222,130,129,-1,222,129,223,-1,207,222,223,-1,207,223,224,-1,224,136,133,-1,224,133,225,-1,207,224,225,-1,207,225,226,-1,226,141,139,-1,226,139,227,-1,207,226,227,-1,207,227,228,-1,228,144,143,-1,228,143,209,-1,207,228,209,-1,229,230,231,-1,230,5,231,-1,232,229,11,-1,5,230,22,-1,26,233,234,-1,229,231,234,-1,233,229,234,-1,29,235,236,-1,234,32,26,-1,229,233,236,-1,235,229,236,-1,35,237,238,-1,236,38,29,-1,229,235,238,-1,237,229,238,-1,42,239,240,-1,238,45,35,-1,229,237,240,-1,239,229,240,-1,51,241,242,-1,240,53,42,-1,229,239,242,-1,241,229,242,-1,58,243,244,-1,242,61,51,-1,245,229,241,-1,241,244,245,-1,63,246,247,-1,244,65,58,-1,243,245,244,-1,243,247,245,-1,69,248,249,-1,247,70,63,-1,246,245,247,-1,246,249,245,-1,73,250,251,-1,249,74,69,-1,248,245,249,-1,248,251,245,-1,77,252,253,-1,251,78,73,-1,250,245,251,-1,250,253,245,-1,86,245,254,-1,253,83,77,-1,252,245,253,-1,252,254,245,-1,254,82,86,-1,10,232,11,-1,230,229,232,-1,255,11,229,-1,11,255,6,-1,256,257,258,-1,259,256,258,-1,256,260,257,-1,257,261,258,-1,255,258,7,-1,259,258,255,-1,7,6,255,-1,262,80,263,-1,264,263,265,-1,266,264,265,-1,263,267,265,-1,263,264,268,-1,80,262,81,-1,263,268,262,-1,269,7,258,-1,269,9,7,-1,270,271,272,-1,273,270,272,-1,270,274,271,-1,271,275,272,-1,276,272,85,-1,273,272,276,-1,85,84,276,-1,277,9,269,-1,278,269,279,-1,280,278,279,-1,269,281,279,-1,269,278,282,-1,9,277,1,-1,269,282,277,-1,276,89,205,-1,89,276,84,-1,283,284,285,-1,255,245,262,-1,286,287,262,-1,229,245,255,-1,288,255,262,-1,255,288,289,-1,290,291,292,-1,293,294,286,-1,295,283,292,-1,296,295,297,-1,283,295,296,-1,291,296,297,-1,292,291,298,-1,291,297,298,-1,299,285,300,-1,299,301,291,-1,284,300,285,-1,283,290,292,-1,284,283,296,-1,299,291,290,-1,302,303,304,-1,302,305,291,-1,284,304,303,-1,300,301,299,-1,284,303,300,-1,302,291,301,-1,306,307,308,-1,306,309,291,-1,307,284,308,-1,304,305,302,-1,284,307,304,-1,306,291,305,-1,310,311,289,-1,310,312,291,-1,311,284,289,-1,308,309,306,-1,284,311,308,-1,310,291,309,-1,313,288,314,-1,313,315,291,-1,262,314,288,-1,289,312,310,-1,255,289,284,-1,313,291,312,-1,316,287,317,-1,291,315,318,-1,287,286,317,-1,314,315,313,-1,262,287,314,-1,316,318,315,-1,319,320,321,-1,318,316,322,-1,320,286,321,-1,317,322,316,-1,286,320,317,-1,319,318,322,-1,323,324,325,-1,318,319,326,-1,324,286,325,-1,321,326,319,-1,286,324,321,-1,323,318,326,-1,327,328,329,-1,318,323,330,-1,328,286,329,-1,325,330,323,-1,286,328,325,-1,327,318,330,-1,331,294,332,-1,318,327,333,-1,332,294,293,-1,329,333,327,-1,286,294,329,-1,331,318,333,-1,293,318,334,-1,318,331,335,-1,293,334,336,-1,332,335,331,-1,293,336,332,-1,334,318,335,-1,337,338,339,-1,276,205,207,-1,276,207,277,-1,340,341,338,-1,342,277,343,-1,344,345,338,-1,344,346,347,-1,345,348,338,-1,349,344,347,-1,350,338,351,-1,352,346,353,-1,346,354,347,-1,355,344,349,-1,277,338,343,-1,346,356,357,-1,354,346,357,-1,355,354,357,-1,355,357,345,-1,344,355,345,-1,358,277,342,-1,346,359,360,-1,356,346,360,-1,348,356,360,-1,348,360,339,-1,338,348,339,-1,358,361,276,-1,346,362,363,-1,359,346,363,-1,337,359,363,-1,337,363,351,-1,338,337,351,-1,276,361,364,-1,346,365,366,-1,362,346,366,-1,350,362,366,-1,350,366,340,-1,338,350,340,-1,364,367,368,-1,346,352,369,-1,365,346,369,-1,341,365,369,-1,341,369,343,-1,338,341,343,-1,364,370,371,-1,372,353,373,-1,352,353,372,-1,342,352,372,-1,342,372,358,-1,277,358,276,-1,364,374,375,-1,376,353,377,-1,373,353,376,-1,361,373,376,-1,361,376,367,-1,364,361,367,-1,364,378,379,-1,380,353,381,-1,377,353,380,-1,368,377,380,-1,368,380,370,-1,364,368,370,-1,382,364,379,-1,383,353,384,-1,381,353,383,-1,371,381,383,-1,371,383,374,-1,364,371,374,-1,385,382,386,-1,387,353,388,-1,384,353,387,-1,375,384,387,-1,375,387,378,-1,364,375,378,-1,353,382,385,-1,389,353,390,-1,353,385,390,-1,388,353,389,-1,379,388,389,-1,379,389,386,-1,382,379,386,-1,268,293,286,-1,391,392,393,-1,392,264,266,-1,393,392,394,-1,392,395,396,-1,394,392,396,-1,392,391,264,-1,293,268,264,-1,264,391,293,-1,268,286,262,-1,391,318,293,-1,397,398,399,-1,400,318,391,-1,318,400,291,-1,291,400,397,-1,399,291,397,-1,401,400,391,-1,394,402,403,-1,401,391,393,-1,404,405,395,-1,395,405,396,-1,396,402,394,-1,405,402,396,-1,393,403,401,-1,394,403,393,-1,406,407,404,-1,408,406,409,-1,402,405,410,-1,409,411,408,-1,401,412,413,-1,403,412,401,-1,403,402,410,-1,403,410,412,-1,401,413,400,-1,404,414,405,-1,410,405,414,-1,414,404,407,-1,415,416,406,-1,406,416,407,-1,408,417,406,-1,406,417,415,-1,414,407,418,-1,414,418,419,-1,420,421,422,-1,420,422,423,-1,424,412,410,-1,414,419,425,-1,400,413,397,-1,397,413,426,-1,426,412,424,-1,413,412,426,-1,425,410,414,-1,424,410,425,-1,426,398,397,-1,425,427,428,-1,429,430,418,-1,431,432,433,-1,434,398,424,-1,424,425,434,-1,424,398,426,-1,427,425,419,-1,434,425,428,-1,427,419,430,-1,419,418,430,-1,435,431,429,-1,429,431,433,-1,436,437,429,-1,429,437,435,-1,418,436,429,-1,431,408,411,-1,411,432,431,-1,415,437,436,-1,418,407,416,-1,431,435,408,-1,408,435,417,-1,417,437,415,-1,435,437,417,-1,416,436,418,-1,415,436,416,-1,438,439,440,-1,441,442,443,-1,444,445,446,-1,447,448,449,-1,438,450,451,-1,439,452,453,-1,450,454,451,-1,455,456,457,-1,440,450,438,-1,458,459,454,-1,446,458,444,-1,460,459,458,-1,461,462,463,-1,464,465,466,-1,467,449,468,-1,461,469,462,-1,470,471,472,-1,469,473,474,-1,475,433,476,-1,477,478,479,-1,478,477,480,-1,476,479,475,-1,432,411,481,-1,482,483,484,-1,485,486,487,-1,444,461,466,-1,488,489,432,-1,490,491,461,-1,480,473,478,-1,474,492,469,-1,438,451,456,-1,439,493,452,-1,444,494,495,-1,440,439,453,-1,456,455,493,-1,452,493,455,-1,465,494,466,-1,477,488,496,-1,497,474,498,-1,489,476,433,-1,433,432,489,-1,479,476,477,-1,499,459,460,-1,499,500,455,-1,501,502,503,-1,457,456,451,-1,454,459,451,-1,499,455,457,-1,504,503,502,-1,496,488,432,-1,505,462,506,-1,496,480,477,-1,432,498,496,-1,474,473,480,-1,507,446,445,-1,507,508,455,-1,509,471,470,-1,460,500,499,-1,458,446,460,-1,507,455,500,-1,449,467,510,-1,497,498,432,-1,511,490,512,-1,497,492,474,-1,432,506,497,-1,462,469,492,-1,513,495,494,-1,513,514,455,-1,515,447,516,-1,445,508,507,-1,444,495,445,-1,513,455,508,-1,510,467,517,-1,505,506,432,-1,518,466,519,-1,505,463,462,-1,432,512,505,-1,490,461,463,-1,520,465,504,-1,520,521,455,-1,468,449,522,-1,494,514,513,-1,466,494,444,-1,520,455,514,-1,523,510,517,-1,511,512,432,-1,524,503,481,-1,511,491,490,-1,432,519,511,-1,466,461,491,-1,525,502,472,-1,525,526,455,-1,516,527,528,-1,504,521,520,-1,504,465,464,-1,525,455,521,-1,529,510,530,-1,518,519,432,-1,531,470,532,-1,518,464,466,-1,432,481,518,-1,503,504,464,-1,533,471,467,-1,455,526,534,-1,535,536,447,-1,472,526,525,-1,472,502,501,-1,533,534,526,-1,483,510,529,-1,411,524,481,-1,537,517,538,-1,524,501,503,-1,411,532,524,-1,470,472,501,-1,539,468,522,-1,534,533,540,-1,541,542,527,-1,467,540,533,-1,471,509,467,-1,539,534,540,-1,543,484,483,-1,411,531,532,-1,544,530,545,-1,531,509,470,-1,411,538,531,-1,517,467,509,-1,536,448,447,-1,534,539,546,-1,547,548,443,-1,522,546,539,-1,449,448,522,-1,536,534,546,-1,549,550,482,-1,411,537,538,-1,551,543,552,-1,537,523,517,-1,411,545,537,-1,530,510,523,-1,553,515,528,-1,534,536,535,-1,528,554,553,-1,516,528,515,-1,516,447,449,-1,553,534,535,-1,550,549,555,-1,411,544,545,-1,556,549,557,-1,544,529,530,-1,411,552,544,-1,483,529,543,-1,558,542,547,-1,534,553,554,-1,547,559,558,-1,547,542,541,-1,527,542,528,-1,558,534,554,-1,550,555,485,-1,411,551,552,-1,560,409,486,-1,551,484,543,-1,411,557,551,-1,549,482,484,-1,442,534,561,-1,534,558,559,-1,442,561,443,-1,441,443,548,-1,548,547,541,-1,561,534,559,-1,487,486,409,-1,411,556,557,-1,409,560,411,-1,556,555,549,-1,411,560,556,-1,485,555,486,-1,550,562,482,-1,563,483,482,-1,482,562,563,-1,510,483,564,-1,563,564,483,-1,565,510,564,-1,566,562,550,-1,566,485,567,-1,485,566,550,-1,487,406,567,-1,567,485,487,-1,487,409,406,-1,565,568,449,-1,449,510,565,-1,527,569,541,-1,541,569,570,-1,571,527,516,-1,568,571,516,-1,571,569,527,-1,568,516,449,-1,548,541,570,-1,548,572,441,-1,572,548,570,-1,573,442,441,-1,441,572,573,-1,573,574,442,-1,575,576,577,-1,576,578,577,-1,577,421,575,-1,579,575,421,-1,534,442,580,-1,442,574,580,-1,581,582,574,-1,574,582,580,-1,574,420,583,-1,574,583,581,-1,574,579,420,-1,584,577,578,-1,579,421,420,-1,585,584,586,-1,578,586,584,-1,587,585,586,-1,584,588,589,-1,422,421,577,-1,590,591,587,-1,587,591,585,-1,585,588,584,-1,591,588,585,-1,577,589,422,-1,584,589,577,-1,592,593,594,-1,595,589,596,-1,597,588,598,-1,596,589,597,-1,422,589,595,-1,423,422,599,-1,594,600,423,-1,423,599,594,-1,601,594,593,-1,600,594,601,-1,592,594,452,-1,592,452,455,-1,589,588,597,-1,599,422,595,-1,591,598,588,-1,591,590,598,-1,602,596,597,-1,598,603,604,-1,599,595,605,-1,605,595,606,-1,606,596,602,-1,595,596,606,-1,604,597,598,-1,602,597,604,-1,603,590,346,-1,587,586,607,-1,353,590,587,-1,353,587,607,-1,603,598,590,-1,353,346,590,-1,282,344,338,-1,603,608,604,-1,608,278,280,-1,604,608,602,-1,608,605,606,-1,602,608,606,-1,608,603,278,-1,344,282,278,-1,278,603,344,-1,282,338,277,-1,603,346,344,-1,570,609,572,-1,610,611,612,-1,392,613,395,-1,614,610,615,-1,614,611,610,-1,610,613,616,-1,615,610,616,-1,617,609,571,-1,609,569,571,-1,618,619,620,-1,618,621,619,-1,618,622,623,-1,620,622,618,-1,623,617,618,-1,569,609,570,-1,617,624,609,-1,572,579,573,-1,574,573,579,-1,566,567,395,-1,566,395,562,-1,618,568,610,-1,579,572,609,-1,568,618,617,-1,568,617,571,-1,610,565,613,-1,568,565,610,-1,565,564,613,-1,563,395,564,-1,613,564,395,-1,395,563,562,-1,404,395,567,-1,406,404,567,-1,625,626,627,-1,628,605,629,-1,430,429,630,-1,631,632,633,-1,630,633,430,-1,634,635,636,-1,625,637,638,-1,639,629,636,-1,635,640,636,-1,640,641,636,-1,642,605,643,-1,643,605,628,-1,644,645,605,-1,644,605,642,-1,645,599,605,-1,645,594,599,-1,629,639,628,-1,605,608,629,-1,636,646,634,-1,636,638,639,-1,629,646,636,-1,636,625,638,-1,625,627,647,-1,648,625,649,-1,625,647,637,-1,625,648,626,-1,637,650,638,-1,651,650,632,-1,631,651,632,-1,430,633,632,-1,650,637,632,-1,637,652,632,-1,653,576,575,-1,579,654,575,-1,653,575,654,-1,609,654,579,-1,655,576,653,-1,578,655,607,-1,655,578,576,-1,578,607,586,-1,654,609,624,-1,364,273,276,-1,624,607,655,-1,624,655,653,-1,624,653,654,-1,353,607,382,-1,273,364,382,-1,273,382,270,-1,270,382,607,-1,624,274,270,-1,270,607,624,-1,280,279,629,-1,280,629,608,-1,624,271,274,-1,271,624,617,-1,635,656,640,-1,641,640,657,-1,656,657,640,-1,658,636,641,-1,641,657,658,-1,659,636,658,-1,635,634,660,-1,660,656,635,-1,661,634,646,-1,634,661,660,-1,661,646,279,-1,279,646,629,-1,662,663,656,-1,657,663,664,-1,663,657,656,-1,665,658,664,-1,657,664,658,-1,659,658,665,-1,660,662,656,-1,660,661,666,-1,666,662,660,-1,667,661,279,-1,661,667,666,-1,667,279,281,-1,667,668,666,-1,662,666,665,-1,668,667,281,-1,664,663,665,-1,669,666,668,-1,666,669,665,-1,663,662,665,-1,670,665,671,-1,672,671,673,-1,670,674,675,-1,670,675,676,-1,672,673,677,-1,674,670,672,-1,261,677,673,-1,269,678,679,-1,269,679,281,-1,261,680,258,-1,269,258,678,-1,671,665,669,-1,679,668,281,-1,678,258,681,-1,681,671,669,-1,261,673,680,-1,672,670,671,-1,258,680,681,-1,669,678,681,-1,670,682,659,-1,670,659,665,-1,625,659,682,-1,659,625,636,-1,626,683,627,-1,647,627,684,-1,683,684,627,-1,685,637,647,-1,647,684,685,-1,257,637,685,-1,626,648,686,-1,686,683,626,-1,687,648,649,-1,648,687,686,-1,687,649,682,-1,682,649,625,-1,674,672,683,-1,684,672,677,-1,672,684,683,-1,261,685,677,-1,684,677,685,-1,257,685,261,-1,686,674,683,-1,686,687,675,-1,675,674,686,-1,676,687,682,-1,687,676,675,-1,676,682,670,-1,266,265,613,-1,266,613,392,-1,652,257,260,-1,257,652,637,-1,614,688,611,-1,612,611,689,-1,688,689,611,-1,690,610,612,-1,612,689,690,-1,691,610,690,-1,614,615,692,-1,692,688,614,-1,693,615,616,-1,615,693,692,-1,693,616,265,-1,265,616,613,-1,694,695,688,-1,689,695,696,-1,695,689,688,-1,697,690,696,-1,689,696,690,-1,691,690,697,-1,692,694,688,-1,692,693,698,-1,698,694,692,-1,699,693,265,-1,693,699,698,-1,699,265,267,-1,700,701,702,-1,701,700,703,-1,704,705,706,-1,706,702,701,-1,701,707,706,-1,705,704,275,-1,708,709,710,-1,263,272,708,-1,707,697,710,-1,697,707,701,-1,694,698,697,-1,710,697,698,-1,696,695,697,-1,697,695,694,-1,710,698,711,-1,272,712,709,-1,709,708,272,-1,275,712,272,-1,704,706,707,-1,275,704,712,-1,711,267,713,-1,708,713,263,-1,711,698,699,-1,709,707,710,-1,699,267,711,-1,267,263,713,-1,701,714,691,-1,701,691,697,-1,618,691,714,-1,691,618,610,-1,620,715,622,-1,623,622,716,-1,715,716,622,-1,717,617,623,-1,623,716,717,-1,271,617,717,-1,620,619,718,-1,718,715,620,-1,719,619,621,-1,619,719,718,-1,719,621,714,-1,714,621,618,-1,702,706,715,-1,716,706,705,-1,706,716,715,-1,275,717,705,-1,716,705,717,-1,271,717,275,-1,718,702,715,-1,718,719,700,-1,700,702,718,-1,703,719,714,-1,719,703,700,-1,703,714,701,-1,263,80,85,-1,85,272,263,-1,713,720,721,-1,720,713,708,-1,711,721,722,-1,721,711,713,-1,710,711,722,-1,710,722,723,-1,723,722,724,-1,724,725,723,-1,720,723,725,-1,725,726,720,-1,708,710,723,-1,708,723,720,-1,721,720,726,-1,726,727,721,-1,722,721,727,-1,727,724,722,-1,728,729,730,-1,730,729,731,-1,729,732,733,-1,732,734,733,-1,729,733,731,-1,734,728,730,-1,733,734,735,-1,734,730,735,-1,725,736,726,-1,737,738,725,-1,737,725,724,-1,727,726,736,-1,727,739,737,-1,727,736,739,-1,727,737,724,-1,736,725,738,-1,740,741,729,-1,729,728,740,-1,707,709,741,-1,707,741,740,-1,709,742,741,-1,742,709,712,-1,741,742,732,-1,732,729,741,-1,742,743,734,-1,734,732,742,-1,712,743,742,-1,743,712,704,-1,704,707,740,-1,704,740,743,-1,743,740,728,-1,728,734,743,-1,744,632,652,-1,284,259,255,-1,652,399,745,-1,652,745,746,-1,652,746,744,-1,291,399,296,-1,259,284,296,-1,259,296,256,-1,256,296,399,-1,652,260,256,-1,256,399,652,-1,746,428,427,-1,430,744,427,-1,746,427,744,-1,632,744,430,-1,745,428,746,-1,434,745,399,-1,745,434,428,-1,434,399,398,-1,681,680,747,-1,681,747,748,-1,747,749,748,-1,749,747,750,-1,748,751,752,-1,751,748,749,-1,671,748,752,-1,748,671,681,-1,673,671,752,-1,673,752,753,-1,752,754,753,-1,754,752,751,-1,753,750,747,-1,750,753,754,-1,680,673,753,-1,680,753,747,-1,755,756,757,-1,755,758,756,-1,759,755,760,-1,761,762,760,-1,762,756,758,-1,760,755,757,-1,762,761,756,-1,762,759,760,-1,763,750,754,-1,763,764,750,-1,749,750,765,-1,766,751,765,-1,751,763,754,-1,765,750,764,-1,751,766,763,-1,751,749,765,-1,767,755,768,-1,755,767,758,-1,678,669,767,-1,678,767,768,-1,669,769,767,-1,769,669,668,-1,769,758,767,-1,758,769,762,-1,770,762,769,-1,762,770,759,-1,668,679,770,-1,668,770,769,-1,679,678,768,-1,679,768,770,-1,768,759,770,-1,759,768,755,-1,450,642,454,-1,643,458,454,-1,454,642,643,-1,444,458,628,-1,643,628,458,-1,639,444,628,-1,644,642,450,-1,644,440,645,-1,440,644,450,-1,453,594,645,-1,645,440,453,-1,453,452,594,-1,461,639,638,-1,461,444,639,-1,473,651,478,-1,478,651,631,-1,650,473,469,-1,638,650,469,-1,650,651,473,-1,638,469,461,-1,479,478,631,-1,479,633,475,-1,633,479,631,-1,630,433,475,-1,475,633,630,-1,630,429,433,-1,601,581,583,-1,420,423,600,-1,580,582,592,-1,592,582,593,-1,593,581,601,-1,582,581,593,-1,600,583,420,-1,601,583,600,-1,580,592,455,-1,455,534,580,-1,245,86,81,-1,245,81,262,-1,207,2,1,-1,207,1,277,-1,41,771,772,-1,41,772,132,-1,132,772,773,-1,132,773,171,-1,171,773,774,-1,171,774,174,-1,174,774,775,-1,174,775,106,-1,106,775,776,-1,106,776,107,-1,107,776,771,-1,107,771,41,-1,774,776,775,-1,774,772,771,-1,774,773,772,-1,776,774,771,-1,777,778,779,-1,780,781,782,-1,783,784,785,-1,786,787,788,-1,788,789,790,-1,791,784,792,-1,793,794,785,-1,795,796,793,-1,797,796,795,-1,795,798,797,-1,779,799,800,-1,798,801,802,-1,803,804,777,-1,805,804,803,-1,806,805,803,-1,807,808,809,-1,810,811,809,-1,812,813,810,-1,782,781,812,-1,790,814,815,-1,781,813,812,-1,813,811,810,-1,811,807,809,-1,808,806,809,-1,808,805,806,-1,777,804,778,-1,778,799,779,-1,799,801,800,-1,800,801,798,-1,802,797,798,-1,793,796,794,-1,785,794,783,-1,783,792,784,-1,791,786,784,-1,791,787,786,-1,787,789,788,-1,789,814,790,-1,814,816,815,-1,817,818,819,-1,818,820,819,-1,817,821,822,-1,820,823,824,-1,825,826,827,-1,827,819,825,-1,825,819,820,-1,823,820,818,-1,818,817,822,-1,821,828,822,-1,829,830,831,-1,832,830,829,-1,832,833,830,-1,832,834,833,-1,835,836,837,-1,838,836,839,-1,840,838,839,-1,840,841,838,-1,841,840,842,-1,833,843,837,-1,844,842,845,-1,846,845,847,-1,848,849,850,-1,844,841,842,-1,851,850,852,-1,839,836,835,-1,835,837,843,-1,843,833,834,-1,851,853,831,-1,853,829,831,-1,853,851,852,-1,852,850,849,-1,854,848,846,-1,849,848,854,-1,845,846,844,-1,854,846,847,-1,855,856,857,-1,858,859,860,-1,858,861,859,-1,862,855,863,-1,857,861,863,-1,857,863,855,-1,856,864,865,-1,861,858,863,-1,856,865,857,-1,865,864,861,-1,859,861,864,-1,12,815,816,-1,12,816,160,-1,160,816,814,-1,160,814,186,-1,186,814,789,-1,186,789,185,-1,185,789,787,-1,185,787,148,-1,148,787,791,-1,148,791,149,-1,149,791,792,-1,149,792,184,-1,184,792,783,-1,184,783,169,-1,169,783,794,-1,169,794,105,-1,105,794,796,-1,105,796,170,-1,170,796,797,-1,170,797,183,-1,183,797,802,-1,183,802,182,-1,182,802,801,-1,182,801,175,-1,175,801,799,-1,175,799,187,-1,187,799,778,-1,187,778,172,-1,172,778,804,-1,172,804,173,-1,173,804,805,-1,173,805,178,-1,178,805,808,-1,178,808,177,-1,177,808,807,-1,177,807,166,-1,166,807,811,-1,166,811,167,-1,167,811,813,-1,167,813,179,-1,179,813,781,-1,179,781,180,-1,180,781,780,-1,180,780,159,-1,159,780,782,-1,159,782,16,-1,16,782,812,-1,16,812,17,-1,17,812,810,-1,17,810,161,-1,161,810,809,-1,161,809,163,-1,163,809,806,-1,163,806,164,-1,164,806,803,-1,164,803,165,-1,165,803,777,-1,165,777,15,-1,15,777,779,-1,15,779,181,-1,181,779,800,-1,181,800,176,-1,176,800,798,-1,176,798,168,-1,168,798,795,-1,168,795,13,-1,13,795,793,-1,13,793,14,-1,14,793,785,-1,14,785,126,-1,126,785,784,-1,126,784,109,-1,109,784,786,-1,109,786,110,-1,110,786,788,-1,110,788,111,-1,111,788,790,-1,111,790,18,-1,18,790,815,-1,18,815,12,-1,115,822,828,-1,115,828,162,-1,162,828,821,-1,162,821,158,-1,158,821,817,-1,158,817,145,-1,145,817,819,-1,145,819,34,-1,34,819,827,-1,34,827,21,-1,21,827,826,-1,21,826,19,-1,19,826,825,-1,19,825,118,-1,118,825,820,-1,118,820,116,-1,116,820,824,-1,116,824,117,-1,117,824,823,-1,117,823,113,-1,113,823,818,-1,113,818,114,-1,114,818,822,-1,114,822,115,-1,20,845,842,-1,20,842,99,-1,99,842,840,-1,99,840,100,-1,100,840,839,-1,100,839,157,-1,157,839,835,-1,157,835,156,-1,156,835,843,-1,156,843,155,-1,155,843,834,-1,155,834,154,-1,154,834,832,-1,154,832,151,-1,151,832,829,-1,151,829,150,-1,150,829,853,-1,150,853,152,-1,152,853,852,-1,152,852,153,-1,153,852,849,-1,153,849,120,-1,120,849,854,-1,120,854,121,-1,121,854,847,-1,121,847,124,-1,124,847,845,-1,124,845,20,-1,197,841,844,-1,197,844,198,-1,198,844,846,-1,198,846,199,-1,199,846,848,-1,199,848,192,-1,192,848,850,-1,192,850,193,-1,193,850,851,-1,193,851,195,-1,195,851,831,-1,195,831,196,-1,196,831,830,-1,196,830,191,-1,191,830,833,-1,191,833,188,-1,188,833,837,-1,188,837,189,-1,189,837,836,-1,189,836,190,-1,190,836,838,-1,190,838,194,-1,194,838,841,-1,194,841,197,-1,101,864,856,-1,101,856,46,-1,46,856,855,-1,46,855,54,-1,54,855,862,-1,54,862,55,-1,55,862,863,-1,55,863,147,-1,147,863,858,-1,147,858,146,-1,146,858,860,-1,146,860,92,-1,92,860,859,-1,92,859,122,-1,122,859,864,-1,122,864,101,-1,201,857,865,-1,201,865,202,-1,202,865,861,-1,202,861,200,-1,200,861,857,-1,200,857,201,-1,
        ]
    }
}
Shape{
    appearance Appearance {
        material  Material 	{
            diffuseColor 0.803921568627451 0.6549019607843137 0.34509803921568627
            specularColor 0.7529411764705882 0.7529411764705882 0.7529411764705882
            ambientIntensity 1.0
            transparency 1.0
            shininess 0.5
        }
    }
    geometry IndexedFaceSet {
        ccw TRUE
        solid FALSE
        coord DEF co Coordinate {
            point [
                -0.8366 0.1398 0.0, -0.8957 0.1398 0.0079, -0.8957 0.1398 0.0, -0.8366 0.1398 0.0079, -0.8366 0.4075 0.0, -0.8366 0.2815 0.0079, -0.8366 0.4075 0.0197, -0.8366 0.2815 0.0197, -0.8957 0.4075 0.0197, -0.8957 0.2815 0.0197, -0.8957 -0.4075 0.0197, -0.8366 -0.2815 0.0197, -0.8957 -0.2815 0.0197, -0.8366 -0.4075 0.0197, -0.8957 0.2815 0.0079, -0.8957 0.4075 0.0, -0.7382 0.2815 0.0079, -0.7382 0.2815 0.0197, -0.7382 0.4075 0.0197, -0.7382 0.1398 0.0, -0.7382 0.1398 0.0079, -0.7382 0.4075 0.0, -0.6791 0.4075 0.0197, -0.6791 0.2815 0.0197, -0.7382 -0.4075 0.0197, -0.6791 -0.2815 0.0197, -0.7382 -0.2815 0.0197, -0.6791 -0.4075 0.0197, -0.6791 0.4075 0.0, -0.6791 0.1398 0.0, -0.6791 -0.1398 0.0, -0.7382 -0.4075 0.0, -0.7382 -0.1398 0.0, -0.6791 -0.4075 0.0, -0.6791 0.1398 0.0079, -0.6791 0.2815 0.0079, -0.6791 -0.2815 0.0079, -0.6791 -0.1398 0.0079, -0.8957 -0.4075 0.0, -0.8957 -0.2815 0.0079, -0.8957 -0.1398 0.0, -0.8957 -0.1398 0.0079, -0.8366 -0.4075 0.0, -0.8366 -0.1398 0.0, -0.8366 -0.2815 0.0079, -0.8366 -0.1398 0.0079, 0.9055 -0.217 0.2081, 0.9055 -0.2185 0.1969, 0.9055 -0.2028 0.1969, 0.9055 -0.1102 0.2344, 0.9055 -0.1157 0.2191, 0.9055 -0.1013 0.2275, 0.9055 -0.1096 0.213, 0.9055 -0.0944 0.2185, 0.9055 -0.0886 0.1969, 0.9055 -0.0901 0.2081, 0.9055 -0.1043 0.1969, 0.9055 -0.1234 0.2231, 0.9055 -0.1207 0.2387, 0.9055 -0.1319 0.2244, 0.9055 -0.1752 0.2402, 0.9055 -0.1752 0.2244, 0.9055 -0.1319 0.2402, 0.9055 -0.1914 0.2191, 0.9055 -0.1969 0.2344, 0.9055 -0.2058 0.2275, 0.9055 -0.1864 0.2387, 0.9055 -0.1837 0.2231, 0.9055 -0.2014 0.2054, 0.9055 -0.2127 0.2185, 0.9055 -0.1975 0.213, 0.9055 -0.2185 0.0669, 0.9055 -0.2028 0.0669, 0.9055 -0.1057 0.2054, 0.9055 -0.0886 0.0669, 0.9055 -0.1043 0.0669, 0.9055 0.1864 0.2387, 0.9055 0.1837 0.2231, 0.9055 0.1969 0.2344, 0.9055 0.1157 0.2191, 0.9055 0.1207 0.2387, 0.9055 0.1102 0.2344, 0.9055 0.1013 0.2275, 0.9055 0.1096 0.213, 0.9055 0.1319 0.2402, 0.9055 0.1234 0.2231, 0.9055 0.2028 0.1969, 0.9055 0.217 0.2081, 0.9055 0.2014 0.2054, 0.9055 0.1319 0.2244, 0.9055 0.2185 0.1969, 0.9055 0.2127 0.2185, 0.9055 0.1975 0.213, 0.9055 0.1057 0.2054, 0.9055 0.0944 0.2185, 0.9055 0.0901 0.2081, 0.9055 0.2185 0.0669, 0.9055 0.2028 0.0669, 0.9055 0.1914 0.2191, 0.9055 0.2058 0.2275, 0.9055 0.1752 0.2402, 0.9055 0.1752 0.2244, 0.9055 0.1043 0.1969, 0.9055 0.0886 0.1969, 0.9055 0.1043 0.0669, 0.9055 0.0886 0.0669, 0.8268 -0.1043 0.0669, 0.8268 -0.1043 0.1969, 0.8268 -0.1013 0.2275, 0.8268 -0.0944 0.2185, 0.8268 -0.1096 0.213, 0.8268 -0.0901 0.2081, 0.8268 -0.1057 0.2054, 0.8268 -0.2028 0.1969, 0.8268 -0.2185 0.1969, 0.8268 -0.217 0.2081, 0.8268 -0.1102 0.2344, 0.8268 -0.1157 0.2191, 0.8268 -0.1234 0.2231, 0.8268 -0.1319 0.2244, 0.8268 -0.1207 0.2387, 0.8268 -0.1752 0.2402, 0.8268 -0.1319 0.2402, 0.8268 -0.1752 0.2244, 0.8268 -0.1864 0.2387, 0.8268 -0.1837 0.2231, 0.8268 -0.1914 0.2191, 0.8268 -0.1975 0.213, 0.8268 -0.2127 0.2185, 0.8268 -0.2058 0.2275, 0.8268 -0.1969 0.2344, 0.8268 -0.2014 0.2054, 0.8268 -0.2185 0.0669, 0.8268 -0.2028 0.0669, 0.8268 -0.0886 0.1969, 0.8268 -0.0886 0.0669, 0.8268 0.2028 0.0669, 0.8268 0.2185 0.1969, 0.8268 0.2185 0.0669, 0.8268 0.1157 0.2191, 0.8268 0.1096 0.213, 0.8268 0.1013 0.2275, 0.8268 0.1207 0.2387, 0.8268 0.1234 0.2231, 0.8268 0.1102 0.2344, 0.8268 0.1319 0.2244, 0.8268 0.1319 0.2402, 0.8268 0.1837 0.2231, 0.8268 0.1864 0.2387, 0.8268 0.1969 0.2344, 0.8268 0.1914 0.2191, 0.8268 0.2058 0.2275, 0.8268 0.2028 0.1969, 0.8268 0.217 0.2081, 0.8268 0.2127 0.2185, 0.8268 0.2014 0.2054, 0.8268 0.1975 0.213, 0.8268 0.1752 0.2402, 0.8268 0.1752 0.2244, 0.8268 0.1043 0.0669, 0.8268 0.0886 0.0669, 0.8268 0.1043 0.1969, 0.8268 0.1057 0.2054, 0.8268 0.0901 0.2081, 0.8268 0.0944 0.2185, 0.8268 0.0886 0.1969, 0.748 -0.1043 0.0669, 0.748 -0.0886 0.0669, 0.748 -0.0886 0.1969, 0.748 -0.1914 0.2191, 0.748 -0.2058 0.2275, 0.748 -0.1975 0.213, 0.748 -0.1837 0.2231, 0.748 -0.1864 0.2387, 0.748 -0.1969 0.2344, 0.748 -0.1752 0.2244, 0.748 -0.1752 0.2402, 0.748 -0.1234 0.2231, 0.748 -0.1102 0.2344, 0.748 -0.1207 0.2387, 0.748 -0.1157 0.2191, 0.748 -0.1013 0.2275, 0.748 -0.0901 0.2081, 0.748 -0.1043 0.1969, 0.748 -0.0944 0.2185, 0.748 -0.1057 0.2054, 0.748 -0.1096 0.213, 0.748 -0.1319 0.2402, 0.748 -0.1319 0.2244, 0.748 -0.2028 0.0669, 0.748 -0.2028 0.1969, 0.748 -0.2185 0.0669, 0.748 -0.2014 0.2054, 0.748 -0.2127 0.2185, 0.748 -0.217 0.2081, 0.748 -0.2185 0.1969, 0.748 0.2028 0.0669, 0.748 0.2185 0.0669, 0.748 0.2185 0.1969, 0.748 0.1157 0.2191, 0.748 0.1013 0.2275, 0.748 0.1096 0.213, 0.748 0.1234 0.2231, 0.748 0.1207 0.2387, 0.748 0.1102 0.2344, 0.748 0.1319 0.2244, 0.748 0.1319 0.2402, 0.748 0.1837 0.2231, 0.748 0.1969 0.2344, 0.748 0.1864 0.2387, 0.748 0.1914 0.2191, 0.748 0.2058 0.2275, 0.748 0.217 0.2081, 0.748 0.2028 0.1969, 0.748 0.2127 0.2185, 0.748 0.2014 0.2054, 0.748 0.1975 0.213, 0.748 0.1752 0.2402, 0.748 0.1752 0.2244, 0.748 0.1043 0.0669, 0.748 0.1043 0.1969, 0.748 0.0886 0.0669, 0.748 0.1057 0.2054, 0.748 0.0944 0.2185, 0.748 0.0901 0.2081, 0.748 0.0886 0.1969, 0.6693 -0.2028 0.0669, 0.6693 -0.2028 0.1969, 0.6693 -0.1914 0.2191, 0.6693 -0.1837 0.2231, 0.6693 -0.1752 0.2244, 0.6693 -0.2014 0.2054, 0.6693 -0.1975 0.213, 0.6693 -0.1319 0.2244, 0.6693 -0.1096 0.213, 0.6693 -0.1057 0.2054, 0.6693 -0.1043 0.1969, 0.6693 -0.1234 0.2231, 0.6693 -0.1157 0.2191, 0.6693 -0.1043 0.0669, 0.6693 -0.2185 0.0669, 0.6693 -0.2185 0.1969, 0.6693 -0.2058 0.2275, 0.6693 -0.1969 0.2344, 0.6693 -0.1864 0.2387, 0.6693 -0.1752 0.2402, 0.6693 -0.1319 0.2402, 0.6693 -0.1207 0.2387, 0.6693 -0.1102 0.2344, 0.6693 -0.0886 0.1969, 0.6693 -0.0901 0.2081, 0.6693 -0.0944 0.2185, 0.6693 -0.1013 0.2275, 0.6693 -0.0886 0.0669, 0.6693 -0.217 0.2081, 0.6693 -0.2127 0.2185, 0.6693 0.1043 0.1969, 0.6693 0.0886 0.0669, 0.6693 0.0886 0.1969, 0.6693 0.1157 0.2191, 0.6693 0.1096 0.213, 0.6693 0.1013 0.2275, 0.6693 0.1102 0.2344, 0.6693 0.1207 0.2387, 0.6693 0.1234 0.2231, 0.6693 0.1319 0.2402, 0.6693 0.1319 0.2244, 0.6693 0.1752 0.2402, 0.6693 0.1752 0.2244, 0.6693 0.1864 0.2387, 0.6693 0.1969 0.2344, 0.6693 0.1837 0.2231, 0.6693 0.2185 0.1969, 0.6693 0.2028 0.1969, 0.6693 0.217 0.2081, 0.6693 0.2127 0.2185, 0.6693 0.2014 0.2054, 0.6693 0.1975 0.213, 0.6693 0.2058 0.2275, 0.6693 0.1914 0.2191, 0.6693 0.2028 0.0669, 0.6693 0.2185 0.0669, 0.6693 0.1057 0.2054, 0.6693 0.0901 0.2081, 0.6693 0.0944 0.2185, 0.6693 0.1043 0.0669, 0.5906 -0.1043 0.0669, 0.5906 -0.0886 0.0669, 0.5906 -0.0886 0.1969, 0.5906 -0.1914 0.2191, 0.5906 -0.2058 0.2275, 0.5906 -0.1975 0.213, 0.5906 -0.1837 0.2231, 0.5906 -0.1864 0.2387, 0.5906 -0.1969 0.2344, 0.5906 -0.1752 0.2244, 0.5906 -0.1752 0.2402, 0.5906 -0.1234 0.2231, 0.5906 -0.1102 0.2344, 0.5906 -0.1207 0.2387, 0.5906 -0.1157 0.2191, 0.5906 -0.1013 0.2275, 0.5906 -0.0901 0.2081, 0.5906 -0.1043 0.1969, 0.5906 -0.0944 0.2185, 0.5906 -0.1057 0.2054, 0.5906 -0.1096 0.213, 0.5906 -0.1319 0.2402, 0.5906 -0.1319 0.2244, 0.5906 -0.2028 0.0669, 0.5906 -0.2028 0.1969, 0.5906 -0.2185 0.0669, 0.5906 -0.2014 0.2054, 0.5906 -0.2127 0.2185, 0.5906 -0.217 0.2081, 0.5906 -0.2185 0.1969, 0.5906 0.2028 0.0669, 0.5906 0.2185 0.0669, 0.5906 0.2185 0.1969, 0.5906 0.1157 0.2191, 0.5906 0.1013 0.2275, 0.5906 0.1096 0.213, 0.5906 0.1234 0.2231, 0.5906 0.1207 0.2387, 0.5906 0.1102 0.2344, 0.5906 0.1319 0.2244, 0.5906 0.1319 0.2402, 0.5906 0.1837 0.2231, 0.5906 0.1969 0.2344, 0.5906 0.1864 0.2387, 0.5906 0.1914 0.2191, 0.5906 0.2058 0.2275, 0.5906 0.217 0.2081, 0.5906 0.2028 0.1969, 0.5906 0.2127 0.2185, 0.5906 0.2014 0.2054, 0.5906 0.1975 0.213, 0.5906 0.1752 0.2402, 0.5906 0.1752 0.2244, 0.5906 0.1043 0.0669, 0.5906 0.1043 0.1969, 0.5906 0.0886 0.0669, 0.5906 0.1057 0.2054, 0.5906 0.0944 0.2185, 0.5906 0.0901 0.2081, 0.5906 0.0886 0.1969, 0.5118 -0.2028 0.0669, 0.5118 -0.2028 0.1969, 0.5118 -0.1914 0.2191, 0.5118 -0.1837 0.2231, 0.5118 -0.1752 0.2244, 0.5118 -0.2014 0.2054, 0.5118 -0.1975 0.213, 0.5118 -0.1319 0.2244, 0.5118 -0.1096 0.213, 0.5118 -0.1057 0.2054, 0.5118 -0.1043 0.1969, 0.5118 -0.1234 0.2231, 0.5118 -0.1157 0.2191, 0.5118 -0.1043 0.0669, 0.5118 -0.2185 0.0669, 0.5118 -0.2185 0.1969, 0.5118 -0.2058 0.2275, 0.5118 -0.1969 0.2344, 0.5118 -0.1864 0.2387, 0.5118 -0.1752 0.2402, 0.5118 -0.1319 0.2402, 0.5118 -0.1207 0.2387, 0.5118 -0.1102 0.2344, 0.5118 -0.0886 0.1969, 0.5118 -0.0901 0.2081, 0.5118 -0.0944 0.2185, 0.5118 -0.1013 0.2275, 0.5118 -0.0886 0.0669, 0.5118 -0.217 0.2081, 0.5118 -0.2127 0.2185, 0.5118 0.1043 0.1969, 0.5118 0.0886 0.0669, 0.5118 0.0886 0.1969, 0.5118 0.1157 0.2191, 0.5118 0.1096 0.213, 0.5118 0.1013 0.2275, 0.5118 0.1102 0.2344, 0.5118 0.1207 0.2387, 0.5118 0.1234 0.2231, 0.5118 0.1319 0.2402, 0.5118 0.1319 0.2244, 0.5118 0.1752 0.2402, 0.5118 0.1752 0.2244, 0.5118 0.1864 0.2387, 0.5118 0.1969 0.2344, 0.5118 0.1837 0.2231, 0.5118 0.2185 0.1969, 0.5118 0.2028 0.1969, 0.5118 0.217 0.2081, 0.5118 0.2127 0.2185, 0.5118 0.2014 0.2054, 0.5118 0.1975 0.213, 0.5118 0.2058 0.2275, 0.5118 0.1914 0.2191, 0.5118 0.2028 0.0669, 0.5118 0.2185 0.0669, 0.5118 0.1057 0.2054, 0.5118 0.0901 0.2081, 0.5118 0.0944 0.2185, 0.5118 0.1043 0.0669, 0.4331 -0.1043 0.0669, 0.4331 -0.0886 0.0669, 0.4331 -0.0886 0.1969, 0.4331 -0.1914 0.2191, 0.4331 -0.2058 0.2275, 0.4331 -0.1975 0.213, 0.4331 -0.1837 0.2231, 0.4331 -0.1864 0.2387, 0.4331 -0.1969 0.2344, 0.4331 -0.1752 0.2244, 0.4331 -0.1752 0.2402, 0.4331 -0.1234 0.2231, 0.4331 -0.1102 0.2344, 0.4331 -0.1207 0.2387, 0.4331 -0.1157 0.2191, 0.4331 -0.1013 0.2275, 0.4331 -0.0901 0.2081, 0.4331 -0.1043 0.1969, 0.4331 -0.0944 0.2185, 0.4331 -0.1057 0.2054, 0.4331 -0.1096 0.213, 0.4331 -0.1319 0.2402, 0.4331 -0.1319 0.2244, 0.4331 -0.2028 0.0669, 0.4331 -0.2028 0.1969, 0.4331 -0.2185 0.0669, 0.4331 -0.2014 0.2054, 0.4331 -0.2127 0.2185, 0.4331 -0.217 0.2081, 0.4331 -0.2185 0.1969, 0.4331 0.2028 0.0669, 0.4331 0.2185 0.0669, 0.4331 0.2185 0.1969, 0.4331 0.1157 0.2191, 0.4331 0.1013 0.2275, 0.4331 0.1096 0.213, 0.4331 0.1234 0.2231, 0.4331 0.1207 0.2387, 0.4331 0.1102 0.2344, 0.4331 0.1319 0.2244, 0.4331 0.1319 0.2402, 0.4331 0.1837 0.2231, 0.4331 0.1969 0.2344, 0.4331 0.1864 0.2387, 0.4331 0.1914 0.2191, 0.4331 0.2058 0.2275, 0.4331 0.217 0.2081, 0.4331 0.2028 0.1969, 0.4331 0.2127 0.2185, 0.4331 0.2014 0.2054, 0.4331 0.1975 0.213, 0.4331 0.1752 0.2402, 0.4331 0.1752 0.2244, 0.4331 0.1043 0.0669, 0.4331 0.1043 0.1969, 0.4331 0.0886 0.0669, 0.4331 0.1057 0.2054, 0.4331 0.0944 0.2185, 0.4331 0.0901 0.2081, 0.4331 0.0886 0.1969, 0.3543 -0.2028 0.0669, 0.3543 -0.2028 0.1969, 0.3543 -0.1914 0.2191, 0.3543 -0.1837 0.2231, 0.3543 -0.1752 0.2244, 0.3543 -0.2014 0.2054, 0.3543 -0.1975 0.213, 0.3543 -0.1319 0.2244, 0.3543 -0.1096 0.213, 0.3543 -0.1057 0.2054, 0.3543 -0.1043 0.1969, 0.3543 -0.1234 0.2231, 0.3543 -0.1157 0.2191, 0.3543 -0.1043 0.0669, 0.3543 -0.2185 0.0669, 0.3543 -0.2185 0.1969, 0.3543 -0.2058 0.2275, 0.3543 -0.1969 0.2344, 0.3543 -0.1864 0.2387, 0.3543 -0.1752 0.2402, 0.3543 -0.1319 0.2402, 0.3543 -0.1207 0.2387, 0.3543 -0.1102 0.2344, 0.3543 -0.0886 0.1969, 0.3543 -0.0901 0.2081, 0.3543 -0.0944 0.2185, 0.3543 -0.1013 0.2275, 0.3543 -0.0886 0.0669, 0.3543 -0.217 0.2081, 0.3543 -0.2127 0.2185, 0.3543 0.1043 0.1969, 0.3543 0.0886 0.0669, 0.3543 0.0886 0.1969, 0.3543 0.1157 0.2191, 0.3543 0.1096 0.213, 0.3543 0.1013 0.2275, 0.3543 0.1102 0.2344, 0.3543 0.1207 0.2387, 0.3543 0.1234 0.2231, 0.3543 0.1319 0.2402, 0.3543 0.1319 0.2244, 0.3543 0.1752 0.2402, 0.3543 0.1752 0.2244, 0.3543 0.1864 0.2387, 0.3543 0.1969 0.2344, 0.3543 0.1837 0.2231, 0.3543 0.2185 0.1969, 0.3543 0.2028 0.1969, 0.3543 0.217 0.2081, 0.3543 0.2127 0.2185, 0.3543 0.2014 0.2054, 0.3543 0.1975 0.213, 0.3543 0.2058 0.2275, 0.3543 0.1914 0.2191, 0.3543 0.2028 0.0669, 0.3543 0.2185 0.0669, 0.3543 0.1057 0.2054, 0.3543 0.0901 0.2081, 0.3543 0.0944 0.2185, 0.3543 0.1043 0.0669, 0.2756 -0.1043 0.0669, 0.2756 -0.0886 0.0669, 0.2756 -0.0886 0.1969, 0.2756 -0.1914 0.2191, 0.2756 -0.2058 0.2275, 0.2756 -0.1975 0.213, 0.2756 -0.1837 0.2231, 0.2756 -0.1864 0.2387, 0.2756 -0.1969 0.2344, 0.2756 -0.1752 0.2244, 0.2756 -0.1752 0.2402, 0.2756 -0.1234 0.2231, 0.2756 -0.1102 0.2344, 0.2756 -0.1207 0.2387, 0.2756 -0.1157 0.2191, 0.2756 -0.1013 0.2275, 0.2756 -0.0901 0.2081, 0.2756 -0.1043 0.1969, 0.2756 -0.0944 0.2185, 0.2756 -0.1057 0.2054, 0.2756 -0.1096 0.213, 0.2756 -0.1319 0.2402, 0.2756 -0.1319 0.2244, 0.2756 -0.2028 0.0669, 0.2756 -0.2028 0.1969, 0.2756 -0.2185 0.0669, 0.2756 -0.2014 0.2054, 0.2756 -0.2127 0.2185, 0.2756 -0.217 0.2081, 0.2756 -0.2185 0.1969, 0.2756 0.2028 0.0669, 0.2756 0.2185 0.0669, 0.2756 0.2185 0.1969, 0.2756 0.1157 0.2191, 0.2756 0.1013 0.2275, 0.2756 0.1096 0.213, 0.2756 0.1234 0.2231, 0.2756 0.1207 0.2387, 0.2756 0.1102 0.2344, 0.2756 0.1319 0.2244, 0.2756 0.1319 0.2402, 0.2756 0.1837 0.2231, 0.2756 0.1969 0.2344, 0.2756 0.1864 0.2387, 0.2756 0.1914 0.2191, 0.2756 0.2058 0.2275, 0.2756 0.217 0.2081, 0.2756 0.2028 0.1969, 0.2756 0.2127 0.2185, 0.2756 0.2014 0.2054, 0.2756 0.1975 0.213, 0.2756 0.1752 0.2402, 0.2756 0.1752 0.2244, 0.2756 0.1043 0.0669, 0.2756 0.1043 0.1969, 0.2756 0.0886 0.0669, 0.2756 0.1057 0.2054, 0.2756 0.0944 0.2185, 0.2756 0.0901 0.2081, 0.2756 0.0886 0.1969, 0.1969 -0.2028 0.0669, 0.1969 -0.2028 0.1969, 0.1969 -0.1914 0.2191, 0.1969 -0.1837 0.2231, 0.1969 -0.1752 0.2244, 0.1969 -0.2014 0.2054, 0.1969 -0.1975 0.213, 0.1969 -0.1319 0.2244, 0.1969 -0.1096 0.213, 0.1969 -0.1057 0.2054, 0.1969 -0.1043 0.1969, 0.1969 -0.1234 0.2231, 0.1969 -0.1157 0.2191, 0.1969 -0.1043 0.0669, 0.1969 -0.2185 0.0669, 0.1969 -0.2185 0.1969, 0.1969 -0.2058 0.2275, 0.1969 -0.1969 0.2344, 0.1969 -0.1864 0.2387, 0.1969 -0.1752 0.2402, 0.1969 -0.1319 0.2402, 0.1969 -0.1207 0.2387, 0.1969 -0.1102 0.2344, 0.1969 -0.0886 0.1969, 0.1969 -0.0901 0.2081, 0.1969 -0.0944 0.2185, 0.1969 -0.1013 0.2275, 0.1969 -0.0886 0.0669, 0.1969 -0.217 0.2081, 0.1969 -0.2127 0.2185, 0.1969 0.1043 0.1969, 0.1969 0.0886 0.0669, 0.1969 0.0886 0.1969, 0.1969 0.1157 0.2191, 0.1969 0.1096 0.213, 0.1969 0.1013 0.2275, 0.1969 0.1102 0.2344, 0.1969 0.1207 0.2387, 0.1969 0.1234 0.2231, 0.1969 0.1319 0.2402, 0.1969 0.1319 0.2244, 0.1969 0.1752 0.2402, 0.1969 0.1752 0.2244, 0.1969 0.1864 0.2387, 0.1969 0.1969 0.2344, 0.1969 0.1837 0.2231, 0.1969 0.2185 0.1969, 0.1969 0.2028 0.1969, 0.1969 0.217 0.2081, 0.1969 0.2127 0.2185, 0.1969 0.2014 0.2054, 0.1969 0.1975 0.213, 0.1969 0.2058 0.2275, 0.1969 0.1914 0.2191, 0.1969 0.2028 0.0669, 0.1969 0.2185 0.0669, 0.1969 0.1057 0.2054, 0.1969 0.0901 0.2081, 0.1969 0.0944 0.2185, 0.1969 0.1043 0.0669, 0.1181 -0.1043 0.0669, 0.1181 -0.0886 0.0669, 0.1181 -0.0886 0.1969, 0.1181 -0.1914 0.2191, 0.1181 -0.2058 0.2275, 0.1181 -0.1975 0.213, 0.1181 -0.1837 0.2231, 0.1181 -0.1864 0.2387, 0.1181 -0.1969 0.2344, 0.1181 -0.1752 0.2244, 0.1181 -0.1752 0.2402, 0.1181 -0.1234 0.2231, 0.1181 -0.1102 0.2344, 0.1181 -0.1207 0.2387, 0.1181 -0.1157 0.2191, 0.1181 -0.1013 0.2275, 0.1181 -0.0901 0.2081, 0.1181 -0.1043 0.1969, 0.1181 -0.0944 0.2185, 0.1181 -0.1057 0.2054, 0.1181 -0.1096 0.213, 0.1181 -0.1319 0.2402, 0.1181 -0.1319 0.2244, 0.1181 -0.2028 0.0669, 0.1181 -0.2028 0.1969, 0.1181 -0.2185 0.0669, 0.1181 -0.2014 0.2054, 0.1181 -0.2127 0.2185, 0.1181 -0.217 0.2081, 0.1181 -0.2185 0.1969, 0.1181 0.2028 0.0669, 0.1181 0.2185 0.0669, 0.1181 0.2185 0.1969, 0.1181 0.1157 0.2191, 0.1181 0.1013 0.2275, 0.1181 0.1096 0.213, 0.1181 0.1234 0.2231, 0.1181 0.1207 0.2387, 0.1181 0.1102 0.2344, 0.1181 0.1319 0.2244, 0.1181 0.1319 0.2402, 0.1181 0.1837 0.2231, 0.1181 0.1969 0.2344, 0.1181 0.1864 0.2387, 0.1181 0.1914 0.2191, 0.1181 0.2058 0.2275, 0.1181 0.217 0.2081, 0.1181 0.2028 0.1969, 0.1181 0.2127 0.2185, 0.1181 0.2014 0.2054, 0.1181 0.1975 0.213, 0.1181 0.1752 0.2402, 0.1181 0.1752 0.2244, 0.1181 0.1043 0.0669, 0.1181 0.1043 0.1969, 0.1181 0.0886 0.0669, 0.1181 0.1057 0.2054, 0.1181 0.0944 0.2185, 0.1181 0.0901 0.2081, 0.1181 0.0886 0.1969, 0.0394 -0.2028 0.0669, 0.0394 -0.2028 0.1969, 0.0394 -0.1914 0.2191, 0.0394 -0.1837 0.2231, 0.0394 -0.1752 0.2244, 0.0394 -0.2014 0.2054, 0.0394 -0.1975 0.213, 0.0394 -0.1319 0.2244, 0.0394 -0.1096 0.213, 0.0394 -0.1057 0.2054, 0.0394 -0.1043 0.1969, 0.0394 -0.1234 0.2231, 0.0394 -0.1157 0.2191, 0.0394 -0.1043 0.0669, 0.0394 -0.2185 0.0669, 0.0394 -0.2185 0.1969, 0.0394 -0.2058 0.2275, 0.0394 -0.1969 0.2344, 0.0394 -0.1864 0.2387, 0.0394 -0.1752 0.2402, 0.0394 -0.1319 0.2402, 0.0394 -0.1207 0.2387, 0.0394 -0.1102 0.2344, 0.0394 -0.0886 0.1969, 0.0394 -0.0901 0.2081, 0.0394 -0.0944 0.2185, 0.0394 -0.1013 0.2275, 0.0394 -0.0886 0.0669, 0.0394 -0.217 0.2081, 0.0394 -0.2127 0.2185, 0.0394 0.1043 0.1969, 0.0394 0.0886 0.0669, 0.0394 0.0886 0.1969, 0.0394 0.1157 0.2191, 0.0394 0.1096 0.213, 0.0394 0.1013 0.2275, 0.0394 0.1102 0.2344, 0.0394 0.1207 0.2387, 0.0394 0.1234 0.2231, 0.0394 0.1319 0.2402, 0.0394 0.1319 0.2244, 0.0394 0.1752 0.2402, 0.0394 0.1752 0.2244, 0.0394 0.1864 0.2387, 0.0394 0.1969 0.2344, 0.0394 0.1837 0.2231, 0.0394 0.2185 0.1969, 0.0394 0.2028 0.1969, 0.0394 0.217 0.2081, 0.0394 0.2127 0.2185, 0.0394 0.2014 0.2054, 0.0394 0.1975 0.213, 0.0394 0.2058 0.2275, 0.0394 0.1914 0.2191, 0.0394 0.2028 0.0669, 0.0394 0.2185 0.0669, 0.0394 0.1057 0.2054, 0.0394 0.0901 0.2081, 0.0394 0.0944 0.2185, 0.0394 0.1043 0.0669, -0.0394 -0.1043 0.0669, -0.0394 -0.0886 0.0669, -0.0394 -0.0886 0.1969, -0.0394 -0.1914 0.2191, -0.0394 -0.2058 0.2275, -0.0394 -0.1975 0.213, -0.0394 -0.1837 0.2231, -0.0394 -0.1864 0.2387, -0.0394 -0.1969 0.2344, -0.0394 -0.1752 0.2244, -0.0394 -0.1752 0.2402, -0.0394 -0.1234 0.2231, -0.0394 -0.1102 0.2344, -0.0394 -0.1207 0.2387, -0.0394 -0.1157 0.2191, -0.0394 -0.1013 0.2275, -0.0394 -0.0901 0.2081, -0.0394 -0.1043 0.1969, -0.0394 -0.0944 0.2185, -0.0394 -0.1057 0.2054, -0.0394 -0.1096 0.213, -0.0394 -0.1319 0.2402, -0.0394 -0.1319 0.2244, -0.0394 -0.2028 0.0669, -0.0394 -0.2028 0.1969, -0.0394 -0.2185 0.0669, -0.0394 -0.2014 0.2054, -0.0394 -0.2127 0.2185, -0.0394 -0.217 0.2081, -0.0394 -0.2185 0.1969, -0.0394 0.2028 0.0669, -0.0394 0.2185 0.0669, -0.0394 0.2185 0.1969, -0.0394 0.1157 0.2191, -0.0394 0.1013 0.2275, -0.0394 0.1096 0.213, -0.0394 0.1234 0.2231, -0.0394 0.1207 0.2387, -0.0394 0.1102 0.2344, -0.0394 0.1319 0.2244, -0.0394 0.1319 0.2402, -0.0394 0.1837 0.2231, -0.0394 0.1969 0.2344, -0.0394 0.1864 0.2387, -0.0394 0.1914 0.2191, -0.0394 0.2058 0.2275, -0.0394 0.217 0.2081, -0.0394 0.2028 0.1969, -0.0394 0.2127 0.2185, -0.0394 0.2014 0.2054, -0.0394 0.1975 0.213, -0.0394 0.1752 0.2402, -0.0394 0.1752 0.2244, -0.0394 0.1043 0.0669, -0.0394 0.1043 0.1969, -0.0394 0.0886 0.0669, -0.0394 0.1057 0.2054, -0.0394 0.0944 0.2185, -0.0394 0.0901 0.2081, -0.0394 0.0886 0.1969, -0.1181 -0.2028 0.0669, -0.1181 -0.2028 0.1969, -0.1181 -0.1914 0.2191, -0.1181 -0.1837 0.2231, -0.1181 -0.1752 0.2244, -0.1181 -0.2014 0.2054, -0.1181 -0.1975 0.213, -0.1181 -0.1319 0.2244, -0.1181 -0.1096 0.213, -0.1181 -0.1057 0.2054, -0.1181 -0.1043 0.1969, -0.1181 -0.1234 0.2231, -0.1181 -0.1157 0.2191, -0.1181 -0.1043 0.0669, -0.1181 -0.2185 0.0669, -0.1181 -0.2185 0.1969, -0.1181 -0.2058 0.2275, -0.1181 -0.1969 0.2344, -0.1181 -0.1864 0.2387, -0.1181 -0.1752 0.2402, -0.1181 -0.1319 0.2402, -0.1181 -0.1207 0.2387, -0.1181 -0.1102 0.2344, -0.1181 -0.0886 0.1969, -0.1181 -0.0901 0.2081, -0.1181 -0.0944 0.2185, -0.1181 -0.1013 0.2275, -0.1181 -0.0886 0.0669, -0.1181 -0.217 0.2081, -0.1181 -0.2127 0.2185, -0.1181 0.1043 0.1969, -0.1181 0.0886 0.0669, -0.1181 0.0886 0.1969, -0.1181 0.1157 0.2191, -0.1181 0.1096 0.213, -0.1181 0.1013 0.2275, -0.1181 0.1102 0.2344, -0.1181 0.1207 0.2387, -0.1181 0.1234 0.2231, -0.1181 0.1319 0.2402, -0.1181 0.1319 0.2244, -0.1181 0.1752 0.2402, -0.1181 0.1752 0.2244, -0.1181 0.1864 0.2387, -0.1181 0.1969 0.2344, -0.1181 0.1837 0.2231, -0.1181 0.2185 0.1969, -0.1181 0.2028 0.1969, -0.1181 0.217 0.2081, -0.1181 0.2127 0.2185, -0.1181 0.2014 0.2054, -0.1181 0.1975 0.213, -0.1181 0.2058 0.2275, -0.1181 0.1914 0.2191, -0.1181 0.2028 0.0669, -0.1181 0.2185 0.0669, -0.1181 0.1057 0.2054, -0.1181 0.0901 0.2081, -0.1181 0.0944 0.2185, -0.1181 0.1043 0.0669, -0.1969 -0.1043 0.0669, -0.1969 -0.0886 0.0669, -0.1969 -0.0886 0.1969, -0.1969 -0.1914 0.2191, -0.1969 -0.2058 0.2275, -0.1969 -0.1975 0.213, -0.1969 -0.1837 0.2231, -0.1969 -0.1864 0.2387, -0.1969 -0.1969 0.2344, -0.1969 -0.1752 0.2244, -0.1969 -0.1752 0.2402, -0.1969 -0.1234 0.2231, -0.1969 -0.1102 0.2344, -0.1969 -0.1207 0.2387, -0.1969 -0.1157 0.2191, -0.1969 -0.1013 0.2275, -0.1969 -0.0901 0.2081, -0.1969 -0.1043 0.1969, -0.1969 -0.0944 0.2185, -0.1969 -0.1057 0.2054, -0.1969 -0.1096 0.213, -0.1969 -0.1319 0.2402, -0.1969 -0.1319 0.2244, -0.1969 -0.2028 0.0669, -0.1969 -0.2028 0.1969, -0.1969 -0.2185 0.0669, -0.1969 -0.2014 0.2054, -0.1969 -0.2127 0.2185, -0.1969 -0.217 0.2081, -0.1969 -0.2185 0.1969, -0.1969 0.2028 0.0669, -0.1969 0.2185 0.0669, -0.1969 0.2185 0.1969, -0.1969 0.1157 0.2191, -0.1969 0.1013 0.2275, -0.1969 0.1096 0.213, -0.1969 0.1234 0.2231, -0.1969 0.1207 0.2387, -0.1969 0.1102 0.2344, -0.1969 0.1319 0.2244, -0.1969 0.1319 0.2402, -0.1969 0.1837 0.2231, -0.1969 0.1969 0.2344, -0.1969 0.1864 0.2387, -0.1969 0.1914 0.2191, -0.1969 0.2058 0.2275, -0.1969 0.217 0.2081, -0.1969 0.2028 0.1969, -0.1969 0.2127 0.2185, -0.1969 0.2014 0.2054, -0.1969 0.1975 0.213, -0.1969 0.1752 0.2402, -0.1969 0.1752 0.2244, -0.1969 0.1043 0.0669, -0.1969 0.1043 0.1969, -0.1969 0.0886 0.0669, -0.1969 0.1057 0.2054, -0.1969 0.0944 0.2185, -0.1969 0.0901 0.2081, -0.1969 0.0886 0.1969, -0.2756 -0.2028 0.0669, -0.2756 -0.2028 0.1969, -0.2756 -0.1914 0.2191, -0.2756 -0.1837 0.2231, -0.2756 -0.1752 0.2244, -0.2756 -0.2014 0.2054, -0.2756 -0.1975 0.213, -0.2756 -0.1319 0.2244, -0.2756 -0.1096 0.213, -0.2756 -0.1057 0.2054, -0.2756 -0.1043 0.1969, -0.2756 -0.1234 0.2231, -0.2756 -0.1157 0.2191, -0.2756 -0.1043 0.0669, -0.2756 -0.2185 0.0669, -0.2756 -0.2185 0.1969, -0.2756 -0.2058 0.2275, -0.2756 -0.1969 0.2344, -0.2756 -0.1864 0.2387, -0.2756 -0.1752 0.2402, -0.2756 -0.1319 0.2402, -0.2756 -0.1207 0.2387, -0.2756 -0.1102 0.2344, -0.2756 -0.0886 0.1969, -0.2756 -0.0901 0.2081, -0.2756 -0.0944 0.2185, -0.2756 -0.1013 0.2275, -0.2756 -0.0886 0.0669, -0.2756 -0.217 0.2081, -0.2756 -0.2127 0.2185, -0.2756 0.1043 0.1969, -0.2756 0.0886 0.0669, -0.2756 0.0886 0.1969, -0.2756 0.1157 0.2191, -0.2756 0.1096 0.213, -0.2756 0.1013 0.2275, -0.2756 0.1102 0.2344, -0.2756 0.1207 0.2387, -0.2756 0.1234 0.2231, -0.2756 0.1319 0.2402, -0.2756 0.1319 0.2244, -0.2756 0.1752 0.2402, -0.2756 0.1752 0.2244, -0.2756 0.1864 0.2387, -0.2756 0.1969 0.2344, -0.2756 0.1837 0.2231, -0.2756 0.2185 0.1969, -0.2756 0.2028 0.1969, -0.2756 0.217 0.2081, -0.2756 0.2127 0.2185, -0.2756 0.2014 0.2054, -0.2756 0.1975 0.213, -0.2756 0.2058 0.2275, -0.2756 0.1914 0.2191, -0.2756 0.2028 0.0669, -0.2756 0.2185 0.0669, -0.2756 0.1057 0.2054, -0.2756 0.0901 0.2081, -0.2756 0.0944 0.2185, -0.2756 0.1043 0.0669, -0.3543 -0.1043 0.0669, -0.3543 -0.0886 0.0669, -0.3543 -0.0886 0.1969, -0.3543 -0.1914 0.2191, -0.3543 -0.2058 0.2275, -0.3543 -0.1975 0.213, -0.3543 -0.1837 0.2231, -0.3543 -0.1864 0.2387, -0.3543 -0.1969 0.2344, -0.3543 -0.1752 0.2244, -0.3543 -0.1752 0.2402, -0.3543 -0.1234 0.2231, -0.3543 -0.1102 0.2344, -0.3543 -0.1207 0.2387, -0.3543 -0.1157 0.2191, -0.3543 -0.1013 0.2275, -0.3543 -0.0901 0.2081, -0.3543 -0.1043 0.1969, -0.3543 -0.0944 0.2185, -0.3543 -0.1057 0.2054, -0.3543 -0.1096 0.213, -0.3543 -0.1319 0.2402, -0.3543 -0.1319 0.2244, -0.3543 -0.2028 0.0669, -0.3543 -0.2028 0.1969, -0.3543 -0.2185 0.0669, -0.3543 -0.2014 0.2054, -0.3543 -0.2127 0.2185, -0.3543 -0.217 0.2081, -0.3543 -0.2185 0.1969, -0.3543 0.2028 0.0669, -0.3543 0.2185 0.0669, -0.3543 0.2185 0.1969, -0.3543 0.1157 0.2191, -0.3543 0.1013 0.2275, -0.3543 0.1096 0.213, -0.3543 0.1234 0.2231, -0.3543 0.1207 0.2387, -0.3543 0.1102 0.2344, -0.3543 0.1319 0.2244, -0.3543 0.1319 0.2402, -0.3543 0.1837 0.2231, -0.3543 0.1969 0.2344, -0.3543 0.1864 0.2387, -0.3543 0.1914 0.2191, -0.3543 0.2058 0.2275, -0.3543 0.217 0.2081, -0.3543 0.2028 0.1969, -0.3543 0.2127 0.2185, -0.3543 0.2014 0.2054, -0.3543 0.1975 0.213, -0.3543 0.1752 0.2402, -0.3543 0.1752 0.2244, -0.3543 0.1043 0.0669, -0.3543 0.1043 0.1969, -0.3543 0.0886 0.0669, -0.3543 0.1057 0.2054, -0.3543 0.0944 0.2185, -0.3543 0.0901 0.2081, -0.3543 0.0886 0.1969, -0.4331 -0.2028 0.0669, -0.4331 -0.2028 0.1969, -0.4331 -0.1914 0.2191, -0.4331 -0.1837 0.2231, -0.4331 -0.1752 0.2244, -0.4331 -0.2014 0.2054, -0.4331 -0.1975 0.213, -0.4331 -0.1319 0.2244, -0.4331 -0.1096 0.213, -0.4331 -0.1057 0.2054, -0.4331 -0.1043 0.1969, -0.4331 -0.1234 0.2231, -0.4331 -0.1157 0.2191, -0.4331 -0.1043 0.0669, -0.4331 -0.2185 0.0669, -0.4331 -0.2185 0.1969, -0.4331 -0.2058 0.2275, -0.4331 -0.1969 0.2344, -0.4331 -0.1864 0.2387, -0.4331 -0.1752 0.2402, -0.4331 -0.1319 0.2402, -0.4331 -0.1207 0.2387, -0.4331 -0.1102 0.2344, -0.4331 -0.0886 0.1969, -0.4331 -0.0901 0.2081, -0.4331 -0.0944 0.2185, -0.4331 -0.1013 0.2275, -0.4331 -0.0886 0.0669, -0.4331 -0.217 0.2081, -0.4331 -0.2127 0.2185, -0.4331 0.1043 0.1969, -0.4331 0.0886 0.0669, -0.4331 0.0886 0.1969, -0.4331 0.1157 0.2191, -0.4331 0.1096 0.213, -0.4331 0.1013 0.2275, -0.4331 0.1102 0.2344, -0.4331 0.1207 0.2387, -0.4331 0.1234 0.2231, -0.4331 0.1319 0.2402, -0.4331 0.1319 0.2244, -0.4331 0.1752 0.2402, -0.4331 0.1752 0.2244, -0.4331 0.1864 0.2387, -0.4331 0.1969 0.2344, -0.4331 0.1837 0.2231, -0.4331 0.2185 0.1969, -0.4331 0.2028 0.1969, -0.4331 0.217 0.2081, -0.4331 0.2127 0.2185, -0.4331 0.2014 0.2054, -0.4331 0.1975 0.213, -0.4331 0.2058 0.2275, -0.4331 0.1914 0.2191, -0.4331 0.2028 0.0669, -0.4331 0.2185 0.0669, -0.4331 0.1057 0.2054, -0.4331 0.0901 0.2081, -0.4331 0.0944 0.2185, -0.4331 0.1043 0.0669, -0.5118 -0.1043 0.0669, -0.5118 -0.0886 0.0669, -0.5118 -0.0886 0.1969, -0.5118 -0.1914 0.2191, -0.5118 -0.2058 0.2275, -0.5118 -0.1975 0.213, -0.5118 -0.1837 0.2231, -0.5118 -0.1864 0.2387, -0.5118 -0.1969 0.2344, -0.5118 -0.1752 0.2244, -0.5118 -0.1752 0.2402, -0.5118 -0.1234 0.2231, -0.5118 -0.1102 0.2344, -0.5118 -0.1207 0.2387, -0.5118 -0.1157 0.2191, -0.5118 -0.1013 0.2275, -0.5118 -0.0901 0.2081, -0.5118 -0.1043 0.1969, -0.5118 -0.0944 0.2185, -0.5118 -0.1057 0.2054, -0.5118 -0.1096 0.213, -0.5118 -0.1319 0.2402, -0.5118 -0.1319 0.2244, -0.5118 -0.2028 0.0669, -0.5118 -0.2028 0.1969, -0.5118 -0.2185 0.0669, -0.5118 -0.2014 0.2054, -0.5118 -0.2127 0.2185, -0.5118 -0.217 0.2081, -0.5118 -0.2185 0.1969, -0.5118 0.2028 0.0669, -0.5118 0.2185 0.0669, -0.5118 0.2185 0.1969, -0.5118 0.1157 0.2191, -0.5118 0.1013 0.2275, -0.5118 0.1096 0.213, -0.5118 0.1234 0.2231, -0.5118 0.1207 0.2387, -0.5118 0.1102 0.2344, -0.5118 0.1319 0.2244, -0.5118 0.1319 0.2402, -0.5118 0.1837 0.2231, -0.5118 0.1969 0.2344, -0.5118 0.1864 0.2387, -0.5118 0.1914 0.2191, -0.5118 0.2058 0.2275, -0.5118 0.217 0.2081, -0.5118 0.2028 0.1969, -0.5118 0.2127 0.2185, -0.5118 0.2014 0.2054, -0.5118 0.1975 0.213, -0.5118 0.1752 0.2402, -0.5118 0.1752 0.2244, -0.5118 0.1043 0.0669, -0.5118 0.1043 0.1969, -0.5118 0.0886 0.0669, -0.5118 0.1057 0.2054, -0.5118 0.0944 0.2185, -0.5118 0.0901 0.2081, -0.5118 0.0886 0.1969, -0.5906 -0.2028 0.0669, -0.5906 -0.2028 0.1969, -0.5906 -0.1914 0.2191, -0.5906 -0.1837 0.2231, -0.5906 -0.1752 0.2244, -0.5906 -0.2014 0.2054, -0.5906 -0.1975 0.213, -0.5906 -0.1319 0.2244, -0.5906 -0.1096 0.213, -0.5906 -0.1057 0.2054, -0.5906 -0.1043 0.1969, -0.5906 -0.1234 0.2231, -0.5906 -0.1157 0.2191, -0.5906 -0.1043 0.0669, -0.5906 -0.2185 0.0669, -0.5906 -0.2185 0.1969, -0.5906 -0.2058 0.2275, -0.5906 -0.1969 0.2344, -0.5906 -0.1864 0.2387, -0.5906 -0.1752 0.2402, -0.5906 -0.1319 0.2402, -0.5906 -0.1207 0.2387, -0.5906 -0.1102 0.2344, -0.5906 -0.0886 0.1969, -0.5906 -0.0901 0.2081, -0.5906 -0.0944 0.2185, -0.5906 -0.1013 0.2275, -0.5906 -0.0886 0.0669, -0.5906 -0.217 0.2081, -0.5906 -0.2127 0.2185, -0.5906 0.1043 0.1969, -0.5906 0.0886 0.0669, -0.5906 0.0886 0.1969, -0.5906 0.1157 0.2191, -0.5906 0.1096 0.213, -0.5906 0.1013 0.2275, -0.5906 0.1102 0.2344, -0.5906 0.1207 0.2387, -0.5906 0.1234 0.2231, -0.5906 0.1319 0.2402, -0.5906 0.1319 0.2244, -0.5906 0.1752 0.2402, -0.5906 0.1752 0.2244, -0.5906 0.1864 0.2387, -0.5906 0.1969 0.2344, -0.5906 0.1837 0.2231, -0.5906 0.2185 0.1969, -0.5906 0.2028 0.1969, -0.5906 0.217 0.2081, -0.5906 0.2127 0.2185, -0.5906 0.2014 0.2054, -0.5906 0.1975 0.213, -0.5906 0.2058 0.2275, -0.5906 0.1914 0.2191, -0.5906 0.2028 0.0669, -0.5906 0.2185 0.0669, -0.5906 0.1057 0.2054, -0.5906 0.0901 0.2081, -0.5906 0.0944 0.2185, -0.5906 0.1043 0.0669, -0.6693 -0.1043 0.0669, -0.6693 -0.0886 0.0669, -0.6693 -0.0886 0.1969, -0.6693 -0.1914 0.2191, -0.6693 -0.2058 0.2275, -0.6693 -0.1975 0.213, -0.6693 -0.1837 0.2231, -0.6693 -0.1864 0.2387, -0.6693 -0.1969 0.2344, -0.6693 -0.1752 0.2244, -0.6693 -0.1752 0.2402, -0.6693 -0.1234 0.2231, -0.6693 -0.1102 0.2344, -0.6693 -0.1207 0.2387, -0.6693 -0.1157 0.2191, -0.6693 -0.1013 0.2275, -0.6693 -0.0901 0.2081, -0.6693 -0.1043 0.1969, -0.6693 -0.0944 0.2185, -0.6693 -0.1057 0.2054, -0.6693 -0.1096 0.213, -0.6693 -0.1319 0.2402, -0.6693 -0.1319 0.2244, -0.6693 -0.2028 0.0669, -0.6693 -0.2028 0.1969, -0.6693 -0.2185 0.0669, -0.6693 -0.2014 0.2054, -0.6693 -0.2127 0.2185, -0.6693 -0.217 0.2081, -0.6693 -0.2185 0.1969, -0.6693 0.2028 0.0669, -0.6693 0.2185 0.0669, -0.6693 0.2185 0.1969, -0.6693 0.1157 0.2191, -0.6693 0.1013 0.2275, -0.6693 0.1096 0.213, -0.6693 0.1234 0.2231, -0.6693 0.1207 0.2387, -0.6693 0.1102 0.2344, -0.6693 0.1319 0.2244, -0.6693 0.1319 0.2402, -0.6693 0.1837 0.2231, -0.6693 0.1969 0.2344, -0.6693 0.1864 0.2387, -0.6693 0.1914 0.2191, -0.6693 0.2058 0.2275, -0.6693 0.217 0.2081, -0.6693 0.2028 0.1969, -0.6693 0.2127 0.2185, -0.6693 0.2014 0.2054, -0.6693 0.1975 0.213, -0.6693 0.1752 0.2402, -0.6693 0.1752 0.2244, -0.6693 0.1043 0.0669, -0.6693 0.1043 0.1969, -0.6693 0.0886 0.0669, -0.6693 0.1057 0.2054, -0.6693 0.0944 0.2185, -0.6693 0.0901 0.2081, -0.6693 0.0886 0.1969, -0.748 -0.2028 0.0669, -0.748 -0.2028 0.1969, -0.748 -0.1914 0.2191, -0.748 -0.1837 0.2231, -0.748 -0.1752 0.2244, -0.748 -0.2014 0.2054, -0.748 -0.1975 0.213, -0.748 -0.1319 0.2244, -0.748 -0.1096 0.213, -0.748 -0.1057 0.2054, -0.748 -0.1043 0.1969, -0.748 -0.1234 0.2231, -0.748 -0.1157 0.2191, -0.748 -0.1043 0.0669, -0.748 -0.2185 0.0669, -0.748 -0.2185 0.1969, -0.748 -0.2058 0.2275, -0.748 -0.1969 0.2344, -0.748 -0.1864 0.2387, -0.748 -0.1752 0.2402, -0.748 -0.1319 0.2402, -0.748 -0.1207 0.2387, -0.748 -0.1102 0.2344, -0.748 -0.0886 0.1969, -0.748 -0.0901 0.2081, -0.748 -0.0944 0.2185, -0.748 -0.1013 0.2275, -0.748 -0.0886 0.0669, -0.748 -0.217 0.2081, -0.748 -0.2127 0.2185, -0.748 0.1043 0.1969, -0.748 0.0886 0.0669, -0.748 0.0886 0.1969, -0.748 0.1157 0.2191, -0.748 0.1096 0.213, -0.748 0.1013 0.2275, -0.748 0.1102 0.2344, -0.748 0.1207 0.2387, -0.748 0.1234 0.2231, -0.748 0.1319 0.2402, -0.748 0.1319 0.2244, -0.748 0.1752 0.2402, -0.748 0.1752 0.2244, -0.748 0.1864 0.2387, -0.748 0.1969 0.2344, -0.748 0.1837 0.2231, -0.748 0.2185 0.1969, -0.748 0.2028 0.1969, -0.748 0.217 0.2081, -0.748 0.2127 0.2185, -0.748 0.2014 0.2054, -0.748 0.1975 0.213, -0.748 0.2058 0.2275, -0.748 0.1914 0.2191, -0.748 0.2028 0.0669, -0.748 0.2185 0.0669, -0.748 0.1057 0.2054, -0.748 0.0901 0.2081, -0.748 0.0944 0.2185, -0.748 0.1043 0.0669, -0.8268 -0.1043 0.0669, -0.8268 -0.0886 0.0669, -0.8268 -0.0886 0.1969, -0.8268 -0.1914 0.2191, -0.8268 -0.2058 0.2275, -0.8268 -0.1975 0.213, -0.8268 -0.1837 0.2231, -0.8268 -0.1864 0.2387, -0.8268 -0.1969 0.2344, -0.8268 -0.1752 0.2244, -0.8268 -0.1752 0.2402, -0.8268 -0.1234 0.2231, -0.8268 -0.1102 0.2344, -0.8268 -0.1207 0.2387, -0.8268 -0.1157 0.2191, -0.8268 -0.1013 0.2275, -0.8268 -0.0901 0.2081, -0.8268 -0.1043 0.1969, -0.8268 -0.0944 0.2185, -0.8268 -0.1057 0.2054, -0.8268 -0.1096 0.213, -0.8268 -0.1319 0.2402, -0.8268 -0.1319 0.2244, -0.8268 -0.2028 0.0669, -0.8268 -0.2028 0.1969, -0.8268 -0.2185 0.0669, -0.8268 -0.2014 0.2054, -0.8268 -0.2127 0.2185, -0.8268 -0.217 0.2081, -0.8268 -0.2185 0.1969, -0.8268 0.2028 0.0669, -0.8268 0.2185 0.0669, -0.8268 0.2185 0.1969, -0.8268 0.1157 0.2191, -0.8268 0.1013 0.2275, -0.8268 0.1096 0.213, -0.8268 0.1234 0.2231, -0.8268 0.1207 0.2387, -0.8268 0.1102 0.2344, -0.8268 0.1319 0.2244, -0.8268 0.1319 0.2402, -0.8268 0.1837 0.2231, -0.8268 0.1969 0.2344, -0.8268 0.1864 0.2387, -0.8268 0.1914 0.2191, -0.8268 0.2058 0.2275, -0.8268 0.217 0.2081, -0.8268 0.2028 0.1969, -0.8268 0.2127 0.2185, -0.8268 0.2014 0.2054, -0.8268 0.1975 0.213, -0.8268 0.1752 0.2402, -0.8268 0.1752 0.2244, -0.8268 0.1043 0.0669, -0.8268 0.1043 0.1969, -0.8268 0.0886 0.0669, -0.8268 0.1057 0.2054, -0.8268 0.0944 0.2185, -0.8268 0.0901 0.2081, -0.8268 0.0886 0.1969, -0.9055 -0.2028 0.0669, -0.9055 -0.2028 0.1969, -0.9055 -0.1914 0.2191, -0.9055 -0.1837 0.2231, -0.9055 -0.1752 0.2244, -0.9055 -0.2014 0.2054, -0.9055 -0.1975 0.213, -0.9055 -0.1319 0.2244, -0.9055 -0.1096 0.213, -0.9055 -0.1057 0.2054, -0.9055 -0.1043 0.1969, -0.9055 -0.1234 0.2231, -0.9055 -0.1157 0.2191, -0.9055 -0.1043 0.0669, -0.9055 -0.2185 0.0669, -0.9055 -0.2185 0.1969, -0.9055 -0.2058 0.2275, -0.9055 -0.1969 0.2344, -0.9055 -0.1864 0.2387, -0.9055 -0.1752 0.2402, -0.9055 -0.1319 0.2402, -0.9055 -0.1207 0.2387, -0.9055 -0.1102 0.2344, -0.9055 -0.0886 0.1969, -0.9055 -0.0901 0.2081, -0.9055 -0.0944 0.2185, -0.9055 -0.1013 0.2275, -0.9055 -0.0886 0.0669, -0.9055 -0.217 0.2081, -0.9055 -0.2127 0.2185, -0.9055 0.1043 0.1969, -0.9055 0.0886 0.0669, -0.9055 0.0886 0.1969, -0.9055 0.1157 0.2191, -0.9055 0.1096 0.213, -0.9055 0.1013 0.2275, -0.9055 0.1102 0.2344, -0.9055 0.1207 0.2387, -0.9055 0.1234 0.2231, -0.9055 0.1319 0.2402, -0.9055 0.1319 0.2244, -0.9055 0.1752 0.2402, -0.9055 0.1752 0.2244, -0.9055 0.1864 0.2387, -0.9055 0.1969 0.2344, -0.9055 0.1837 0.2231, -0.9055 0.2185 0.1969, -0.9055 0.2028 0.1969, -0.9055 0.217 0.2081, -0.9055 0.2127 0.2185, -0.9055 0.2014 0.2054, -0.9055 0.1975 0.213, -0.9055 0.2058 0.2275, -0.9055 0.1914 0.2191, -0.9055 0.2028 0.0669, -0.9055 0.2185 0.0669, -0.9055 0.1057 0.2054, -0.9055 0.0901 0.2081, -0.9055 0.0944 0.2185, -0.9055 0.1043 0.0669, 0.8957 -0.4075 0.0, 0.8957 -0.1398 0.0, 0.8957 -0.2815 0.0079, 0.8957 -0.4075 0.0197, 0.8957 -0.1398 0.0079, 0.8957 -0.2815 0.0197, 0.8366 -0.1398 0.0, 0.8366 -0.1398 0.0079, 0.8366 -0.4075 0.0197, 0.8366 -0.2815 0.0197, 0.8366 -0.2815 0.0079, 0.8366 -0.4075 0.0, 0.8957 0.4075 0.0197, 0.8366 0.2815 0.0197, 0.8957 0.2815 0.0197, 0.8366 0.4075 0.0197, 0.8366 0.1398 0.0, 0.8366 0.4075 0.0, 0.8957 0.4075 0.0, 0.8957 0.1398 0.0, 0.8366 0.1398 0.0079, 0.8957 0.1398 0.0079, 0.8957 0.2815 0.0079, 0.8366 0.2815 0.0079, 0.7382 -0.2815 0.0079, 0.7382 -0.2815 0.0197, 0.7382 -0.4075 0.0197, 0.7382 -0.1398 0.0, 0.7382 -0.1398 0.0079, 0.7382 -0.4075 0.0, 0.7382 0.4075 0.0197, 0.6791 0.4075 0.0197, 0.6791 0.2815 0.0197, 0.7382 0.2815 0.0197, 0.6791 -0.4075 0.0197, 0.6791 -0.2815 0.0197, 0.6791 0.2815 0.0079, 0.6791 0.1398 0.0, 0.6791 0.1398 0.0079, 0.6791 0.4075 0.0, 0.7382 0.1398 0.0, 0.7382 0.1398 0.0079, 0.7382 0.4075 0.0, 0.7382 0.2815 0.0079, 0.6791 -0.4075 0.0, 0.6791 -0.1398 0.0, 0.6791 -0.1398 0.0079, 0.6791 -0.2815 0.0079, 0.5807 -0.2815 0.0079, 0.5807 -0.2815 0.0197, 0.5807 -0.4075 0.0197, 0.5807 -0.1398 0.0, 0.5807 -0.1398 0.0079, 0.5807 -0.4075 0.0, 0.5807 0.4075 0.0197, 0.5217 0.4075 0.0197, 0.5217 0.2815 0.0197, 0.5807 0.2815 0.0197, 0.5217 -0.4075 0.0197, 0.5217 -0.2815 0.0197, 0.5217 0.2815 0.0079, 0.5217 0.1398 0.0, 0.5217 0.1398 0.0079, 0.5217 0.4075 0.0, 0.5807 0.1398 0.0, 0.5807 0.1398 0.0079, 0.5807 0.4075 0.0, 0.5807 0.2815 0.0079, 0.5217 -0.4075 0.0, 0.5217 -0.1398 0.0, 0.5217 -0.1398 0.0079, 0.5217 -0.2815 0.0079, 0.4232 -0.2815 0.0079, 0.4232 -0.2815 0.0197, 0.4232 -0.4075 0.0197, 0.4232 -0.1398 0.0, 0.4232 -0.1398 0.0079, 0.4232 -0.4075 0.0, 0.4232 0.4075 0.0197, 0.3642 0.4075 0.0197, 0.3642 0.2815 0.0197, 0.4232 0.2815 0.0197, 0.3642 -0.4075 0.0197, 0.3642 -0.2815 0.0197, 0.3642 0.2815 0.0079, 0.3642 0.1398 0.0, 0.3642 0.1398 0.0079, 0.3642 0.4075 0.0, 0.4232 0.1398 0.0, 0.4232 0.1398 0.0079, 0.4232 0.4075 0.0, 0.4232 0.2815 0.0079, 0.3642 -0.4075 0.0, 0.3642 -0.1398 0.0, 0.3642 -0.1398 0.0079, 0.3642 -0.2815 0.0079, 0.2657 -0.2815 0.0079, 0.2657 -0.2815 0.0197, 0.2657 -0.4075 0.0197, 0.2657 -0.1398 0.0, 0.2657 -0.1398 0.0079, 0.2657 -0.4075 0.0, 0.2657 0.4075 0.0197, 0.2067 0.4075 0.0197, 0.2067 0.2815 0.0197, 0.2657 0.2815 0.0197, 0.2067 -0.4075 0.0197, 0.2067 -0.2815 0.0197, 0.2067 0.2815 0.0079, 0.2067 0.1398 0.0, 0.2067 0.1398 0.0079, 0.2067 0.4075 0.0, 0.2657 0.1398 0.0, 0.2657 0.1398 0.0079, 0.2657 0.4075 0.0, 0.2657 0.2815 0.0079, 0.2067 -0.4075 0.0, 0.2067 -0.1398 0.0, 0.2067 -0.1398 0.0079, 0.2067 -0.2815 0.0079, 0.1083 -0.2815 0.0079, 0.1083 -0.2815 0.0197, 0.1083 -0.4075 0.0197, 0.1083 -0.1398 0.0, 0.1083 -0.1398 0.0079, 0.1083 -0.4075 0.0, 0.1083 0.4075 0.0197, 0.0492 0.4075 0.0197, 0.0492 0.2815 0.0197, 0.1083 0.2815 0.0197, 0.0492 -0.4075 0.0197, 0.0492 -0.2815 0.0197, 0.0492 0.2815 0.0079, 0.0492 0.1398 0.0, 0.0492 0.1398 0.0079, 0.0492 0.4075 0.0, 0.1083 0.1398 0.0, 0.1083 0.1398 0.0079, 0.1083 0.4075 0.0, 0.1083 0.2815 0.0079, 0.0492 -0.4075 0.0, 0.0492 -0.1398 0.0, 0.0492 -0.1398 0.0079, 0.0492 -0.2815 0.0079, -0.0492 -0.2815 0.0079, -0.0492 -0.2815 0.0197, -0.0492 -0.4075 0.0197, -0.0492 -0.1398 0.0, -0.0492 -0.1398 0.0079, -0.0492 -0.4075 0.0, -0.0492 0.4075 0.0197, -0.1083 0.4075 0.0197, -0.1083 0.2815 0.0197, -0.0492 0.2815 0.0197, -0.1083 -0.4075 0.0197, -0.1083 -0.2815 0.0197, -0.1083 0.2815 0.0079, -0.1083 0.1398 0.0, -0.1083 0.1398 0.0079, -0.1083 0.4075 0.0, -0.0492 0.1398 0.0, -0.0492 0.1398 0.0079, -0.0492 0.4075 0.0, -0.0492 0.2815 0.0079, -0.1083 -0.4075 0.0, -0.1083 -0.1398 0.0, -0.1083 -0.1398 0.0079, -0.1083 -0.2815 0.0079, -0.2067 -0.2815 0.0079, -0.2067 -0.2815 0.0197, -0.2067 -0.4075 0.0197, -0.2067 -0.1398 0.0, -0.2067 -0.1398 0.0079, -0.2067 -0.4075 0.0, -0.2067 0.4075 0.0197, -0.2657 0.4075 0.0197, -0.2657 0.2815 0.0197, -0.2067 0.2815 0.0197, -0.2657 -0.4075 0.0197, -0.2657 -0.2815 0.0197, -0.2657 0.2815 0.0079, -0.2657 0.1398 0.0, -0.2657 0.1398 0.0079, -0.2657 0.4075 0.0, -0.2067 0.1398 0.0, -0.2067 0.1398 0.0079, -0.2067 0.4075 0.0, -0.2067 0.2815 0.0079, -0.2657 -0.4075 0.0, -0.2657 -0.1398 0.0, -0.2657 -0.1398 0.0079, -0.2657 -0.2815 0.0079, -0.3642 -0.2815 0.0079, -0.3642 -0.2815 0.0197, -0.3642 -0.4075 0.0197, -0.3642 -0.1398 0.0, -0.3642 -0.1398 0.0079, -0.3642 -0.4075 0.0, -0.3642 0.4075 0.0197, -0.4232 0.4075 0.0197, -0.4232 0.2815 0.0197, -0.3642 0.2815 0.0197, -0.4232 -0.4075 0.0197, -0.4232 -0.2815 0.0197, -0.4232 0.2815 0.0079, -0.4232 0.1398 0.0, -0.4232 0.1398 0.0079, -0.4232 0.4075 0.0, -0.3642 0.1398 0.0, -0.3642 0.1398 0.0079, -0.3642 0.4075 0.0, -0.3642 0.2815 0.0079, -0.4232 -0.4075 0.0, -0.4232 -0.1398 0.0, -0.4232 -0.1398 0.0079, -0.4232 -0.2815 0.0079, -0.5217 -0.2815 0.0079, -0.5217 -0.2815 0.0197, -0.5217 -0.4075 0.0197, -0.5217 -0.1398 0.0, -0.5217 -0.1398 0.0079, -0.5217 -0.4075 0.0, -0.5217 0.4075 0.0197, -0.5807 0.4075 0.0197, -0.5807 0.2815 0.0197, -0.5217 0.2815 0.0197, -0.5807 -0.4075 0.0197, -0.5807 -0.2815 0.0197, -0.5807 0.2815 0.0079, -0.5807 0.1398 0.0, -0.5807 0.1398 0.0079, -0.5807 0.4075 0.0, -0.5217 0.1398 0.0, -0.5217 0.1398 0.0079, -0.5217 0.4075 0.0, -0.5217 0.2815 0.0079, -0.5807 -0.4075 0.0, -0.5807 -0.1398 0.0, -0.5807 -0.1398 0.0079, -0.5807 -0.2815 0.0079, -0.7382 -0.2815 0.0079, -0.7382 -0.1398 0.0079
            ]
        }
        coordIndex [
            0,1,2,-1,1,0,3,-1,4,5,0,-1,5,4,6,-1,0,5,3,-1,5,6,7,-1,6,8,9,-1,9,7,6,-1,10,11,12,-1,10,13,11,-1,14,9,8,-1,2,1,14,-1,8,15,14,-1,2,14,15,-1,16,17,18,-1,19,20,16,-1,18,21,16,-1,19,16,21,-1,22,18,17,-1,17,23,22,-1,24,25,26,-1,24,27,25,-1,21,22,28,-1,22,21,18,-1,19,21,28,-1,19,28,29,-1,30,31,32,-1,31,30,33,-1,29,20,19,-1,20,29,34,-1,28,35,29,-1,35,28,22,-1,29,35,34,-1,35,22,23,-1,36,25,27,-1,30,37,36,-1,27,33,36,-1,30,36,33,-1,38,39,40,-1,39,38,10,-1,40,39,41,-1,39,10,12,-1,42,10,38,-1,10,42,13,-1,2,15,4,-1,2,4,0,-1,43,38,40,-1,38,43,42,-1,15,6,4,-1,6,15,8,-1,44,11,13,-1,43,45,44,-1,13,42,44,-1,43,44,42,-1,40,41,45,-1,40,45,43,-1,46,47,48,-1,49,50,51,-1,51,52,53,-1,54,55,56,-1,50,49,57,-1,57,58,59,-1,58,57,49,-1,60,61,62,-1,63,64,65,-1,66,63,67,-1,68,69,46,-1,69,70,65,-1,48,68,46,-1,48,47,71,-1,48,71,72,-1,65,70,63,-1,69,68,70,-1,66,64,63,-1,60,66,67,-1,60,67,61,-1,62,61,59,-1,52,51,50,-1,62,59,58,-1,52,73,53,-1,56,55,73,-1,53,73,55,-1,74,54,75,-1,54,56,75,-1,76,77,78,-1,79,80,81,-1,79,82,83,-1,84,80,85,-1,79,85,80,-1,86,87,88,-1,89,84,85,-1,87,86,90,-1,91,92,88,-1,88,87,91,-1,93,94,95,-1,96,90,97,-1,78,98,99,-1,90,86,97,-1,92,99,98,-1,92,91,99,-1,98,78,77,-1,76,100,101,-1,77,76,101,-1,101,100,89,-1,79,81,82,-1,100,84,89,-1,83,82,94,-1,83,94,93,-1,93,95,102,-1,95,103,102,-1,104,102,105,-1,102,103,105,-1,106,56,107,-1,56,106,75,-1,108,109,110,-1,109,111,112,-1,113,114,115,-1,116,117,118,-1,108,117,116,-1,118,119,120,-1,120,116,118,-1,121,122,123,-1,124,125,126,-1,127,128,129,-1,129,130,126,-1,113,115,131,-1,115,128,131,-1,113,132,114,-1,113,133,132,-1,129,126,127,-1,128,127,131,-1,124,126,130,-1,121,125,124,-1,121,123,125,-1,122,119,123,-1,110,117,108,-1,122,120,119,-1,110,109,112,-1,107,111,134,-1,111,107,112,-1,107,134,106,-1,106,134,135,-1,136,137,138,-1,139,140,141,-1,139,142,143,-1,142,139,144,-1,145,143,146,-1,142,146,143,-1,147,148,149,-1,150,149,151,-1,137,152,153,-1,154,153,155,-1,152,155,153,-1,156,154,155,-1,157,158,145,-1,159,160,161,-1,162,163,164,-1,137,136,152,-1,156,150,151,-1,156,151,154,-1,150,147,149,-1,148,158,157,-1,147,158,148,-1,146,157,145,-1,139,141,144,-1,140,164,141,-1,140,162,164,-1,162,161,163,-1,160,165,161,-1,163,161,165,-1,134,54,74,-1,134,74,135,-1,108,51,53,-1,55,109,53,-1,108,53,109,-1,55,54,111,-1,111,109,55,-1,54,134,111,-1,116,51,108,-1,116,120,49,-1,49,51,116,-1,58,120,122,-1,120,58,49,-1,58,122,62,-1,62,122,121,-1,62,121,60,-1,129,65,64,-1,66,130,64,-1,129,64,130,-1,66,60,124,-1,124,130,66,-1,60,121,124,-1,128,65,129,-1,128,115,69,-1,69,65,128,-1,46,115,114,-1,115,46,69,-1,46,114,47,-1,132,47,114,-1,47,132,71,-1,113,48,72,-1,113,72,133,-1,126,67,63,-1,61,125,123,-1,68,113,131,-1,131,127,70,-1,70,127,63,-1,68,48,113,-1,68,131,70,-1,126,125,67,-1,127,126,63,-1,61,67,125,-1,61,123,119,-1,61,119,59,-1,110,73,52,-1,56,112,107,-1,57,119,118,-1,118,117,50,-1,50,117,52,-1,57,59,119,-1,57,118,50,-1,110,112,73,-1,117,110,52,-1,56,73,112,-1,161,102,104,-1,161,104,159,-1,139,85,79,-1,89,143,145,-1,93,161,162,-1,162,140,83,-1,83,140,79,-1,93,102,161,-1,93,162,83,-1,139,143,85,-1,140,139,79,-1,89,85,143,-1,89,145,158,-1,89,158,101,-1,156,88,92,-1,86,155,152,-1,77,158,147,-1,147,150,98,-1,98,150,92,-1,77,101,158,-1,77,147,98,-1,156,155,88,-1,150,156,92,-1,86,88,155,-1,136,86,152,-1,86,136,97,-1,137,90,96,-1,137,96,138,-1,151,99,91,-1,87,154,91,-1,151,91,154,-1,87,90,153,-1,153,154,87,-1,90,137,153,-1,149,99,151,-1,149,148,78,-1,78,99,149,-1,76,148,157,-1,148,76,78,-1,76,157,100,-1,100,157,146,-1,100,146,84,-1,141,82,81,-1,80,144,81,-1,141,81,144,-1,80,84,142,-1,142,144,80,-1,84,146,142,-1,164,82,141,-1,164,163,94,-1,94,82,164,-1,95,163,165,-1,163,95,94,-1,95,165,103,-1,160,103,165,-1,103,160,105,-1,166,167,168,-1,169,170,171,-1,169,172,173,-1,173,174,169,-1,175,176,172,-1,173,172,176,-1,177,178,179,-1,180,181,178,-1,168,182,183,-1,184,185,182,-1,183,182,185,-1,186,185,184,-1,187,175,188,-1,189,190,191,-1,192,193,194,-1,168,183,166,-1,186,181,180,-1,186,184,181,-1,180,178,177,-1,179,187,188,-1,177,179,188,-1,176,175,187,-1,169,174,170,-1,171,170,193,-1,171,193,192,-1,192,194,190,-1,191,190,195,-1,194,195,190,-1,196,197,198,-1,199,200,201,-1,199,202,203,-1,203,204,199,-1,205,206,202,-1,203,202,206,-1,207,208,209,-1,210,211,208,-1,198,212,213,-1,214,215,212,-1,213,212,215,-1,216,215,214,-1,217,205,218,-1,219,220,221,-1,222,223,224,-1,198,213,196,-1,216,211,210,-1,216,214,211,-1,210,208,207,-1,209,217,218,-1,207,209,218,-1,206,205,217,-1,199,204,200,-1,201,200,223,-1,201,223,222,-1,222,224,220,-1,221,220,225,-1,224,225,220,-1,189,226,227,-1,189,227,190,-1,228,172,169,-1,175,229,230,-1,192,227,231,-1,231,232,171,-1,171,232,169,-1,192,190,227,-1,192,231,171,-1,228,229,172,-1,232,228,169,-1,175,172,229,-1,175,230,233,-1,175,233,188,-1,234,185,186,-1,183,235,236,-1,177,233,237,-1,237,238,180,-1,180,238,186,-1,177,188,233,-1,177,237,180,-1,234,235,185,-1,238,234,186,-1,183,185,235,-1,183,236,239,-1,183,239,166,-1,227,240,241,-1,228,232,242,-1,228,243,244,-1,229,244,245,-1,244,229,228,-1,230,246,233,-1,229,245,230,-1,247,248,237,-1,249,236,250,-1,251,250,235,-1,236,235,250,-1,234,251,235,-1,252,238,248,-1,239,249,253,-1,231,254,255,-1,249,239,236,-1,234,238,252,-1,234,252,251,-1,238,237,248,-1,247,233,246,-1,237,233,247,-1,245,246,230,-1,228,242,243,-1,232,255,242,-1,232,231,255,-1,231,227,254,-1,240,227,226,-1,254,227,241,-1,256,257,258,-1,259,260,261,-1,259,262,263,-1,264,263,265,-1,263,264,259,-1,266,267,268,-1,264,265,266,-1,269,270,271,-1,272,273,274,-1,275,274,276,-1,273,276,274,-1,277,275,276,-1,278,279,270,-1,280,272,281,-1,282,283,284,-1,272,280,273,-1,277,279,278,-1,277,278,275,-1,279,271,270,-1,269,268,267,-1,271,268,269,-1,265,267,266,-1,259,261,262,-1,260,284,261,-1,260,282,284,-1,282,256,283,-1,257,256,285,-1,283,256,258,-1,167,253,249,-1,167,249,168,-1,252,181,184,-1,182,251,184,-1,252,184,251,-1,182,168,250,-1,250,251,182,-1,168,249,250,-1,248,181,252,-1,248,247,178,-1,178,181,248,-1,179,247,246,-1,247,179,178,-1,179,246,187,-1,187,246,245,-1,187,245,176,-1,242,170,174,-1,173,243,174,-1,242,174,243,-1,173,176,244,-1,244,243,173,-1,176,245,244,-1,255,170,242,-1,255,254,193,-1,193,170,255,-1,194,254,241,-1,254,194,193,-1,194,241,195,-1,195,241,240,-1,195,240,191,-1,219,285,256,-1,219,256,220,-1,259,202,199,-1,205,264,266,-1,222,256,282,-1,282,260,201,-1,201,260,199,-1,222,220,256,-1,222,282,201,-1,259,264,202,-1,260,259,199,-1,205,202,264,-1,205,266,268,-1,205,268,218,-1,277,215,216,-1,213,276,273,-1,207,268,271,-1,271,279,210,-1,210,279,216,-1,207,218,268,-1,207,271,210,-1,277,276,215,-1,279,277,216,-1,213,215,276,-1,213,273,280,-1,213,280,196,-1,197,281,272,-1,197,272,198,-1,278,211,214,-1,212,275,214,-1,278,214,275,-1,212,198,274,-1,274,275,212,-1,198,272,274,-1,270,211,278,-1,270,269,208,-1,208,211,270,-1,209,269,267,-1,269,209,208,-1,209,267,217,-1,217,267,265,-1,217,265,206,-1,261,200,204,-1,203,262,204,-1,261,204,262,-1,203,206,263,-1,263,262,203,-1,206,265,263,-1,284,200,261,-1,284,283,223,-1,223,200,284,-1,224,283,258,-1,283,224,223,-1,224,258,225,-1,225,258,257,-1,225,257,221,-1,286,287,288,-1,289,290,291,-1,289,292,293,-1,293,294,289,-1,295,296,292,-1,293,292,296,-1,297,298,299,-1,300,301,298,-1,288,302,303,-1,304,305,302,-1,303,302,305,-1,306,305,304,-1,307,295,308,-1,309,310,311,-1,312,313,314,-1,288,303,286,-1,306,301,300,-1,306,304,301,-1,300,298,297,-1,299,307,308,-1,297,299,308,-1,296,295,307,-1,289,294,290,-1,291,290,313,-1,291,313,312,-1,312,314,310,-1,311,310,315,-1,314,315,310,-1,316,317,318,-1,319,320,321,-1,319,322,323,-1,323,324,319,-1,325,326,322,-1,323,322,326,-1,327,328,329,-1,330,331,328,-1,318,332,333,-1,334,335,332,-1,333,332,335,-1,336,335,334,-1,337,325,338,-1,339,340,341,-1,342,343,344,-1,318,333,316,-1,336,331,330,-1,336,334,331,-1,330,328,327,-1,329,337,338,-1,327,329,338,-1,326,325,337,-1,319,324,320,-1,321,320,343,-1,321,343,342,-1,342,344,340,-1,341,340,345,-1,344,345,340,-1,309,346,347,-1,309,347,310,-1,348,292,289,-1,295,349,350,-1,312,347,351,-1,351,352,291,-1,291,352,289,-1,312,310,347,-1,312,351,291,-1,348,349,292,-1,352,348,289,-1,295,292,349,-1,295,350,353,-1,295,353,308,-1,354,305,306,-1,303,355,356,-1,297,353,357,-1,357,358,300,-1,300,358,306,-1,297,308,353,-1,297,357,300,-1,354,355,305,-1,358,354,306,-1,303,305,355,-1,303,356,359,-1,303,359,286,-1,347,360,361,-1,348,352,362,-1,348,363,364,-1,349,364,365,-1,364,349,348,-1,350,366,353,-1,349,365,350,-1,367,368,357,-1,369,356,370,-1,371,370,355,-1,356,355,370,-1,354,371,355,-1,372,358,368,-1,359,369,373,-1,351,374,375,-1,369,359,356,-1,354,358,372,-1,354,372,371,-1,358,357,368,-1,367,353,366,-1,357,353,367,-1,365,366,350,-1,348,362,363,-1,352,375,362,-1,352,351,375,-1,351,347,374,-1,360,347,346,-1,374,347,361,-1,376,377,378,-1,379,380,381,-1,379,382,383,-1,384,383,385,-1,383,384,379,-1,386,387,388,-1,384,385,386,-1,389,390,391,-1,392,393,394,-1,395,394,396,-1,393,396,394,-1,397,395,396,-1,398,399,390,-1,400,392,401,-1,402,403,404,-1,392,400,393,-1,397,399,398,-1,397,398,395,-1,399,391,390,-1,389,388,387,-1,391,388,389,-1,385,387,386,-1,379,381,382,-1,380,404,381,-1,380,402,404,-1,402,376,403,-1,377,376,405,-1,403,376,378,-1,287,373,369,-1,287,369,288,-1,372,301,304,-1,302,371,304,-1,372,304,371,-1,302,288,370,-1,370,371,302,-1,288,369,370,-1,368,301,372,-1,368,367,298,-1,298,301,368,-1,299,367,366,-1,367,299,298,-1,299,366,307,-1,307,366,365,-1,307,365,296,-1,362,290,294,-1,293,363,294,-1,362,294,363,-1,293,296,364,-1,364,363,293,-1,296,365,364,-1,375,290,362,-1,375,374,313,-1,313,290,375,-1,314,374,361,-1,374,314,313,-1,314,361,315,-1,315,361,360,-1,315,360,311,-1,339,405,376,-1,339,376,340,-1,379,322,319,-1,325,384,386,-1,342,376,402,-1,402,380,321,-1,321,380,319,-1,342,340,376,-1,342,402,321,-1,379,384,322,-1,380,379,319,-1,325,322,384,-1,325,386,388,-1,325,388,338,-1,397,335,336,-1,333,396,393,-1,327,388,391,-1,391,399,330,-1,330,399,336,-1,327,338,388,-1,327,391,330,-1,397,396,335,-1,399,397,336,-1,333,335,396,-1,333,393,400,-1,333,400,316,-1,317,401,392,-1,317,392,318,-1,398,331,334,-1,332,395,334,-1,398,334,395,-1,332,318,394,-1,394,395,332,-1,318,392,394,-1,390,331,398,-1,390,389,328,-1,328,331,390,-1,329,389,387,-1,389,329,328,-1,329,387,337,-1,337,387,385,-1,337,385,326,-1,381,320,324,-1,323,382,324,-1,381,324,382,-1,323,326,383,-1,383,382,323,-1,326,385,383,-1,404,320,381,-1,404,403,343,-1,343,320,404,-1,344,403,378,-1,403,344,343,-1,344,378,345,-1,345,378,377,-1,345,377,341,-1,406,407,408,-1,409,410,411,-1,409,412,413,-1,413,414,409,-1,415,416,412,-1,413,412,416,-1,417,418,419,-1,420,421,418,-1,408,422,423,-1,424,425,422,-1,423,422,425,-1,426,425,424,-1,427,415,428,-1,429,430,431,-1,432,433,434,-1,408,423,406,-1,426,421,420,-1,426,424,421,-1,420,418,417,-1,419,427,428,-1,417,419,428,-1,416,415,427,-1,409,414,410,-1,411,410,433,-1,411,433,432,-1,432,434,430,-1,431,430,435,-1,434,435,430,-1,436,437,438,-1,439,440,441,-1,439,442,443,-1,443,444,439,-1,445,446,442,-1,443,442,446,-1,447,448,449,-1,450,451,448,-1,438,452,453,-1,454,455,452,-1,453,452,455,-1,456,455,454,-1,457,445,458,-1,459,460,461,-1,462,463,464,-1,438,453,436,-1,456,451,450,-1,456,454,451,-1,450,448,447,-1,449,457,458,-1,447,449,458,-1,446,445,457,-1,439,444,440,-1,441,440,463,-1,441,463,462,-1,462,464,460,-1,461,460,465,-1,464,465,460,-1,429,466,467,-1,429,467,430,-1,468,412,409,-1,415,469,470,-1,432,467,471,-1,471,472,411,-1,411,472,409,-1,432,430,467,-1,432,471,411,-1,468,469,412,-1,472,468,409,-1,415,412,469,-1,415,470,473,-1,415,473,428,-1,474,425,426,-1,423,475,476,-1,417,473,477,-1,477,478,420,-1,420,478,426,-1,417,428,473,-1,417,477,420,-1,474,475,425,-1,478,474,426,-1,423,425,475,-1,423,476,479,-1,423,479,406,-1,467,480,481,-1,468,472,482,-1,468,483,484,-1,469,484,485,-1,484,469,468,-1,470,486,473,-1,469,485,470,-1,487,488,477,-1,489,476,490,-1,491,490,475,-1,476,475,490,-1,474,491,475,-1,492,478,488,-1,479,489,493,-1,471,494,495,-1,489,479,476,-1,474,478,492,-1,474,492,491,-1,478,477,488,-1,487,473,486,-1,477,473,487,-1,485,486,470,-1,468,482,483,-1,472,495,482,-1,472,471,495,-1,471,467,494,-1,480,467,466,-1,494,467,481,-1,496,497,498,-1,499,500,501,-1,499,502,503,-1,504,503,505,-1,503,504,499,-1,506,507,508,-1,504,505,506,-1,509,510,511,-1,512,513,514,-1,515,514,516,-1,513,516,514,-1,517,515,516,-1,518,519,510,-1,520,512,521,-1,522,523,524,-1,512,520,513,-1,517,519,518,-1,517,518,515,-1,519,511,510,-1,509,508,507,-1,511,508,509,-1,505,507,506,-1,499,501,502,-1,500,524,501,-1,500,522,524,-1,522,496,523,-1,497,496,525,-1,523,496,498,-1,407,493,489,-1,407,489,408,-1,492,421,424,-1,422,491,424,-1,492,424,491,-1,422,408,490,-1,490,491,422,-1,408,489,490,-1,488,421,492,-1,488,487,418,-1,418,421,488,-1,419,487,486,-1,487,419,418,-1,419,486,427,-1,427,486,485,-1,427,485,416,-1,482,410,414,-1,413,483,414,-1,482,414,483,-1,413,416,484,-1,484,483,413,-1,416,485,484,-1,495,410,482,-1,495,494,433,-1,433,410,495,-1,434,494,481,-1,494,434,433,-1,434,481,435,-1,435,481,480,-1,435,480,431,-1,459,525,496,-1,459,496,460,-1,499,442,439,-1,445,504,506,-1,462,496,522,-1,522,500,441,-1,441,500,439,-1,462,460,496,-1,462,522,441,-1,499,504,442,-1,500,499,439,-1,445,442,504,-1,445,506,508,-1,445,508,458,-1,517,455,456,-1,453,516,513,-1,447,508,511,-1,511,519,450,-1,450,519,456,-1,447,458,508,-1,447,511,450,-1,517,516,455,-1,519,517,456,-1,453,455,516,-1,453,513,520,-1,453,520,436,-1,437,521,512,-1,437,512,438,-1,518,451,454,-1,452,515,454,-1,518,454,515,-1,452,438,514,-1,514,515,452,-1,438,512,514,-1,510,451,518,-1,510,509,448,-1,448,451,510,-1,449,509,507,-1,509,449,448,-1,449,507,457,-1,457,507,505,-1,457,505,446,-1,501,440,444,-1,443,502,444,-1,501,444,502,-1,443,446,503,-1,503,502,443,-1,446,505,503,-1,524,440,501,-1,524,523,463,-1,463,440,524,-1,464,523,498,-1,523,464,463,-1,464,498,465,-1,465,498,497,-1,465,497,461,-1,526,527,528,-1,529,530,531,-1,529,532,533,-1,533,534,529,-1,535,536,532,-1,533,532,536,-1,537,538,539,-1,540,541,538,-1,528,542,543,-1,544,545,542,-1,543,542,545,-1,546,545,544,-1,547,535,548,-1,549,550,551,-1,552,553,554,-1,528,543,526,-1,546,541,540,-1,546,544,541,-1,540,538,537,-1,539,547,548,-1,537,539,548,-1,536,535,547,-1,529,534,530,-1,531,530,553,-1,531,553,552,-1,552,554,550,-1,551,550,555,-1,554,555,550,-1,556,557,558,-1,559,560,561,-1,559,562,563,-1,563,564,559,-1,565,566,562,-1,563,562,566,-1,567,568,569,-1,570,571,568,-1,558,572,573,-1,574,575,572,-1,573,572,575,-1,576,575,574,-1,577,565,578,-1,579,580,581,-1,582,583,584,-1,558,573,556,-1,576,571,570,-1,576,574,571,-1,570,568,567,-1,569,577,578,-1,567,569,578,-1,566,565,577,-1,559,564,560,-1,561,560,583,-1,561,583,582,-1,582,584,580,-1,581,580,585,-1,584,585,580,-1,549,586,587,-1,549,587,550,-1,588,532,529,-1,535,589,590,-1,552,587,591,-1,591,592,531,-1,531,592,529,-1,552,550,587,-1,552,591,531,-1,588,589,532,-1,592,588,529,-1,535,532,589,-1,535,590,593,-1,535,593,548,-1,594,545,546,-1,543,595,596,-1,537,593,597,-1,597,598,540,-1,540,598,546,-1,537,548,593,-1,537,597,540,-1,594,595,545,-1,598,594,546,-1,543,545,595,-1,543,596,599,-1,543,599,526,-1,587,600,601,-1,588,592,602,-1,588,603,604,-1,589,604,605,-1,604,589,588,-1,590,606,593,-1,589,605,590,-1,607,608,597,-1,609,596,610,-1,611,610,595,-1,596,595,610,-1,594,611,595,-1,612,598,608,-1,599,609,613,-1,591,614,615,-1,609,599,596,-1,594,598,612,-1,594,612,611,-1,598,597,608,-1,607,593,606,-1,597,593,607,-1,605,606,590,-1,588,602,603,-1,592,615,602,-1,592,591,615,-1,591,587,614,-1,600,587,586,-1,614,587,601,-1,616,617,618,-1,619,620,621,-1,619,622,623,-1,624,623,625,-1,623,624,619,-1,626,627,628,-1,624,625,626,-1,629,630,631,-1,632,633,634,-1,635,634,636,-1,633,636,634,-1,637,635,636,-1,638,639,630,-1,640,632,641,-1,642,643,644,-1,632,640,633,-1,637,639,638,-1,637,638,635,-1,639,631,630,-1,629,628,627,-1,631,628,629,-1,625,627,626,-1,619,621,622,-1,620,644,621,-1,620,642,644,-1,642,616,643,-1,617,616,645,-1,643,616,618,-1,527,613,609,-1,527,609,528,-1,612,541,544,-1,542,611,544,-1,612,544,611,-1,542,528,610,-1,610,611,542,-1,528,609,610,-1,608,541,612,-1,608,607,538,-1,538,541,608,-1,539,607,606,-1,607,539,538,-1,539,606,547,-1,547,606,605,-1,547,605,536,-1,602,530,534,-1,533,603,534,-1,602,534,603,-1,533,536,604,-1,604,603,533,-1,536,605,604,-1,615,530,602,-1,615,614,553,-1,553,530,615,-1,554,614,601,-1,614,554,553,-1,554,601,555,-1,555,601,600,-1,555,600,551,-1,579,645,616,-1,579,616,580,-1,619,562,559,-1,565,624,626,-1,582,616,642,-1,642,620,561,-1,561,620,559,-1,582,580,616,-1,582,642,561,-1,619,624,562,-1,620,619,559,-1,565,562,624,-1,565,626,628,-1,565,628,578,-1,637,575,576,-1,573,636,633,-1,567,628,631,-1,631,639,570,-1,570,639,576,-1,567,578,628,-1,567,631,570,-1,637,636,575,-1,639,637,576,-1,573,575,636,-1,573,633,640,-1,573,640,556,-1,557,641,632,-1,557,632,558,-1,638,571,574,-1,572,635,574,-1,638,574,635,-1,572,558,634,-1,634,635,572,-1,558,632,634,-1,630,571,638,-1,630,629,568,-1,568,571,630,-1,569,629,627,-1,629,569,568,-1,569,627,577,-1,577,627,625,-1,577,625,566,-1,621,560,564,-1,563,622,564,-1,621,564,622,-1,563,566,623,-1,623,622,563,-1,566,625,623,-1,644,560,621,-1,644,643,583,-1,583,560,644,-1,584,643,618,-1,643,584,583,-1,584,618,585,-1,585,618,617,-1,585,617,581,-1,646,647,648,-1,649,650,651,-1,649,652,653,-1,653,654,649,-1,655,656,652,-1,653,652,656,-1,657,658,659,-1,660,661,658,-1,648,662,663,-1,664,665,662,-1,663,662,665,-1,666,665,664,-1,667,655,668,-1,669,670,671,-1,672,673,674,-1,648,663,646,-1,666,661,660,-1,666,664,661,-1,660,658,657,-1,659,667,668,-1,657,659,668,-1,656,655,667,-1,649,654,650,-1,651,650,673,-1,651,673,672,-1,672,674,670,-1,671,670,675,-1,674,675,670,-1,676,677,678,-1,679,680,681,-1,679,682,683,-1,683,684,679,-1,685,686,682,-1,683,682,686,-1,687,688,689,-1,690,691,688,-1,678,692,693,-1,694,695,692,-1,693,692,695,-1,696,695,694,-1,697,685,698,-1,699,700,701,-1,702,703,704,-1,678,693,676,-1,696,691,690,-1,696,694,691,-1,690,688,687,-1,689,697,698,-1,687,689,698,-1,686,685,697,-1,679,684,680,-1,681,680,703,-1,681,703,702,-1,702,704,700,-1,701,700,705,-1,704,705,700,-1,669,706,707,-1,669,707,670,-1,708,652,649,-1,655,709,710,-1,672,707,711,-1,711,712,651,-1,651,712,649,-1,672,670,707,-1,672,711,651,-1,708,709,652,-1,712,708,649,-1,655,652,709,-1,655,710,713,-1,655,713,668,-1,714,665,666,-1,663,715,716,-1,657,713,717,-1,717,718,660,-1,660,718,666,-1,657,668,713,-1,657,717,660,-1,714,715,665,-1,718,714,666,-1,663,665,715,-1,663,716,719,-1,663,719,646,-1,707,720,721,-1,708,712,722,-1,708,723,724,-1,709,724,725,-1,724,709,708,-1,710,726,713,-1,709,725,710,-1,727,728,717,-1,729,716,730,-1,731,730,715,-1,716,715,730,-1,714,731,715,-1,732,718,728,-1,719,729,733,-1,711,734,735,-1,729,719,716,-1,714,718,732,-1,714,732,731,-1,718,717,728,-1,727,713,726,-1,717,713,727,-1,725,726,710,-1,708,722,723,-1,712,735,722,-1,712,711,735,-1,711,707,734,-1,720,707,706,-1,734,707,721,-1,736,737,738,-1,739,740,741,-1,739,742,743,-1,744,743,745,-1,743,744,739,-1,746,747,748,-1,744,745,746,-1,749,750,751,-1,752,753,754,-1,755,754,756,-1,753,756,754,-1,757,755,756,-1,758,759,750,-1,760,752,761,-1,762,763,764,-1,752,760,753,-1,757,759,758,-1,757,758,755,-1,759,751,750,-1,749,748,747,-1,751,748,749,-1,745,747,746,-1,739,741,742,-1,740,764,741,-1,740,762,764,-1,762,736,763,-1,737,736,765,-1,763,736,738,-1,647,733,729,-1,647,729,648,-1,732,661,664,-1,662,731,664,-1,732,664,731,-1,662,648,730,-1,730,731,662,-1,648,729,730,-1,728,661,732,-1,728,727,658,-1,658,661,728,-1,659,727,726,-1,727,659,658,-1,659,726,667,-1,667,726,725,-1,667,725,656,-1,722,650,654,-1,653,723,654,-1,722,654,723,-1,653,656,724,-1,724,723,653,-1,656,725,724,-1,735,650,722,-1,735,734,673,-1,673,650,735,-1,674,734,721,-1,734,674,673,-1,674,721,675,-1,675,721,720,-1,675,720,671,-1,699,765,736,-1,699,736,700,-1,739,682,679,-1,685,744,746,-1,702,736,762,-1,762,740,681,-1,681,740,679,-1,702,700,736,-1,702,762,681,-1,739,744,682,-1,740,739,679,-1,685,682,744,-1,685,746,748,-1,685,748,698,-1,757,695,696,-1,693,756,753,-1,687,748,751,-1,751,759,690,-1,690,759,696,-1,687,698,748,-1,687,751,690,-1,757,756,695,-1,759,757,696,-1,693,695,756,-1,693,753,760,-1,693,760,676,-1,677,761,752,-1,677,752,678,-1,758,691,694,-1,692,755,694,-1,758,694,755,-1,692,678,754,-1,754,755,692,-1,678,752,754,-1,750,691,758,-1,750,749,688,-1,688,691,750,-1,689,749,747,-1,749,689,688,-1,689,747,697,-1,697,747,745,-1,697,745,686,-1,741,680,684,-1,683,742,684,-1,741,684,742,-1,683,686,743,-1,743,742,683,-1,686,745,743,-1,764,680,741,-1,764,763,703,-1,703,680,764,-1,704,763,738,-1,763,704,703,-1,704,738,705,-1,705,738,737,-1,705,737,701,-1,766,767,768,-1,769,770,771,-1,769,772,773,-1,773,774,769,-1,775,776,772,-1,773,772,776,-1,777,778,779,-1,780,781,778,-1,768,782,783,-1,784,785,782,-1,783,782,785,-1,786,785,784,-1,787,775,788,-1,789,790,791,-1,792,793,794,-1,768,783,766,-1,786,781,780,-1,786,784,781,-1,780,778,777,-1,779,787,788,-1,777,779,788,-1,776,775,787,-1,769,774,770,-1,771,770,793,-1,771,793,792,-1,792,794,790,-1,791,790,795,-1,794,795,790,-1,796,797,798,-1,799,800,801,-1,799,802,803,-1,803,804,799,-1,805,806,802,-1,803,802,806,-1,807,808,809,-1,810,811,808,-1,798,812,813,-1,814,815,812,-1,813,812,815,-1,816,815,814,-1,817,805,818,-1,819,820,821,-1,822,823,824,-1,798,813,796,-1,816,811,810,-1,816,814,811,-1,810,808,807,-1,809,817,818,-1,807,809,818,-1,806,805,817,-1,799,804,800,-1,801,800,823,-1,801,823,822,-1,822,824,820,-1,821,820,825,-1,824,825,820,-1,789,826,827,-1,789,827,790,-1,828,772,769,-1,775,829,830,-1,792,827,831,-1,831,832,771,-1,771,832,769,-1,792,790,827,-1,792,831,771,-1,828,829,772,-1,832,828,769,-1,775,772,829,-1,775,830,833,-1,775,833,788,-1,834,785,786,-1,783,835,836,-1,777,833,837,-1,837,838,780,-1,780,838,786,-1,777,788,833,-1,777,837,780,-1,834,835,785,-1,838,834,786,-1,783,785,835,-1,783,836,839,-1,783,839,766,-1,827,840,841,-1,828,832,842,-1,828,843,844,-1,829,844,845,-1,844,829,828,-1,830,846,833,-1,829,845,830,-1,847,848,837,-1,849,836,850,-1,851,850,835,-1,836,835,850,-1,834,851,835,-1,852,838,848,-1,839,849,853,-1,831,854,855,-1,849,839,836,-1,834,838,852,-1,834,852,851,-1,838,837,848,-1,847,833,846,-1,837,833,847,-1,845,846,830,-1,828,842,843,-1,832,855,842,-1,832,831,855,-1,831,827,854,-1,840,827,826,-1,854,827,841,-1,856,857,858,-1,859,860,861,-1,859,862,863,-1,864,863,865,-1,863,864,859,-1,866,867,868,-1,864,865,866,-1,869,870,871,-1,872,873,874,-1,875,874,876,-1,873,876,874,-1,877,875,876,-1,878,879,870,-1,880,872,881,-1,882,883,884,-1,872,880,873,-1,877,879,878,-1,877,878,875,-1,879,871,870,-1,869,868,867,-1,871,868,869,-1,865,867,866,-1,859,861,862,-1,860,884,861,-1,860,882,884,-1,882,856,883,-1,857,856,885,-1,883,856,858,-1,767,853,849,-1,767,849,768,-1,852,781,784,-1,782,851,784,-1,852,784,851,-1,782,768,850,-1,850,851,782,-1,768,849,850,-1,848,781,852,-1,848,847,778,-1,778,781,848,-1,779,847,846,-1,847,779,778,-1,779,846,787,-1,787,846,845,-1,787,845,776,-1,842,770,774,-1,773,843,774,-1,842,774,843,-1,773,776,844,-1,844,843,773,-1,776,845,844,-1,855,770,842,-1,855,854,793,-1,793,770,855,-1,794,854,841,-1,854,794,793,-1,794,841,795,-1,795,841,840,-1,795,840,791,-1,819,885,856,-1,819,856,820,-1,859,802,799,-1,805,864,866,-1,822,856,882,-1,882,860,801,-1,801,860,799,-1,822,820,856,-1,822,882,801,-1,859,864,802,-1,860,859,799,-1,805,802,864,-1,805,866,868,-1,805,868,818,-1,877,815,816,-1,813,876,873,-1,807,868,871,-1,871,879,810,-1,810,879,816,-1,807,818,868,-1,807,871,810,-1,877,876,815,-1,879,877,816,-1,813,815,876,-1,813,873,880,-1,813,880,796,-1,797,881,872,-1,797,872,798,-1,878,811,814,-1,812,875,814,-1,878,814,875,-1,812,798,874,-1,874,875,812,-1,798,872,874,-1,870,811,878,-1,870,869,808,-1,808,811,870,-1,809,869,867,-1,869,809,808,-1,809,867,817,-1,817,867,865,-1,817,865,806,-1,861,800,804,-1,803,862,804,-1,861,804,862,-1,803,806,863,-1,863,862,803,-1,806,865,863,-1,884,800,861,-1,884,883,823,-1,823,800,884,-1,824,883,858,-1,883,824,823,-1,824,858,825,-1,825,858,857,-1,825,857,821,-1,886,887,888,-1,889,890,891,-1,889,892,893,-1,893,894,889,-1,895,896,892,-1,893,892,896,-1,897,898,899,-1,900,901,898,-1,888,902,903,-1,904,905,902,-1,903,902,905,-1,906,905,904,-1,907,895,908,-1,909,910,911,-1,912,913,914,-1,888,903,886,-1,906,901,900,-1,906,904,901,-1,900,898,897,-1,899,907,908,-1,897,899,908,-1,896,895,907,-1,889,894,890,-1,891,890,913,-1,891,913,912,-1,912,914,910,-1,911,910,915,-1,914,915,910,-1,916,917,918,-1,919,920,921,-1,919,922,923,-1,923,924,919,-1,925,926,922,-1,923,922,926,-1,927,928,929,-1,930,931,928,-1,918,932,933,-1,934,935,932,-1,933,932,935,-1,936,935,934,-1,937,925,938,-1,939,940,941,-1,942,943,944,-1,918,933,916,-1,936,931,930,-1,936,934,931,-1,930,928,927,-1,929,937,938,-1,927,929,938,-1,926,925,937,-1,919,924,920,-1,921,920,943,-1,921,943,942,-1,942,944,940,-1,941,940,945,-1,944,945,940,-1,909,946,947,-1,909,947,910,-1,948,892,889,-1,895,949,950,-1,912,947,951,-1,951,952,891,-1,891,952,889,-1,912,910,947,-1,912,951,891,-1,948,949,892,-1,952,948,889,-1,895,892,949,-1,895,950,953,-1,895,953,908,-1,954,905,906,-1,903,955,956,-1,897,953,957,-1,957,958,900,-1,900,958,906,-1,897,908,953,-1,897,957,900,-1,954,955,905,-1,958,954,906,-1,903,905,955,-1,903,956,959,-1,903,959,886,-1,947,960,961,-1,948,952,962,-1,948,963,964,-1,949,964,965,-1,964,949,948,-1,950,966,953,-1,949,965,950,-1,967,968,957,-1,969,956,970,-1,971,970,955,-1,956,955,970,-1,954,971,955,-1,972,958,968,-1,959,969,973,-1,951,974,975,-1,969,959,956,-1,954,958,972,-1,954,972,971,-1,958,957,968,-1,967,953,966,-1,957,953,967,-1,965,966,950,-1,948,962,963,-1,952,975,962,-1,952,951,975,-1,951,947,974,-1,960,947,946,-1,974,947,961,-1,976,977,978,-1,979,980,981,-1,979,982,983,-1,984,983,985,-1,983,984,979,-1,986,987,988,-1,984,985,986,-1,989,990,991,-1,992,993,994,-1,995,994,996,-1,993,996,994,-1,997,995,996,-1,998,999,990,-1,1000,992,1001,-1,1002,1003,1004,-1,992,1000,993,-1,997,999,998,-1,997,998,995,-1,999,991,990,-1,989,988,987,-1,991,988,989,-1,985,987,986,-1,979,981,982,-1,980,1004,981,-1,980,1002,1004,-1,1002,976,1003,-1,977,976,1005,-1,1003,976,978,-1,887,973,969,-1,887,969,888,-1,972,901,904,-1,902,971,904,-1,972,904,971,-1,902,888,970,-1,970,971,902,-1,888,969,970,-1,968,901,972,-1,968,967,898,-1,898,901,968,-1,899,967,966,-1,967,899,898,-1,899,966,907,-1,907,966,965,-1,907,965,896,-1,962,890,894,-1,893,963,894,-1,962,894,963,-1,893,896,964,-1,964,963,893,-1,896,965,964,-1,975,890,962,-1,975,974,913,-1,913,890,975,-1,914,974,961,-1,974,914,913,-1,914,961,915,-1,915,961,960,-1,915,960,911,-1,939,1005,976,-1,939,976,940,-1,979,922,919,-1,925,984,986,-1,942,976,1002,-1,1002,980,921,-1,921,980,919,-1,942,940,976,-1,942,1002,921,-1,979,984,922,-1,980,979,919,-1,925,922,984,-1,925,986,988,-1,925,988,938,-1,997,935,936,-1,933,996,993,-1,927,988,991,-1,991,999,930,-1,930,999,936,-1,927,938,988,-1,927,991,930,-1,997,996,935,-1,999,997,936,-1,933,935,996,-1,933,993,1000,-1,933,1000,916,-1,917,1001,992,-1,917,992,918,-1,998,931,934,-1,932,995,934,-1,998,934,995,-1,932,918,994,-1,994,995,932,-1,918,992,994,-1,990,931,998,-1,990,989,928,-1,928,931,990,-1,929,989,987,-1,989,929,928,-1,929,987,937,-1,937,987,985,-1,937,985,926,-1,981,920,924,-1,923,982,924,-1,981,924,982,-1,923,926,983,-1,983,982,923,-1,926,985,983,-1,1004,920,981,-1,1004,1003,943,-1,943,920,1004,-1,944,1003,978,-1,1003,944,943,-1,944,978,945,-1,945,978,977,-1,945,977,941,-1,1006,1007,1008,-1,1009,1010,1011,-1,1009,1012,1013,-1,1013,1014,1009,-1,1015,1016,1012,-1,1013,1012,1016,-1,1017,1018,1019,-1,1020,1021,1018,-1,1008,1022,1023,-1,1024,1025,1022,-1,1023,1022,1025,-1,1026,1025,1024,-1,1027,1015,1028,-1,1029,1030,1031,-1,1032,1033,1034,-1,1008,1023,1006,-1,1026,1021,1020,-1,1026,1024,1021,-1,1020,1018,1017,-1,1019,1027,1028,-1,1017,1019,1028,-1,1016,1015,1027,-1,1009,1014,1010,-1,1011,1010,1033,-1,1011,1033,1032,-1,1032,1034,1030,-1,1031,1030,1035,-1,1034,1035,1030,-1,1036,1037,1038,-1,1039,1040,1041,-1,1039,1042,1043,-1,1043,1044,1039,-1,1045,1046,1042,-1,1043,1042,1046,-1,1047,1048,1049,-1,1050,1051,1048,-1,1038,1052,1053,-1,1054,1055,1052,-1,1053,1052,1055,-1,1056,1055,1054,-1,1057,1045,1058,-1,1059,1060,1061,-1,1062,1063,1064,-1,1038,1053,1036,-1,1056,1051,1050,-1,1056,1054,1051,-1,1050,1048,1047,-1,1049,1057,1058,-1,1047,1049,1058,-1,1046,1045,1057,-1,1039,1044,1040,-1,1041,1040,1063,-1,1041,1063,1062,-1,1062,1064,1060,-1,1061,1060,1065,-1,1064,1065,1060,-1,1029,1066,1067,-1,1029,1067,1030,-1,1068,1012,1009,-1,1015,1069,1070,-1,1032,1067,1071,-1,1071,1072,1011,-1,1011,1072,1009,-1,1032,1030,1067,-1,1032,1071,1011,-1,1068,1069,1012,-1,1072,1068,1009,-1,1015,1012,1069,-1,1015,1070,1073,-1,1015,1073,1028,-1,1074,1025,1026,-1,1023,1075,1076,-1,1017,1073,1077,-1,1077,1078,1020,-1,1020,1078,1026,-1,1017,1028,1073,-1,1017,1077,1020,-1,1074,1075,1025,-1,1078,1074,1026,-1,1023,1025,1075,-1,1023,1076,1079,-1,1023,1079,1006,-1,1067,1080,1081,-1,1068,1072,1082,-1,1068,1083,1084,-1,1069,1084,1085,-1,1084,1069,1068,-1,1070,1086,1073,-1,1069,1085,1070,-1,1087,1088,1077,-1,1089,1076,1090,-1,1091,1090,1075,-1,1076,1075,1090,-1,1074,1091,1075,-1,1092,1078,1088,-1,1079,1089,1093,-1,1071,1094,1095,-1,1089,1079,1076,-1,1074,1078,1092,-1,1074,1092,1091,-1,1078,1077,1088,-1,1087,1073,1086,-1,1077,1073,1087,-1,1085,1086,1070,-1,1068,1082,1083,-1,1072,1095,1082,-1,1072,1071,1095,-1,1071,1067,1094,-1,1080,1067,1066,-1,1094,1067,1081,-1,1096,1097,1098,-1,1099,1100,1101,-1,1099,1102,1103,-1,1104,1103,1105,-1,1103,1104,1099,-1,1106,1107,1108,-1,1104,1105,1106,-1,1109,1110,1111,-1,1112,1113,1114,-1,1115,1114,1116,-1,1113,1116,1114,-1,1117,1115,1116,-1,1118,1119,1110,-1,1120,1112,1121,-1,1122,1123,1124,-1,1112,1120,1113,-1,1117,1119,1118,-1,1117,1118,1115,-1,1119,1111,1110,-1,1109,1108,1107,-1,1111,1108,1109,-1,1105,1107,1106,-1,1099,1101,1102,-1,1100,1124,1101,-1,1100,1122,1124,-1,1122,1096,1123,-1,1097,1096,1125,-1,1123,1096,1098,-1,1007,1093,1089,-1,1007,1089,1008,-1,1092,1021,1024,-1,1022,1091,1024,-1,1092,1024,1091,-1,1022,1008,1090,-1,1090,1091,1022,-1,1008,1089,1090,-1,1088,1021,1092,-1,1088,1087,1018,-1,1018,1021,1088,-1,1019,1087,1086,-1,1087,1019,1018,-1,1019,1086,1027,-1,1027,1086,1085,-1,1027,1085,1016,-1,1082,1010,1014,-1,1013,1083,1014,-1,1082,1014,1083,-1,1013,1016,1084,-1,1084,1083,1013,-1,1016,1085,1084,-1,1095,1010,1082,-1,1095,1094,1033,-1,1033,1010,1095,-1,1034,1094,1081,-1,1094,1034,1033,-1,1034,1081,1035,-1,1035,1081,1080,-1,1035,1080,1031,-1,1059,1125,1096,-1,1059,1096,1060,-1,1099,1042,1039,-1,1045,1104,1106,-1,1062,1096,1122,-1,1122,1100,1041,-1,1041,1100,1039,-1,1062,1060,1096,-1,1062,1122,1041,-1,1099,1104,1042,-1,1100,1099,1039,-1,1045,1042,1104,-1,1045,1106,1108,-1,1045,1108,1058,-1,1117,1055,1056,-1,1053,1116,1113,-1,1047,1108,1111,-1,1111,1119,1050,-1,1050,1119,1056,-1,1047,1058,1108,-1,1047,1111,1050,-1,1117,1116,1055,-1,1119,1117,1056,-1,1053,1055,1116,-1,1053,1113,1120,-1,1053,1120,1036,-1,1037,1121,1112,-1,1037,1112,1038,-1,1118,1051,1054,-1,1052,1115,1054,-1,1118,1054,1115,-1,1052,1038,1114,-1,1114,1115,1052,-1,1038,1112,1114,-1,1110,1051,1118,-1,1110,1109,1048,-1,1048,1051,1110,-1,1049,1109,1107,-1,1109,1049,1048,-1,1049,1107,1057,-1,1057,1107,1105,-1,1057,1105,1046,-1,1101,1040,1044,-1,1043,1102,1044,-1,1101,1044,1102,-1,1043,1046,1103,-1,1103,1102,1043,-1,1046,1105,1103,-1,1124,1040,1101,-1,1124,1123,1063,-1,1063,1040,1124,-1,1064,1123,1098,-1,1123,1064,1063,-1,1064,1098,1065,-1,1065,1098,1097,-1,1065,1097,1061,-1,1126,1127,1128,-1,1129,1130,1131,-1,1129,1132,1133,-1,1133,1134,1129,-1,1135,1136,1132,-1,1133,1132,1136,-1,1137,1138,1139,-1,1140,1141,1138,-1,1128,1142,1143,-1,1144,1145,1142,-1,1143,1142,1145,-1,1146,1145,1144,-1,1147,1135,1148,-1,1149,1150,1151,-1,1152,1153,1154,-1,1128,1143,1126,-1,1146,1141,1140,-1,1146,1144,1141,-1,1140,1138,1137,-1,1139,1147,1148,-1,1137,1139,1148,-1,1136,1135,1147,-1,1129,1134,1130,-1,1131,1130,1153,-1,1131,1153,1152,-1,1152,1154,1150,-1,1151,1150,1155,-1,1154,1155,1150,-1,1156,1157,1158,-1,1159,1160,1161,-1,1159,1162,1163,-1,1163,1164,1159,-1,1165,1166,1162,-1,1163,1162,1166,-1,1167,1168,1169,-1,1170,1171,1168,-1,1158,1172,1173,-1,1174,1175,1172,-1,1173,1172,1175,-1,1176,1175,1174,-1,1177,1165,1178,-1,1179,1180,1181,-1,1182,1183,1184,-1,1158,1173,1156,-1,1176,1171,1170,-1,1176,1174,1171,-1,1170,1168,1167,-1,1169,1177,1178,-1,1167,1169,1178,-1,1166,1165,1177,-1,1159,1164,1160,-1,1161,1160,1183,-1,1161,1183,1182,-1,1182,1184,1180,-1,1181,1180,1185,-1,1184,1185,1180,-1,1149,1186,1187,-1,1149,1187,1150,-1,1188,1132,1129,-1,1135,1189,1190,-1,1152,1187,1191,-1,1191,1192,1131,-1,1131,1192,1129,-1,1152,1150,1187,-1,1152,1191,1131,-1,1188,1189,1132,-1,1192,1188,1129,-1,1135,1132,1189,-1,1135,1190,1193,-1,1135,1193,1148,-1,1194,1145,1146,-1,1143,1195,1196,-1,1137,1193,1197,-1,1197,1198,1140,-1,1140,1198,1146,-1,1137,1148,1193,-1,1137,1197,1140,-1,1194,1195,1145,-1,1198,1194,1146,-1,1143,1145,1195,-1,1143,1196,1199,-1,1143,1199,1126,-1,1187,1200,1201,-1,1188,1192,1202,-1,1188,1203,1204,-1,1189,1204,1205,-1,1204,1189,1188,-1,1190,1206,1193,-1,1189,1205,1190,-1,1207,1208,1197,-1,1209,1196,1210,-1,1211,1210,1195,-1,1196,1195,1210,-1,1194,1211,1195,-1,1212,1198,1208,-1,1199,1209,1213,-1,1191,1214,1215,-1,1209,1199,1196,-1,1194,1198,1212,-1,1194,1212,1211,-1,1198,1197,1208,-1,1207,1193,1206,-1,1197,1193,1207,-1,1205,1206,1190,-1,1188,1202,1203,-1,1192,1215,1202,-1,1192,1191,1215,-1,1191,1187,1214,-1,1200,1187,1186,-1,1214,1187,1201,-1,1216,1217,1218,-1,1219,1220,1221,-1,1219,1222,1223,-1,1224,1223,1225,-1,1223,1224,1219,-1,1226,1227,1228,-1,1224,1225,1226,-1,1229,1230,1231,-1,1232,1233,1234,-1,1235,1234,1236,-1,1233,1236,1234,-1,1237,1235,1236,-1,1238,1239,1230,-1,1240,1232,1241,-1,1242,1243,1244,-1,1232,1240,1233,-1,1237,1239,1238,-1,1237,1238,1235,-1,1239,1231,1230,-1,1229,1228,1227,-1,1231,1228,1229,-1,1225,1227,1226,-1,1219,1221,1222,-1,1220,1244,1221,-1,1220,1242,1244,-1,1242,1216,1243,-1,1217,1216,1245,-1,1243,1216,1218,-1,1127,1213,1209,-1,1127,1209,1128,-1,1212,1141,1144,-1,1142,1211,1144,-1,1212,1144,1211,-1,1142,1128,1210,-1,1210,1211,1142,-1,1128,1209,1210,-1,1208,1141,1212,-1,1208,1207,1138,-1,1138,1141,1208,-1,1139,1207,1206,-1,1207,1139,1138,-1,1139,1206,1147,-1,1147,1206,1205,-1,1147,1205,1136,-1,1202,1130,1134,-1,1133,1203,1134,-1,1202,1134,1203,-1,1133,1136,1204,-1,1204,1203,1133,-1,1136,1205,1204,-1,1215,1130,1202,-1,1215,1214,1153,-1,1153,1130,1215,-1,1154,1214,1201,-1,1214,1154,1153,-1,1154,1201,1155,-1,1155,1201,1200,-1,1155,1200,1151,-1,1179,1245,1216,-1,1179,1216,1180,-1,1219,1162,1159,-1,1165,1224,1226,-1,1182,1216,1242,-1,1242,1220,1161,-1,1161,1220,1159,-1,1182,1180,1216,-1,1182,1242,1161,-1,1219,1224,1162,-1,1220,1219,1159,-1,1165,1162,1224,-1,1165,1226,1228,-1,1165,1228,1178,-1,1237,1175,1176,-1,1173,1236,1233,-1,1167,1228,1231,-1,1231,1239,1170,-1,1170,1239,1176,-1,1167,1178,1228,-1,1167,1231,1170,-1,1237,1236,1175,-1,1239,1237,1176,-1,1173,1175,1236,-1,1173,1233,1240,-1,1173,1240,1156,-1,1157,1241,1232,-1,1157,1232,1158,-1,1238,1171,1174,-1,1172,1235,1174,-1,1238,1174,1235,-1,1172,1158,1234,-1,1234,1235,1172,-1,1158,1232,1234,-1,1230,1171,1238,-1,1230,1229,1168,-1,1168,1171,1230,-1,1169,1229,1227,-1,1229,1169,1168,-1,1169,1227,1177,-1,1177,1227,1225,-1,1177,1225,1166,-1,1221,1160,1164,-1,1163,1222,1164,-1,1221,1164,1222,-1,1163,1166,1223,-1,1223,1222,1163,-1,1166,1225,1223,-1,1244,1160,1221,-1,1244,1243,1183,-1,1183,1160,1244,-1,1184,1243,1218,-1,1243,1184,1183,-1,1184,1218,1185,-1,1185,1218,1217,-1,1185,1217,1181,-1,1246,1247,1248,-1,1249,1250,1251,-1,1249,1252,1253,-1,1253,1254,1249,-1,1255,1256,1252,-1,1253,1252,1256,-1,1257,1258,1259,-1,1260,1261,1258,-1,1248,1262,1263,-1,1264,1265,1262,-1,1263,1262,1265,-1,1266,1265,1264,-1,1267,1255,1268,-1,1269,1270,1271,-1,1272,1273,1274,-1,1248,1263,1246,-1,1266,1261,1260,-1,1266,1264,1261,-1,1260,1258,1257,-1,1259,1267,1268,-1,1257,1259,1268,-1,1256,1255,1267,-1,1249,1254,1250,-1,1251,1250,1273,-1,1251,1273,1272,-1,1272,1274,1270,-1,1271,1270,1275,-1,1274,1275,1270,-1,1276,1277,1278,-1,1279,1280,1281,-1,1279,1282,1283,-1,1283,1284,1279,-1,1285,1286,1282,-1,1283,1282,1286,-1,1287,1288,1289,-1,1290,1291,1288,-1,1278,1292,1293,-1,1294,1295,1292,-1,1293,1292,1295,-1,1296,1295,1294,-1,1297,1285,1298,-1,1299,1300,1301,-1,1302,1303,1304,-1,1278,1293,1276,-1,1296,1291,1290,-1,1296,1294,1291,-1,1290,1288,1287,-1,1289,1297,1298,-1,1287,1289,1298,-1,1286,1285,1297,-1,1279,1284,1280,-1,1281,1280,1303,-1,1281,1303,1302,-1,1302,1304,1300,-1,1301,1300,1305,-1,1304,1305,1300,-1,1269,1306,1307,-1,1269,1307,1270,-1,1308,1252,1249,-1,1255,1309,1310,-1,1272,1307,1311,-1,1311,1312,1251,-1,1251,1312,1249,-1,1272,1270,1307,-1,1272,1311,1251,-1,1308,1309,1252,-1,1312,1308,1249,-1,1255,1252,1309,-1,1255,1310,1313,-1,1255,1313,1268,-1,1314,1265,1266,-1,1263,1315,1316,-1,1257,1313,1317,-1,1317,1318,1260,-1,1260,1318,1266,-1,1257,1268,1313,-1,1257,1317,1260,-1,1314,1315,1265,-1,1318,1314,1266,-1,1263,1265,1315,-1,1263,1316,1319,-1,1263,1319,1246,-1,1307,1320,1321,-1,1308,1312,1322,-1,1308,1323,1324,-1,1309,1324,1325,-1,1324,1309,1308,-1,1310,1326,1313,-1,1309,1325,1310,-1,1327,1328,1317,-1,1329,1316,1330,-1,1331,1330,1315,-1,1316,1315,1330,-1,1314,1331,1315,-1,1332,1318,1328,-1,1319,1329,1333,-1,1311,1334,1335,-1,1329,1319,1316,-1,1314,1318,1332,-1,1314,1332,1331,-1,1318,1317,1328,-1,1327,1313,1326,-1,1317,1313,1327,-1,1325,1326,1310,-1,1308,1322,1323,-1,1312,1335,1322,-1,1312,1311,1335,-1,1311,1307,1334,-1,1320,1307,1306,-1,1334,1307,1321,-1,1336,1337,1338,-1,1339,1340,1341,-1,1339,1342,1343,-1,1344,1343,1345,-1,1343,1344,1339,-1,1346,1347,1348,-1,1344,1345,1346,-1,1349,1350,1351,-1,1352,1353,1354,-1,1355,1354,1356,-1,1353,1356,1354,-1,1357,1355,1356,-1,1358,1359,1350,-1,1360,1352,1361,-1,1362,1363,1364,-1,1352,1360,1353,-1,1357,1359,1358,-1,1357,1358,1355,-1,1359,1351,1350,-1,1349,1348,1347,-1,1351,1348,1349,-1,1345,1347,1346,-1,1339,1341,1342,-1,1340,1364,1341,-1,1340,1362,1364,-1,1362,1336,1363,-1,1337,1336,1365,-1,1363,1336,1338,-1,1247,1333,1329,-1,1247,1329,1248,-1,1332,1261,1264,-1,1262,1331,1264,-1,1332,1264,1331,-1,1262,1248,1330,-1,1330,1331,1262,-1,1248,1329,1330,-1,1328,1261,1332,-1,1328,1327,1258,-1,1258,1261,1328,-1,1259,1327,1326,-1,1327,1259,1258,-1,1259,1326,1267,-1,1267,1326,1325,-1,1267,1325,1256,-1,1322,1250,1254,-1,1253,1323,1254,-1,1322,1254,1323,-1,1253,1256,1324,-1,1324,1323,1253,-1,1256,1325,1324,-1,1335,1250,1322,-1,1335,1334,1273,-1,1273,1250,1335,-1,1274,1334,1321,-1,1334,1274,1273,-1,1274,1321,1275,-1,1275,1321,1320,-1,1275,1320,1271,-1,1299,1365,1336,-1,1299,1336,1300,-1,1339,1282,1279,-1,1285,1344,1346,-1,1302,1336,1362,-1,1362,1340,1281,-1,1281,1340,1279,-1,1302,1300,1336,-1,1302,1362,1281,-1,1339,1344,1282,-1,1340,1339,1279,-1,1285,1282,1344,-1,1285,1346,1348,-1,1285,1348,1298,-1,1357,1295,1296,-1,1293,1356,1353,-1,1287,1348,1351,-1,1351,1359,1290,-1,1290,1359,1296,-1,1287,1298,1348,-1,1287,1351,1290,-1,1357,1356,1295,-1,1359,1357,1296,-1,1293,1295,1356,-1,1293,1353,1360,-1,1293,1360,1276,-1,1277,1361,1352,-1,1277,1352,1278,-1,1358,1291,1294,-1,1292,1355,1294,-1,1358,1294,1355,-1,1292,1278,1354,-1,1354,1355,1292,-1,1278,1352,1354,-1,1350,1291,1358,-1,1350,1349,1288,-1,1288,1291,1350,-1,1289,1349,1347,-1,1349,1289,1288,-1,1289,1347,1297,-1,1297,1347,1345,-1,1297,1345,1286,-1,1341,1280,1284,-1,1283,1342,1284,-1,1341,1284,1342,-1,1283,1286,1343,-1,1343,1342,1283,-1,1286,1345,1343,-1,1364,1280,1341,-1,1364,1363,1303,-1,1303,1280,1364,-1,1304,1363,1338,-1,1363,1304,1303,-1,1304,1338,1305,-1,1305,1338,1337,-1,1305,1337,1301,-1,1366,1367,1368,-1,1369,1370,1371,-1,1369,1372,1373,-1,1373,1374,1369,-1,1375,1376,1372,-1,1373,1372,1376,-1,1377,1378,1379,-1,1380,1381,1378,-1,1368,1382,1383,-1,1384,1385,1382,-1,1383,1382,1385,-1,1386,1385,1384,-1,1387,1375,1388,-1,1389,1390,1391,-1,1392,1393,1394,-1,1368,1383,1366,-1,1386,1381,1380,-1,1386,1384,1381,-1,1380,1378,1377,-1,1379,1387,1388,-1,1377,1379,1388,-1,1376,1375,1387,-1,1369,1374,1370,-1,1371,1370,1393,-1,1371,1393,1392,-1,1392,1394,1390,-1,1391,1390,1395,-1,1394,1395,1390,-1,1396,1397,1398,-1,1399,1400,1401,-1,1399,1402,1403,-1,1403,1404,1399,-1,1405,1406,1402,-1,1403,1402,1406,-1,1407,1408,1409,-1,1410,1411,1408,-1,1398,1412,1413,-1,1414,1415,1412,-1,1413,1412,1415,-1,1416,1415,1414,-1,1417,1405,1418,-1,1419,1420,1421,-1,1422,1423,1424,-1,1398,1413,1396,-1,1416,1411,1410,-1,1416,1414,1411,-1,1410,1408,1407,-1,1409,1417,1418,-1,1407,1409,1418,-1,1406,1405,1417,-1,1399,1404,1400,-1,1401,1400,1423,-1,1401,1423,1422,-1,1422,1424,1420,-1,1421,1420,1425,-1,1424,1425,1420,-1,1389,1426,1427,-1,1389,1427,1390,-1,1428,1372,1369,-1,1375,1429,1430,-1,1392,1427,1431,-1,1431,1432,1371,-1,1371,1432,1369,-1,1392,1390,1427,-1,1392,1431,1371,-1,1428,1429,1372,-1,1432,1428,1369,-1,1375,1372,1429,-1,1375,1430,1433,-1,1375,1433,1388,-1,1434,1385,1386,-1,1383,1435,1436,-1,1377,1433,1437,-1,1437,1438,1380,-1,1380,1438,1386,-1,1377,1388,1433,-1,1377,1437,1380,-1,1434,1435,1385,-1,1438,1434,1386,-1,1383,1385,1435,-1,1383,1436,1439,-1,1383,1439,1366,-1,1427,1440,1441,-1,1428,1432,1442,-1,1428,1443,1444,-1,1429,1444,1445,-1,1444,1429,1428,-1,1430,1446,1433,-1,1429,1445,1430,-1,1447,1448,1437,-1,1449,1436,1450,-1,1451,1450,1435,-1,1436,1435,1450,-1,1434,1451,1435,-1,1452,1438,1448,-1,1439,1449,1453,-1,1431,1454,1455,-1,1449,1439,1436,-1,1434,1438,1452,-1,1434,1452,1451,-1,1438,1437,1448,-1,1447,1433,1446,-1,1437,1433,1447,-1,1445,1446,1430,-1,1428,1442,1443,-1,1432,1455,1442,-1,1432,1431,1455,-1,1431,1427,1454,-1,1440,1427,1426,-1,1454,1427,1441,-1,1456,1457,1458,-1,1459,1460,1461,-1,1459,1462,1463,-1,1464,1463,1465,-1,1463,1464,1459,-1,1466,1467,1468,-1,1464,1465,1466,-1,1469,1470,1471,-1,1472,1473,1474,-1,1475,1474,1476,-1,1473,1476,1474,-1,1477,1475,1476,-1,1478,1479,1470,-1,1480,1472,1481,-1,1482,1483,1484,-1,1472,1480,1473,-1,1477,1479,1478,-1,1477,1478,1475,-1,1479,1471,1470,-1,1469,1468,1467,-1,1471,1468,1469,-1,1465,1467,1466,-1,1459,1461,1462,-1,1460,1484,1461,-1,1460,1482,1484,-1,1482,1456,1483,-1,1457,1456,1485,-1,1483,1456,1458,-1,1367,1453,1449,-1,1367,1449,1368,-1,1452,1381,1384,-1,1382,1451,1384,-1,1452,1384,1451,-1,1382,1368,1450,-1,1450,1451,1382,-1,1368,1449,1450,-1,1448,1381,1452,-1,1448,1447,1378,-1,1378,1381,1448,-1,1379,1447,1446,-1,1447,1379,1378,-1,1379,1446,1387,-1,1387,1446,1445,-1,1387,1445,1376,-1,1442,1370,1374,-1,1373,1443,1374,-1,1442,1374,1443,-1,1373,1376,1444,-1,1444,1443,1373,-1,1376,1445,1444,-1,1455,1370,1442,-1,1455,1454,1393,-1,1393,1370,1455,-1,1394,1454,1441,-1,1454,1394,1393,-1,1394,1441,1395,-1,1395,1441,1440,-1,1395,1440,1391,-1,1419,1485,1456,-1,1419,1456,1420,-1,1459,1402,1399,-1,1405,1464,1466,-1,1422,1456,1482,-1,1482,1460,1401,-1,1401,1460,1399,-1,1422,1420,1456,-1,1422,1482,1401,-1,1459,1464,1402,-1,1460,1459,1399,-1,1405,1402,1464,-1,1405,1466,1468,-1,1405,1468,1418,-1,1477,1415,1416,-1,1413,1476,1473,-1,1407,1468,1471,-1,1471,1479,1410,-1,1410,1479,1416,-1,1407,1418,1468,-1,1407,1471,1410,-1,1477,1476,1415,-1,1479,1477,1416,-1,1413,1415,1476,-1,1413,1473,1480,-1,1413,1480,1396,-1,1397,1481,1472,-1,1397,1472,1398,-1,1478,1411,1414,-1,1412,1475,1414,-1,1478,1414,1475,-1,1412,1398,1474,-1,1474,1475,1412,-1,1398,1472,1474,-1,1470,1411,1478,-1,1470,1469,1408,-1,1408,1411,1470,-1,1409,1469,1467,-1,1469,1409,1408,-1,1409,1467,1417,-1,1417,1467,1465,-1,1417,1465,1406,-1,1461,1400,1404,-1,1403,1462,1404,-1,1461,1404,1462,-1,1403,1406,1463,-1,1463,1462,1403,-1,1406,1465,1463,-1,1484,1400,1461,-1,1484,1483,1423,-1,1423,1400,1484,-1,1424,1483,1458,-1,1483,1424,1423,-1,1424,1458,1425,-1,1425,1458,1457,-1,1425,1457,1421,-1,1486,1487,1488,-1,1488,1489,1486,-1,1488,1487,1490,-1,1489,1488,1491,-1,1490,1487,1492,-1,1490,1492,1493,-1,1494,1495,1496,-1,1492,1497,1496,-1,1492,1496,1493,-1,1494,1496,1497,-1,1491,1495,1494,-1,1494,1489,1491,-1,1498,1499,1500,-1,1498,1501,1499,-1,1486,1494,1497,-1,1494,1486,1489,-1,1502,1503,1504,-1,1502,1504,1505,-1,1487,1497,1492,-1,1497,1487,1486,-1,1506,1502,1505,-1,1506,1505,1507,-1,1498,1500,1508,-1,1505,1504,1508,-1,1505,1508,1507,-1,1498,1508,1504,-1,1503,1498,1504,-1,1498,1503,1501,-1,1503,1502,1509,-1,1509,1501,1503,-1,1509,1502,1506,-1,1501,1509,1499,-1,1510,1511,1512,-1,1513,1514,1510,-1,1512,1515,1510,-1,1513,1510,1515,-1,1516,1517,1518,-1,1518,1519,1516,-1,1520,1511,1521,-1,1520,1512,1511,-1,1522,1518,1517,-1,1523,1524,1522,-1,1517,1525,1522,-1,1523,1522,1525,-1,1526,1524,1523,-1,1524,1526,1527,-1,1528,1529,1526,-1,1529,1528,1516,-1,1526,1529,1527,-1,1529,1516,1519,-1,1525,1516,1528,-1,1516,1525,1517,-1,1523,1525,1528,-1,1523,1528,1526,-1,1513,1530,1531,-1,1530,1513,1515,-1,1531,1532,1514,-1,1531,1514,1513,-1,1530,1533,1531,-1,1533,1530,1520,-1,1531,1533,1532,-1,1533,1520,1521,-1,1515,1520,1530,-1,1520,1515,1512,-1,1534,1535,1536,-1,1537,1538,1534,-1,1536,1539,1534,-1,1537,1534,1539,-1,1540,1541,1542,-1,1542,1543,1540,-1,1544,1535,1545,-1,1544,1536,1535,-1,1546,1542,1541,-1,1547,1548,1546,-1,1541,1549,1546,-1,1547,1546,1549,-1,1550,1548,1547,-1,1548,1550,1551,-1,1552,1553,1550,-1,1553,1552,1540,-1,1550,1553,1551,-1,1553,1540,1543,-1,1549,1540,1552,-1,1540,1549,1541,-1,1547,1549,1552,-1,1547,1552,1550,-1,1537,1554,1555,-1,1554,1537,1539,-1,1555,1556,1538,-1,1555,1538,1537,-1,1554,1557,1555,-1,1557,1554,1544,-1,1555,1557,1556,-1,1557,1544,1545,-1,1539,1544,1554,-1,1544,1539,1536,-1,1558,1559,1560,-1,1561,1562,1558,-1,1560,1563,1558,-1,1561,1558,1563,-1,1564,1565,1566,-1,1566,1567,1564,-1,1568,1559,1569,-1,1568,1560,1559,-1,1570,1566,1565,-1,1571,1572,1570,-1,1565,1573,1570,-1,1571,1570,1573,-1,1574,1572,1571,-1,1572,1574,1575,-1,1576,1577,1574,-1,1577,1576,1564,-1,1574,1577,1575,-1,1577,1564,1567,-1,1573,1564,1576,-1,1564,1573,1565,-1,1571,1573,1576,-1,1571,1576,1574,-1,1561,1578,1579,-1,1578,1561,1563,-1,1579,1580,1562,-1,1579,1562,1561,-1,1578,1581,1579,-1,1581,1578,1568,-1,1579,1581,1580,-1,1581,1568,1569,-1,1563,1568,1578,-1,1568,1563,1560,-1,1582,1583,1584,-1,1585,1586,1582,-1,1584,1587,1582,-1,1585,1582,1587,-1,1588,1589,1590,-1,1590,1591,1588,-1,1592,1583,1593,-1,1592,1584,1583,-1,1594,1590,1589,-1,1595,1596,1594,-1,1589,1597,1594,-1,1595,1594,1597,-1,1598,1596,1595,-1,1596,1598,1599,-1,1600,1601,1598,-1,1601,1600,1588,-1,1598,1601,1599,-1,1601,1588,1591,-1,1597,1588,1600,-1,1588,1597,1589,-1,1595,1597,1600,-1,1595,1600,1598,-1,1585,1602,1603,-1,1602,1585,1587,-1,1603,1604,1586,-1,1603,1586,1585,-1,1602,1605,1603,-1,1605,1602,1592,-1,1603,1605,1604,-1,1605,1592,1593,-1,1587,1592,1602,-1,1592,1587,1584,-1,1606,1607,1608,-1,1609,1610,1606,-1,1608,1611,1606,-1,1609,1606,1611,-1,1612,1613,1614,-1,1614,1615,1612,-1,1616,1607,1617,-1,1616,1608,1607,-1,1618,1614,1613,-1,1619,1620,1618,-1,1613,1621,1618,-1,1619,1618,1621,-1,1622,1620,1619,-1,1620,1622,1623,-1,1624,1625,1622,-1,1625,1624,1612,-1,1622,1625,1623,-1,1625,1612,1615,-1,1621,1612,1624,-1,1612,1621,1613,-1,1619,1621,1624,-1,1619,1624,1622,-1,1609,1626,1627,-1,1626,1609,1611,-1,1627,1628,1610,-1,1627,1610,1609,-1,1626,1629,1627,-1,1629,1626,1616,-1,1627,1629,1628,-1,1629,1616,1617,-1,1611,1616,1626,-1,1616,1611,1608,-1,1630,1631,1632,-1,1633,1634,1630,-1,1632,1635,1630,-1,1633,1630,1635,-1,1636,1637,1638,-1,1638,1639,1636,-1,1640,1631,1641,-1,1640,1632,1631,-1,1642,1638,1637,-1,1643,1644,1642,-1,1637,1645,1642,-1,1643,1642,1645,-1,1646,1644,1643,-1,1644,1646,1647,-1,1648,1649,1646,-1,1649,1648,1636,-1,1646,1649,1647,-1,1649,1636,1639,-1,1645,1636,1648,-1,1636,1645,1637,-1,1643,1645,1648,-1,1643,1648,1646,-1,1633,1650,1651,-1,1650,1633,1635,-1,1651,1652,1634,-1,1651,1634,1633,-1,1650,1653,1651,-1,1653,1650,1640,-1,1651,1653,1652,-1,1653,1640,1641,-1,1635,1640,1650,-1,1640,1635,1632,-1,1654,1655,1656,-1,1657,1658,1654,-1,1656,1659,1654,-1,1657,1654,1659,-1,1660,1661,1662,-1,1662,1663,1660,-1,1664,1655,1665,-1,1664,1656,1655,-1,1666,1662,1661,-1,1667,1668,1666,-1,1661,1669,1666,-1,1667,1666,1669,-1,1670,1668,1667,-1,1668,1670,1671,-1,1672,1673,1670,-1,1673,1672,1660,-1,1670,1673,1671,-1,1673,1660,1663,-1,1669,1660,1672,-1,1660,1669,1661,-1,1667,1669,1672,-1,1667,1672,1670,-1,1657,1674,1675,-1,1674,1657,1659,-1,1675,1676,1658,-1,1675,1658,1657,-1,1674,1677,1675,-1,1677,1674,1664,-1,1675,1677,1676,-1,1677,1664,1665,-1,1659,1664,1674,-1,1664,1659,1656,-1,1678,1679,1680,-1,1681,1682,1678,-1,1680,1683,1678,-1,1681,1678,1683,-1,1684,1685,1686,-1,1686,1687,1684,-1,1688,1679,1689,-1,1688,1680,1679,-1,1690,1686,1685,-1,1691,1692,1690,-1,1685,1693,1690,-1,1691,1690,1693,-1,1694,1692,1691,-1,1692,1694,1695,-1,1696,1697,1694,-1,1697,1696,1684,-1,1694,1697,1695,-1,1697,1684,1687,-1,1693,1684,1696,-1,1684,1693,1685,-1,1691,1693,1696,-1,1691,1696,1694,-1,1681,1698,1699,-1,1698,1681,1683,-1,1699,1700,1682,-1,1699,1682,1681,-1,1698,1701,1699,-1,1701,1698,1688,-1,1699,1701,1700,-1,1701,1688,1689,-1,1683,1688,1698,-1,1688,1683,1680,-1,1702,1703,1704,-1,1705,1706,1702,-1,1704,1707,1702,-1,1705,1702,1707,-1,1708,1709,1710,-1,1710,1711,1708,-1,1712,1703,1713,-1,1712,1704,1703,-1,1714,1710,1709,-1,1715,1716,1714,-1,1709,1717,1714,-1,1715,1714,1717,-1,1718,1716,1715,-1,1716,1718,1719,-1,1720,1721,1718,-1,1721,1720,1708,-1,1718,1721,1719,-1,1721,1708,1711,-1,1717,1708,1720,-1,1708,1717,1709,-1,1715,1717,1720,-1,1715,1720,1718,-1,1705,1722,1723,-1,1722,1705,1707,-1,1723,1724,1706,-1,1723,1706,1705,-1,1722,1725,1723,-1,1725,1722,1712,-1,1723,1725,1724,-1,1725,1712,1713,-1,1707,1712,1722,-1,1712,1707,1704,-1,31,1726,32,-1,1726,31,24,-1,32,1726,1727,-1,1726,24,26,-1,33,24,31,-1,24,33,27,-1,32,1727,37,-1,32,37,30,-1,
        ]
    }
}
Shape{
    appearance Appearance {
        material  Material 	{
            diffuseColor 1.0 1.0 1.0
            specularColor 0.7529411764705882 0.7529411764705882 0.7529411764705882
            ambientIntensity 1.0
            transparency 1.0
            shininess 0.5
        }
    }
    geometry IndexedFaceSet {
        ccw TRUE
        solid FALSE
        coord DEF co Coordinate {
            point [
                1.1201 -0.1614 0.029, 1.1201 -0.1614 0.0866, 1.1201 -0.1378 0.0866, 1.1201 -0.1378 0.0137, 1.1201 -0.1396 0.0069, 1.1201 -0.1668 0.0236, 1.1201 -0.1515 0.0, 1.1201 -0.1447 0.0018, 1.1201 -0.2815 0.0236, 1.1201 -0.2815 0.0, 1.1201 -0.163 0.0252, 1.1201 0.1396 0.0069, 1.1201 0.1515 0.0, 1.1201 0.1447 0.0018, 1.1201 0.1614 0.029, 1.1201 0.1378 0.0866, 1.1201 0.1614 0.0866, 1.1201 0.1668 0.0236, 1.1201 0.2815 0.0236, 1.1201 0.2815 0.0, 1.1201 0.1378 0.0137, 1.1201 0.163 0.0252, 1.1594 -0.1614 0.0866, 1.1594 -0.1614 0.029, 1.1594 -0.163 0.0252, 1.1594 -0.1668 0.0236, 1.1594 -0.1378 0.0137, 1.1594 -0.1515 0.0, 1.1594 -0.1396 0.0069, 1.1594 -0.1447 0.0018, 1.1594 -0.2815 0.0236, 1.1594 -0.2815 0.0, 1.1594 -0.1378 0.0866, 1.1594 0.1668 0.0236, 1.1594 0.1396 0.0069, 1.1594 0.1515 0.0, 1.1594 0.2815 0.0, 1.1594 0.2815 0.0236, 1.1594 0.1447 0.0018, 1.1594 0.1378 0.0137, 1.1594 0.163 0.0252, 1.1594 0.1378 0.0866, 1.1594 0.1614 0.029, 1.1594 0.1614 0.0866, -1.1201 -0.1614 0.029, -1.1201 -0.1378 0.0866, -1.1201 -0.1614 0.0866, -1.1201 -0.1378 0.0137, -1.1201 -0.1668 0.0236, -1.1201 -0.1396 0.0069, -1.1201 -0.1515 0.0, -1.1201 -0.1447 0.0018, -1.1201 -0.2815 0.0236, -1.1201 -0.2815 0.0, -1.1201 -0.163 0.0252, -1.1201 0.1396 0.0069, -1.1201 0.1447 0.0018, -1.1201 0.1515 0.0, -1.1201 0.1614 0.029, -1.1201 0.1614 0.0866, -1.1201 0.1378 0.0866, -1.1201 0.1668 0.0236, -1.1201 0.2815 0.0236, -1.1201 0.2815 0.0, -1.1201 0.1378 0.0137, -1.1201 0.163 0.0252, -1.1594 -0.1614 0.0866, -1.1594 -0.1614 0.029, -1.1594 -0.163 0.0252, -1.1594 -0.1668 0.0236, -1.1594 -0.2815 0.0236, -1.1594 -0.2815 0.0, -1.1594 -0.1515 0.0, -1.1594 -0.1447 0.0018, -1.1594 -0.1396 0.0069, -1.1594 -0.1378 0.0137, -1.1594 -0.1378 0.0866, -1.1594 0.1668 0.0236, -1.1594 0.2815 0.0236, -1.1594 0.2815 0.0, -1.1594 0.1378 0.0137, -1.1594 0.163 0.0252, -1.1594 0.1515 0.0, -1.1594 0.1378 0.0866, -1.1594 0.1614 0.029, -1.1594 0.1614 0.0866, -1.1594 0.1396 0.0069, -1.1594 0.1447 0.0018
            ]
        }
        coordIndex [
            0,1,2,-1,3,4,5,-1,6,4,7,-1,4,6,5,-1,8,5,9,-1,5,6,9,-1,3,5,10,-1,3,10,0,-1,3,0,2,-1,11,12,13,-1,14,15,16,-1,11,17,12,-1,18,19,17,-1,12,17,19,-1,17,11,20,-1,20,21,17,-1,20,15,14,-1,20,14,21,-1,22,0,23,-1,0,22,1,-1,24,25,26,-1,27,28,25,-1,26,25,28,-1,27,29,28,-1,30,31,25,-1,25,31,27,-1,23,24,26,-1,32,23,26,-1,32,22,23,-1,33,34,35,-1,36,37,33,-1,34,38,35,-1,36,33,35,-1,33,39,34,-1,39,33,40,-1,41,39,42,-1,39,40,42,-1,42,43,41,-1,26,3,2,-1,26,2,32,-1,4,28,29,-1,3,28,4,-1,3,26,28,-1,4,29,7,-1,29,27,7,-1,7,27,6,-1,6,27,31,-1,6,31,9,-1,9,31,30,-1,9,30,8,-1,8,30,25,-1,8,25,5,-1,25,10,5,-1,0,24,23,-1,24,0,10,-1,25,24,10,-1,42,14,16,-1,42,16,43,-1,42,21,14,-1,17,40,33,-1,40,17,21,-1,42,40,21,-1,17,33,37,-1,17,37,18,-1,18,37,36,-1,18,36,19,-1,19,36,35,-1,19,35,12,-1,13,38,34,-1,12,38,13,-1,12,35,38,-1,13,34,11,-1,34,39,11,-1,11,39,20,-1,41,20,39,-1,20,41,15,-1,44,45,46,-1,47,48,49,-1,50,51,49,-1,49,48,50,-1,52,53,48,-1,48,53,50,-1,47,54,48,-1,47,44,54,-1,47,45,44,-1,55,56,57,-1,58,59,60,-1,55,57,61,-1,62,61,63,-1,57,63,61,-1,61,64,55,-1,64,61,65,-1,64,58,60,-1,64,65,58,-1,66,44,46,-1,66,67,44,-1,68,69,48,-1,67,54,44,-1,54,68,48,-1,67,68,54,-1,69,52,48,-1,69,70,52,-1,70,53,52,-1,70,71,53,-1,71,50,53,-1,71,72,50,-1,73,74,51,-1,50,72,73,-1,73,51,50,-1,51,74,49,-1,74,75,49,-1,49,75,47,-1,75,45,47,-1,75,76,45,-1,69,71,70,-1,72,74,73,-1,69,72,71,-1,74,72,69,-1,74,69,75,-1,75,67,76,-1,66,76,67,-1,69,68,75,-1,75,68,67,-1,77,78,79,-1,77,80,81,-1,79,82,77,-1,80,83,84,-1,84,81,80,-1,85,84,83,-1,82,86,77,-1,77,86,80,-1,82,87,86,-1,83,64,60,-1,83,80,64,-1,86,87,55,-1,64,80,86,-1,86,55,64,-1,55,87,56,-1,87,82,56,-1,56,82,57,-1,82,63,57,-1,82,79,63,-1,79,62,63,-1,79,78,62,-1,78,61,62,-1,78,77,61,-1,81,84,58,-1,77,65,61,-1,65,81,58,-1,77,81,65,-1,84,59,58,-1,84,85,59,-1,
        ]
    }
}