#VRML V2.0 utf8
# 3D model generated by easyeda2kicad.py (https://github.com/uPesy/easyeda2kicad.py)

Shape{
    appearance Appearance {
        material  Material 	{
            diffuseColor 0.2235294117647059 0.2235294117647059 0.2235294117647059
            specularColor 0.11372549019607843 0.11372549019607843 0.11372549019607843
            ambientIntensity 0.2235
            transparency 0.0
            shininess 0.5
        }
    }
    geometry IndexedFaceSet {
        ccw TRUE
        solid FALSE
        coord DEF co Coordinate {
            point [
                0.5662 -0.4717 0.6496, 0.5652 -0.4726 0.6496, 0.6115 -0.4726 0.6496, 0.5178 -0.4476 0.6496, 0.5154 -0.4478 0.6496, 0.5381 -0.4478 0.6496, 0.4462 -0.2056 0.6496, 0.4536 -0.2047 0.6496, 0.4163 -0.2047 0.6496, 0.4805 -0.2958 0.6496, 0.4706 -0.299 0.6496, 0.4954 -0.299 0.6496, 0.0653 -0.4475 0.6496, 0.0652 -0.4478 0.6496, 0.3208 -0.4478 0.6496, 0.0576 -0.4624 0.6496, 0.0485 -0.4726 0.6496, 0.3208 -0.4726 0.6496, 0.2397 -0.2782 0.6496, 0.2577 -0.2934 0.6496, 0.3208 -0.2047 0.6496, 0.3208 -0.299 0.6496, 0.1513 -0.195 0.6496, 0.1657 -0.2047 0.6496, 0.1809 -0.2149 0.6496, 0.2028 -0.2401 0.6496, 0.2168 -0.2674 0.6496, 0.2199 -0.2684 0.6496, 0.0271 -0.1963 0.6496, 0.0577 -0.1844 0.6496, -0.3967 0.7063 0.6496, 0.3208 0.7063 0.6496, 0.0906 -0.1804 0.6496, 0.118 -0.1833 0.6496, 0.0135 -0.2047 0.6496, -0.3967 -0.2047 0.6496, 0.0109 -0.2063 0.6496, -0.3967 -0.299 0.6496, -0.1315 -0.299 0.6496, -0.126 -0.2866 0.6496, -0.11 -0.2661 0.6496, -0.0598 -0.2374 0.6496, -0.0336 -0.2342 0.6496, -0.0047 -0.2196 0.6496, -0.026 -0.2346 0.6496, -0.0183 -0.2355 0.6496, -0.1056 -0.2619 0.6496, -0.0844 -0.247 0.6496, -0.0926 -0.4318 0.6496, -0.1133 -0.4142 0.6496, -0.3967 -0.4478 0.6496, -0.0687 -0.4435 0.6496, -0.1284 -0.3927 0.6496, -0.1379 -0.3679 0.6496, -0.3967 -0.327 0.6496, -0.1412 -0.3418 0.6496, -0.141 -0.3355 0.6496, -0.1395 -0.327 0.6496, -0.1366 -0.3106 0.6496, -0.0602 -0.446 0.6496, -0.0593 -0.4478 0.6496, -0.0537 -0.46 0.6496, -0.0439 -0.4722 0.6496, -0.0434 -0.4726 0.6496, -0.3967 -0.4726 0.6496, -0.031 -0.4821 0.6496, -0.3967 -0.555 0.6496, -0.0157 -0.4886 0.6496, 0.0465 -0.4748 0.6496, 0.3208 -0.555 0.6496, 0.0332 -0.4838 0.6496, 0.0184 -0.4894 0.6496, 0.0029 -0.4912 0.6496, -0.0 -0.4911 0.6496, 0.2795 -0.3325 0.6496, 0.2825 -0.3544 0.6496, 0.3208 -0.327 0.6496, 0.0527 -0.3803 0.6496, 0.1417 -0.3338 0.6496, 0.0413 -0.3699 0.6496, 0.0273 -0.3623 0.6496, 0.1522 -0.446 0.6496, 0.1476 -0.4434 0.6496, 0.1438 -0.4397 0.6496, 0.2411 -0.3494 0.6496, 0.238 -0.3366 0.6496, 0.2328 -0.327 0.6496, -0.0978 -0.327 0.6496, -0.0938 -0.3668 0.6496, -0.0853 -0.3812 0.6496, -0.0518 -0.3868 0.6496, -0.0732 -0.3932 0.6496, -0.0595 -0.4015 0.6496, 0.1466 -0.4109 0.6496, 0.1508 -0.4082 0.6496, 0.1623 -0.369 0.6496, 0.1554 -0.4066 0.6496, -0.0271 -0.365 0.6496, -0.0408 -0.3743 0.6496, -0.0994 -0.3404 0.6496, -0.0986 -0.3505 0.6496, 0.2712 -0.399 0.6496, 0.258 -0.4175 0.6496, 0.24 -0.4327 0.6496, 0.2197 -0.4427 0.6496, 0.2795 -0.378 0.6496, 0.1597 -0.4062 0.6496, 0.1603 -0.4062 0.6496, 0.1623 -0.4067 0.6496, -0.0124 -0.3595 0.6496, 0.0029 -0.3577 0.6496, 0.0113 -0.3582 0.6496, 0.1975 -0.4474 0.6496, 0.1583 -0.4474 0.6496, 0.1567 -0.4472 0.6496, 0.1391 -0.4268 0.6496, 0.1392 -0.4243 0.6496, 0.0693 -0.4181 0.6496, 0.1405 -0.4192 0.6496, 0.1431 -0.4147 0.6496, 0.1411 -0.4355 0.6496, 0.1395 -0.4309 0.6496, 0.0691 -0.4311 0.6496, 0.0693 -0.4248 0.6496, 0.2279 -0.3902 0.6496, 0.2352 -0.3798 0.6496, 0.2398 -0.3679 0.6496, 0.2414 -0.3551 0.6496, 0.1637 -0.4069 0.6496, 0.1935 -0.4069 0.6496, 0.2053 -0.4046 0.6496, 0.2171 -0.3992 0.6496, 0.2269 -0.3912 0.6496, -0.092 -0.3101 0.6496, -0.0975 -0.325 0.6496, 0.1842 -0.3032 0.6496, 0.1896 -0.3032 0.6496, 0.2318 -0.3251 0.6496, 0.224 -0.3164 0.6496, 0.2137 -0.3092 0.6496, 0.2021 -0.3048 0.6496, 0.1697 -0.263 0.6496, 0.1546 -0.2451 0.6496, 0.0023 -0.284 0.6496, 0.1534 -0.244 0.6496, 0.1347 -0.231 0.6496, 0.0125 -0.2629 0.6496, -0.0844 -0.299 0.6496, -0.0031 -0.2811 0.6496, 0.1833 -0.299 0.6496, 0.18 -0.2843 0.6496, -0.018 -0.2758 0.6496, -0.0329 -0.274 0.6496, -0.0392 -0.2743 0.6496, 0.0274 -0.2451 0.6496, 0.1139 -0.223 0.6496, 0.045 -0.2322 0.6496, 0.0913 -0.2202 0.6496, 0.0667 -0.2234 0.6496, -0.0557 -0.2781 0.6496, -0.0706 -0.2858 0.6496, -0.0829 -0.2968 0.6496, 0.2618 -0.299 0.6496, 0.2713 -0.3122 0.6496, 0.2772 -0.327 0.6496, 0.6768 -0.2047 0.6496, 0.6855 -0.2054 0.6496, 0.6984 -0.2054 0.6496, 0.7111 -0.2733 0.6496, 0.6768 -0.2733 0.6496, 0.7206 -0.2989 0.6496, 0.6768 -0.299 0.6496, 0.7339 -0.2989 0.6496, 0.9032 -0.299 0.6496, 0.9032 -0.2047 0.6496, 0.6722 -0.2733 0.6496, 0.6632 -0.2989 0.6496, 0.6473 -0.299 0.6496, 0.6499 -0.2989 0.6496, 0.6768 -0.2282 0.6496, 0.5381 -0.2568 0.6496, 0.5128 -0.2568 0.6496, 0.5381 -0.2882 0.6496, 0.5128 -0.2882 0.6496, 0.5598 -0.2047 0.6496, 0.5381 -0.2047 0.6496, 0.5489 -0.2054 0.6496, 0.5381 -0.2054 0.6496, 0.5489 -0.2162 0.6496, 0.551 -0.2882 0.6496, 0.5598 -0.299 0.6496, 0.551 -0.2989 0.6496, 0.5381 -0.299 0.6496, 0.5462 -0.2568 0.6496, 0.5462 -0.2461 0.6496, 0.5381 -0.2461 0.6496, 0.5381 -0.2162 0.6496, 0.5128 -0.2162 0.6496, 0.5128 -0.2461 0.6496, 0.5008 -0.2054 0.6496, 0.4954 -0.2047 0.6496, 0.5008 -0.2989 0.6496, 0.4821 -0.2077 0.6496, 0.4725 -0.2049 0.6496, 0.4698 -0.2047 0.6496, 0.5381 -0.2989 0.6496, 0.4821 -0.2203 0.6496, 0.4624 -0.2895 0.6496, 0.4729 -0.2875 0.6496, 0.4821 -0.2834 0.6496, 0.4821 -0.295 0.6496, 0.4294 -0.2735 0.6496, 0.434 -0.2798 0.6496, 0.4357 -0.2816 0.6496, 0.4418 -0.2859 0.6496, 0.4485 -0.2885 0.6496, 0.458 -0.2897 0.6496, 0.4716 -0.2161 0.6496, 0.4334 -0.2264 0.6496, 0.481 -0.2197 0.6496, 0.4291 -0.2331 0.6496, 0.4261 -0.2414 0.6496, 0.4601 -0.2148 0.6496, 0.4565 -0.2149 0.6496, 0.4346 -0.2251 0.6496, 0.4483 -0.2165 0.6496, 0.441 -0.2198 0.6496, 0.4248 -0.2532 0.6496, 0.4249 -0.2567 0.6496, 0.4264 -0.266 0.6496, 0.4163 0.7063 0.6496, 0.4599 -0.2039 0.6496, 0.4954 0.7063 0.6496, 0.4603 -0.2039 0.6496, 0.4188 -0.2265 0.6496, 0.4256 -0.2176 0.6496, 0.4278 -0.2155 0.6496, 0.4365 -0.2094 0.6496, 0.4163 -0.2752 0.6496, 0.4137 -0.2679 0.6496, 0.4107 -0.299 0.6496, 0.4121 -0.2539 0.6496, 0.4123 -0.2491 0.6496, 0.4107 -0.2047 0.6496, 0.4144 -0.2369 0.6496, 0.4163 -0.2324 0.6496, 0.4163 -0.327 0.6496, 0.4449 -0.299 0.6496, 0.4163 -0.299 0.6496, 0.4405 -0.2981 0.6496, 0.4317 -0.2939 0.6496, 0.4241 -0.2877 0.6496, 0.4226 -0.286 0.6496, 0.4173 -0.2779 0.6496, 0.4705 -0.2991 0.6496, 0.4954 -0.327 0.6496, 0.4562 -0.3004 0.6496, 0.4506 -0.3002 0.6496, -0.6634 -0.341 0.6496, -0.655 -0.3613 0.6496, -0.6521 -0.3829 0.6496, -0.655 -0.4046 0.6496, -0.6634 -0.4248 0.6496, -0.9032 -0.299 0.6496, -0.7778 -0.3104 0.6496, -0.7576 -0.302 0.6496, -0.7359 -0.2992 0.6496, -0.7142 -0.302 0.6496, -0.694 -0.3104 0.6496, -0.6767 -0.3237 0.6496, -0.6741 -0.327 0.6496, -0.8169 -0.3613 0.6496, -0.8085 -0.341 0.6496, -0.9032 -0.327 0.6496, -0.7977 -0.327 0.6496, -0.7952 -0.3237 0.6496, -0.7952 -0.4422 0.6496, -0.8085 -0.4248 0.6496, -0.9032 -0.4478 0.6496, -0.8169 -0.4046 0.6496, -0.8197 -0.3829 0.6496, -0.7359 -0.4667 0.6496, -0.7576 -0.4639 0.6496, -0.9032 -0.4726 0.6496, -0.7778 -0.4555 0.6496, -0.7878 -0.4478 0.6496, -0.6767 -0.4422 0.6496, -0.684 -0.4478 0.6496, -0.694 -0.4555 0.6496, -0.7142 -0.4639 0.6496, 0.6422 -0.2678 0.6496, 0.6376 -0.2775 0.6496, 0.6444 -0.2568 0.6496, 0.6115 -0.2047 0.6496, 0.6115 -0.2077 0.6496, 0.6473 -0.2047 0.6496, 0.6208 -0.2111 0.6496, 0.6396 -0.229 0.6496, 0.6431 -0.2379 0.6496, 0.6447 -0.251 0.6496, 0.6115 -0.2964 0.6496, 0.6115 -0.299 0.6496, 0.6208 -0.2928 0.6496, 0.6306 -0.2858 0.6496, 0.6306 -0.2178 0.6496, 0.6338 -0.2209 0.6496, 0.5953 -0.2054 0.6496, 0.6096 -0.207 0.6496, 0.6101 -0.297 0.6496, 0.5944 -0.2989 0.6496, 0.5687 -0.2989 0.6496, 0.5687 -0.2054 0.6496, 0.4252 -0.4152 0.6496, 0.427 -0.3964 0.6496, 0.4229 -0.4186 0.6496, 0.4213 -0.4227 0.6496, 0.4624 -0.447 0.6496, 0.4482 -0.4478 0.6496, 0.4741 -0.447 0.6496, 0.4954 -0.4478 0.6496, 0.4339 -0.4476 0.6496, 0.4295 -0.4458 0.6496, 0.4163 -0.4478 0.6496, 0.4227 -0.4388 0.6496, 0.4212 -0.4349 0.6496, 0.427 -0.385 0.6496, 0.4293 -0.3837 0.6496, 0.4624 -0.4367 0.6496, 0.4621 -0.4367 0.6496, 0.4593 -0.4407 0.6496, 0.4288 -0.4121 0.6496, 0.4338 -0.4096 0.6496, 0.4352 -0.3913 0.6496, 0.4426 -0.4074 0.6496, 0.4425 -0.3889 0.6496, 0.4555 -0.4443 0.6496, 0.4528 -0.446 0.6496, 0.4262 -0.4434 0.6496, 0.4252 -0.4423 0.6496, 0.4658 -0.3831 0.6496, 0.4905 -0.394 0.6496, 0.4619 -0.3809 0.6496, 0.492 -0.3902 0.6496, 0.4942 -0.3871 0.6496, 0.4624 -0.4046 0.6496, 0.462 -0.3997 0.6496, 0.4609 -0.3955 0.6496, 0.4205 -0.4292 0.6496, 0.4205 -0.4278 0.6496, 0.4689 -0.3861 0.6496, 0.4713 -0.3898 0.6496, 0.4732 -0.3951 0.6496, 0.438 -0.3803 0.6496, 0.45 -0.3788 0.6496, 0.4569 -0.3794 0.6496, 0.4595 -0.393 0.6496, 0.4577 -0.3911 0.6496, 0.4557 -0.3897 0.6496, 0.453 -0.3888 0.6496, 0.4489 -0.3883 0.6496, 0.4933 -0.4089 0.6496, 0.4917 -0.4063 0.6496, 0.4741 -0.4041 0.6496, 0.4905 -0.4027 0.6496, 0.49 -0.3983 0.6496, 0.4953 -0.4109 0.6496, 0.49 -0.4326 0.6496, 0.4954 -0.411 0.6496, 0.4942 -0.4353 0.6496, 0.4954 -0.4357 0.6496, 0.4416 -0.4486 0.6496, 0.4393 -0.4485 0.6496, 0.4163 -0.4726 0.6496, 0.4352 -0.4478 0.6496, 0.49 -0.4447 0.6496, 0.4954 -0.4466 0.6496, 0.4981 -0.4476 0.6496, 0.5005 -0.4478 0.6496, 0.5081 -0.4486 0.6496, 0.4954 -0.4726 0.6496, 0.5318 -0.3818 0.6496, 0.5318 -0.3931 0.6496, 0.4975 -0.3841 0.6496, 0.5003 -0.3824 0.6496, 0.4954 -0.386 0.6496, 0.5344 -0.4337 0.6496, 0.533 -0.4374 0.6496, 0.5307 -0.4405 0.6496, 0.5065 -0.38 0.6496, 0.516 -0.3788 0.6496, 0.5381 -0.327 0.6496, 0.5242 -0.3795 0.6496, 0.5311 -0.4179 0.6496, 0.5333 -0.4212 0.6496, 0.5346 -0.4246 0.6496, 0.535 -0.4289 0.6496, 0.5275 -0.4433 0.6496, 0.5241 -0.4453 0.6496, 0.5149 -0.3883 0.6496, 0.5114 -0.3886 0.6496, 0.5021 -0.3973 0.6496, 0.5083 -0.3894 0.6496, 0.5056 -0.3908 0.6496, 0.5022 -0.3988 0.6496, 0.5027 -0.4007 0.6496, 0.5035 -0.4022 0.6496, 0.5046 -0.4035 0.6496, 0.5088 -0.4061 0.6496, 0.5231 -0.3893 0.6496, 0.516 -0.4092 0.6496, 0.5297 -0.3919 0.6496, 0.5205 -0.4111 0.6496, 0.5283 -0.4154 0.6496, 0.5039 -0.3923 0.6496, 0.5029 -0.3938 0.6496, 0.5023 -0.3954 0.6496, 0.5015 -0.4381 0.6496, 0.5077 -0.4177 0.6496, 0.5008 -0.4145 0.6496, 0.5092 -0.4391 0.6496, 0.5097 -0.4391 0.6496, 0.5154 -0.4209 0.6496, 0.5157 -0.4384 0.6496, 0.523 -0.43 0.6496, 0.5229 -0.4286 0.6496, 0.5187 -0.4373 0.6496, 0.5198 -0.4366 0.6496, 0.5211 -0.4355 0.6496, 0.5222 -0.4339 0.6496, 0.5228 -0.4323 0.6496, 0.5224 -0.4268 0.6496, 0.5215 -0.4252 0.6496, 0.52 -0.4237 0.6496, 0.593 -0.3803 0.6496, 0.6051 -0.3803 0.6496, 0.6115 -0.327 0.6496, 0.5716 -0.4305 0.6496, 0.5731 -0.436 0.6496, 0.5734 -0.436 0.6496, 0.5598 -0.327 0.6496, 0.5598 -0.3966 0.6496, 0.5748 -0.4306 0.6496, 0.5739 -0.4337 0.6496, 0.5598 -0.428 0.6496, 0.5411 -0.3803 0.6496, 0.5542 -0.3803 0.6496, 0.5598 -0.4478 0.6496, 0.5669 -0.4478 0.6496, 0.5673 -0.4469 0.6496, 0.5598 -0.4632 0.6496, 0.5599 -0.4632 0.6496, 0.5621 -0.459 0.6496, 0.5381 -0.4726 0.6496, 0.5435 -0.4726 0.6496, 0.5435 -0.4671 0.6496, 0.5463 -0.468 0.6496, 0.5502 -0.4684 0.6496, 0.5528 -0.4682 0.6496, 0.5554 -0.4672 0.6496, 0.5577 -0.4656 0.6496, 0.5598 -0.555 0.6496, 0.5554 -0.478 0.6496, 0.5511 -0.4785 0.6496, 0.5381 -0.555 0.6496, 0.547 -0.4782 0.6496, 0.5435 -0.4775 0.6496, 0.5642 -0.4736 0.6496, 0.6115 -0.555 0.6496, 0.5601 -0.4763 0.6496, 0.5598 -0.4764 0.6496, 0.5785 -0.4478 0.6496, 0.5749 -0.4571 0.6496, 0.5712 -0.4648 0.6496, 0.6473 -0.405 0.6496, 0.6298 -0.405 0.6496, 0.6473 -0.4364 0.6496, 0.6298 -0.4364 0.6496, 0.6659 -0.3536 0.6496, 0.6659 -0.3644 0.6496, 0.6768 -0.327 0.6496, 0.668 -0.4364 0.6496, 0.6768 -0.4478 0.6496, 0.668 -0.447 0.6496, 0.6473 -0.4478 0.6496, 0.6632 -0.405 0.6496, 0.6632 -0.3943 0.6496, 0.6473 -0.3943 0.6496, 0.6473 -0.3644 0.6496, 0.6298 -0.3644 0.6496, 0.6298 -0.3943 0.6496, 0.6473 -0.447 0.6496, 0.6178 -0.447 0.6496, 0.6115 -0.4478 0.6496, 0.6178 -0.3536 0.6496, 0.6473 -0.3536 0.6496, 0.6473 -0.327 0.6496, 0.5381 0.7063 0.6496, 0.5598 0.7063 0.6496, 0.6115 0.7063 0.6496, 0.6473 0.7063 0.6496, 0.6768 0.7063 0.6496, 0.9032 0.7063 0.6496, 0.4107 0.7063 0.6496, 0.4083 -0.2882 0.6496, 0.4083 -0.2989 0.6496, 0.3591 -0.2989 0.6496, 0.3591 -0.2054 0.6496, 0.3711 -0.2054 0.6496, 0.3711 -0.2882 0.6496, -0.9032 0.7063 0.6496, -0.9032 -0.2047 0.6496, 0.9032 -0.327 0.6496, 0.4107 -0.327 0.6496, 0.7802 -0.447 0.6496, 0.7669 -0.447 0.6496, 0.8025 -0.3536 0.6496, 0.7601 -0.3861 0.6496, 0.7617 -0.3991 0.6496, 0.8154 -0.3536 0.6496, 0.9032 -0.4478 0.6496, 0.8509 -0.447 0.6496, 0.8376 -0.447 0.6496, 0.8281 -0.4215 0.6496, 0.7892 -0.4215 0.6496, 0.7614 -0.405 0.6496, 0.7592 -0.416 0.6496, 0.7546 -0.4257 0.6496, 0.7476 -0.434 0.6496, 0.7378 -0.441 0.6496, 0.7123 -0.3536 0.6496, 0.7265 -0.3552 0.6496, 0.7476 -0.366 0.6496, 0.7508 -0.3691 0.6496, 0.7566 -0.3772 0.6496, 0.7378 -0.3593 0.6496, 0.7271 -0.4451 0.6496, 0.7113 -0.447 0.6496, 0.6856 -0.447 0.6496, 0.6856 -0.3536 0.6496, 0.4107 -0.4478 0.6496, 0.3591 -0.447 0.6496, 0.4093 -0.447 0.6496, 0.4093 -0.4364 0.6496, 0.4072 -0.3644 0.6496, 0.3591 -0.3536 0.6496, 0.4072 -0.3536 0.6496, 0.3711 -0.405 0.6496, 0.3711 -0.4364 0.6496, 0.4045 -0.405 0.6496, 0.4045 -0.3943 0.6496, 0.3711 -0.3943 0.6496, 0.3711 -0.3644 0.6496, 0.6473 -0.4726 0.6496, 0.6768 -0.4726 0.6496, 0.9032 -0.4726 0.6496, 0.4107 -0.4726 0.6496, 0.6473 -0.555 0.6496, 0.6768 -0.555 0.6496, 0.9032 -0.555 0.6496, 0.4107 -0.555 0.6496, 0.4163 -0.555 0.6496, 0.4954 -0.555 0.6496, -0.9032 -0.555 0.6496, 0.6496 -0.4134 0.0197, 0.9032 -0.7063 0.0197, -0.6496 -0.4134 0.0197, -0.9032 -0.7063 0.0197, -0.6496 0.4134 0.0197, -0.9032 0.7063 0.0197, 0.6496 0.4134 0.0197, 0.9032 0.7063 0.0197, -0.9646 0.7677 0.3346, -0.8661 0.7677 0.3346, -0.8661 0.7622 0.2953, -0.7087 0.7677 0.3346, -0.4724 0.7677 0.3346, -0.7087 0.7622 0.2953, -0.4724 0.7622 0.2953, -0.9227 0.7258 0.0366, 0.9032 0.7258 0.0366, -0.315 0.7622 0.2953, 0.0787 0.7622 0.2953, 0.0787 0.7677 0.3346, 0.315 0.7677 0.3346, 0.315 0.7622 0.2953, 0.4724 0.7622 0.2953, -0.0787 0.7622 0.2953, -0.0787 0.7677 0.3346, -0.315 0.7677 0.3346, 0.8661 0.7677 0.3346, 0.9451 0.7677 0.3346, 0.8661 0.7622 0.2953, 0.7087 0.7622 0.2953, 0.7087 0.7677 0.3346, 0.4724 0.7677 0.3346, 0.8661 0.7611 0.3819, 0.7087 0.7611 0.3819, 0.4724 0.7611 0.3819, 0.9032 0.7258 0.6327, -0.9227 0.7258 0.6327, 0.315 0.7611 0.3819, -0.0787 0.7611 0.3819, -0.315 0.7611 0.3819, -0.4724 0.7611 0.3819, 0.0787 0.7611 0.3819, -0.8661 0.7611 0.3819, -0.7087 0.7611 0.3819, 0.9451 -0.7677 0.3346, 0.8661 -0.7677 0.3346, 0.8661 -0.7622 0.2953, 0.7087 -0.7677 0.3346, 0.4724 -0.7677 0.3346, 0.7087 -0.7622 0.2953, 0.4724 -0.7622 0.2953, 0.9032 -0.7258 0.0366, -0.9032 -0.7258 0.0366, 0.315 -0.7622 0.2953, -0.0787 -0.7622 0.2953, -0.0787 -0.7677 0.3346, -0.315 -0.7677 0.3346, -0.315 -0.7622 0.2953, -0.4724 -0.7622 0.2953, 0.0787 -0.7622 0.2953, 0.0787 -0.7677 0.3346, 0.315 -0.7677 0.3346, -0.8661 -0.7677 0.3346, -0.9451 -0.7677 0.3346, -0.8661 -0.7622 0.2953, -0.7087 -0.7622 0.2953, -0.7087 -0.7677 0.3346, -0.4724 -0.7677 0.3346, -0.9211 -0.7438 0.5051, -0.7087 -0.7611 0.3819, -0.4724 -0.7611 0.3819, -0.8661 -0.7611 0.3819, 0.9211 -0.7438 0.5051, -0.315 -0.7611 0.3819, 0.0787 -0.7611 0.3819, 0.315 -0.7611 0.3819, 0.4724 -0.7611 0.3819, -0.0787 -0.7611 0.3819, 0.8661 -0.7611 0.3819, 0.7087 -0.7611 0.3819, 0.9227 -0.7063 0.0366, 0.9227 0.7063 0.0366, 0.9646 -0.7482 0.3346, 0.9646 0.7482 0.3346, -0.9227 -0.7063 0.0366, -0.9646 -0.7482 0.3346, 0.9227 0.7063 0.6327, 0.9227 -0.555 0.6327, 0.9406 -0.7243 0.5051, -0.9227 -0.555 0.6327, -0.9406 -0.7243 0.5051
            ]
        }
        coordIndex [
            0,1,2,-1,3,4,5,-1,6,7,8,-1,9,10,11,-1,12,13,14,-1,15,16,17,-1,18,19,20,-1,20,19,21,-1,22,23,20,-1,20,23,24,-1,20,24,25,-1,25,26,20,-1,20,26,27,-1,20,27,18,-1,28,29,30,-1,30,29,31,-1,31,29,32,-1,31,32,33,-1,28,30,34,-1,34,30,35,-1,34,35,36,-1,37,38,35,-1,35,38,39,-1,35,39,40,-1,35,41,36,-1,36,41,42,-1,36,42,43,-1,43,42,44,-1,43,44,45,-1,40,46,35,-1,35,46,47,-1,35,47,41,-1,48,49,50,-1,48,50,51,-1,49,52,50,-1,50,52,53,-1,50,53,54,-1,54,53,55,-1,55,56,54,-1,54,56,57,-1,54,57,37,-1,37,57,58,-1,37,58,38,-1,59,51,60,-1,60,51,50,-1,60,50,61,-1,61,50,62,-1,62,50,63,-1,63,50,64,-1,63,64,65,-1,65,64,66,-1,65,66,67,-1,16,68,69,-1,69,68,70,-1,70,71,69,-1,69,71,72,-1,69,72,66,-1,66,72,73,-1,66,73,67,-1,15,17,13,-1,74,75,76,-1,77,78,79,-1,79,78,80,-1,81,82,12,-1,12,82,83,-1,84,85,78,-1,78,85,86,-1,78,86,87,-1,88,89,90,-1,90,89,91,-1,90,91,92,-1,93,94,95,-1,95,94,96,-1,97,87,98,-1,98,87,99,-1,98,99,90,-1,90,99,100,-1,90,100,88,-1,101,102,14,-1,14,102,103,-1,14,103,104,-1,76,75,14,-1,14,75,105,-1,14,105,101,-1,96,106,95,-1,95,106,107,-1,95,107,108,-1,97,109,87,-1,87,109,110,-1,87,110,78,-1,78,110,111,-1,78,111,80,-1,104,112,14,-1,14,112,113,-1,14,113,12,-1,12,113,114,-1,12,114,81,-1,115,116,117,-1,117,116,118,-1,117,118,95,-1,95,118,119,-1,95,119,93,-1,83,120,12,-1,12,120,121,-1,12,121,122,-1,122,121,115,-1,122,115,123,-1,123,115,117,-1,124,125,95,-1,95,125,126,-1,95,126,78,-1,78,126,127,-1,78,127,84,-1,108,128,95,-1,95,128,129,-1,95,129,130,-1,130,131,95,-1,95,131,132,-1,95,132,124,-1,133,134,135,-1,134,87,135,-1,135,87,86,-1,135,86,136,-1,136,86,137,-1,137,138,136,-1,136,138,139,-1,136,139,140,-1,141,142,143,-1,142,144,143,-1,143,144,145,-1,143,145,146,-1,147,143,148,-1,133,135,147,-1,147,135,149,-1,147,149,143,-1,143,149,150,-1,143,150,141,-1,148,151,147,-1,147,151,152,-1,147,152,153,-1,146,145,154,-1,154,145,155,-1,154,155,156,-1,156,155,157,-1,156,157,158,-1,159,160,153,-1,153,160,161,-1,153,161,147,-1,19,162,21,-1,21,162,163,-1,21,163,76,-1,76,163,164,-1,76,164,74,-1,165,166,167,-1,168,169,170,-1,170,169,171,-1,170,171,172,-1,172,171,173,-1,172,173,167,-1,167,173,174,-1,167,174,165,-1,169,175,171,-1,171,175,176,-1,171,176,177,-1,177,176,178,-1,177,178,179,-1,180,181,182,-1,182,181,183,-1,184,185,186,-1,186,185,187,-1,186,188,184,-1,184,188,189,-1,184,189,190,-1,190,189,191,-1,190,191,192,-1,180,182,193,-1,193,182,189,-1,193,189,194,-1,194,189,188,-1,194,188,195,-1,188,196,195,-1,195,196,197,-1,195,197,198,-1,187,185,199,-1,199,185,200,-1,199,200,201,-1,202,200,203,-1,203,200,204,-1,191,205,192,-1,192,205,201,-1,192,201,11,-1,11,201,200,-1,11,200,206,-1,206,200,202,-1,207,208,206,-1,206,208,209,-1,206,209,11,-1,11,209,210,-1,11,210,9,-1,211,212,206,-1,206,212,213,-1,206,213,214,-1,214,215,206,-1,206,215,216,-1,206,216,207,-1,217,218,219,-1,219,218,220,-1,219,220,221,-1,217,222,218,-1,218,222,223,-1,218,223,224,-1,224,223,225,-1,224,225,226,-1,221,227,219,-1,219,227,228,-1,219,228,206,-1,206,228,229,-1,206,229,211,-1,230,231,232,-1,232,231,233,-1,232,233,204,-1,8,234,235,-1,235,236,8,-1,8,236,237,-1,8,237,6,-1,238,239,240,-1,240,239,241,-1,241,242,243,-1,243,242,244,-1,243,244,8,-1,8,244,245,-1,8,245,234,-1,246,247,248,-1,248,247,249,-1,248,249,250,-1,250,251,248,-1,248,251,252,-1,248,252,253,-1,10,254,255,-1,255,254,256,-1,255,256,246,-1,246,256,257,-1,246,257,247,-1,258,259,54,-1,54,259,260,-1,54,260,50,-1,50,260,261,-1,50,261,262,-1,263,264,265,-1,266,267,37,-1,267,268,37,-1,37,268,269,-1,37,269,54,-1,54,269,270,-1,54,270,258,-1,271,272,273,-1,273,272,274,-1,273,274,263,-1,263,274,275,-1,263,275,264,-1,276,277,278,-1,278,277,279,-1,278,279,273,-1,273,279,280,-1,273,280,271,-1,281,282,283,-1,283,282,284,-1,283,284,278,-1,278,284,285,-1,278,285,276,-1,262,286,50,-1,50,286,287,-1,50,287,64,-1,64,287,288,-1,64,288,289,-1,290,291,177,-1,290,177,292,-1,293,294,295,-1,295,294,296,-1,297,298,295,-1,295,298,299,-1,300,301,302,-1,302,301,177,-1,302,177,303,-1,303,177,291,-1,296,304,295,-1,295,304,305,-1,295,305,297,-1,166,165,179,-1,179,165,295,-1,179,295,177,-1,177,295,299,-1,177,299,292,-1,184,306,293,-1,293,306,307,-1,293,307,294,-1,300,308,301,-1,301,308,309,-1,301,309,190,-1,190,309,310,-1,190,310,184,-1,184,310,311,-1,184,311,306,-1,312,313,314,-1,314,313,315,-1,316,317,318,-1,318,317,319,-1,320,321,322,-1,322,323,324,-1,246,325,326,-1,327,328,316,-1,316,328,329,-1,312,330,313,-1,313,330,331,-1,313,331,332,-1,332,331,333,-1,332,333,334,-1,329,335,316,-1,316,335,336,-1,316,336,317,-1,321,337,322,-1,322,337,338,-1,322,338,323,-1,339,340,341,-1,341,340,342,-1,341,342,343,-1,344,345,333,-1,333,345,346,-1,324,347,322,-1,322,347,348,-1,322,348,246,-1,246,348,315,-1,246,315,325,-1,325,315,313,-1,339,349,340,-1,340,349,350,-1,340,350,351,-1,326,352,246,-1,246,352,353,-1,246,353,354,-1,346,355,333,-1,333,355,356,-1,333,356,357,-1,357,358,333,-1,333,358,359,-1,333,359,334,-1,360,361,362,-1,362,361,363,-1,362,363,351,-1,351,363,364,-1,351,364,340,-1,365,366,367,-1,367,366,368,-1,367,368,369,-1,370,371,372,-1,372,371,373,-1,365,360,366,-1,366,360,362,-1,366,362,374,-1,374,362,318,-1,374,318,375,-1,375,318,319,-1,375,319,376,-1,376,319,377,-1,378,377,379,-1,379,377,319,-1,379,319,372,-1,372,319,317,-1,372,317,370,-1,380,381,5,-1,382,383,255,-1,354,341,246,-1,246,341,343,-1,246,343,255,-1,255,343,384,-1,255,384,382,-1,385,386,5,-1,5,386,387,-1,383,388,255,-1,255,388,389,-1,255,389,390,-1,390,389,391,-1,390,391,380,-1,392,393,381,-1,381,393,394,-1,381,394,5,-1,5,394,395,-1,5,395,385,-1,387,396,5,-1,5,396,397,-1,5,397,3,-1,398,399,400,-1,400,399,401,-1,400,401,402,-1,400,403,398,-1,398,403,404,-1,398,404,405,-1,405,406,398,-1,398,406,407,-1,398,407,408,-1,408,407,409,-1,408,409,410,-1,410,409,411,-1,410,411,381,-1,381,411,412,-1,381,412,392,-1,413,414,402,-1,402,414,415,-1,402,415,400,-1,416,417,369,-1,369,417,418,-1,369,418,367,-1,416,419,417,-1,417,419,420,-1,417,420,421,-1,421,420,422,-1,421,423,424,-1,422,425,421,-1,421,425,426,-1,421,426,427,-1,427,428,421,-1,421,428,429,-1,421,429,423,-1,424,430,421,-1,421,430,431,-1,421,431,432,-1,433,434,435,-1,436,437,438,-1,435,439,433,-1,433,439,440,-1,433,440,441,-1,441,440,436,-1,441,436,442,-1,442,436,438,-1,443,444,5,-1,380,5,390,-1,390,5,444,-1,390,444,439,-1,439,444,445,-1,439,445,440,-1,5,446,443,-1,443,446,447,-1,443,447,448,-1,449,450,446,-1,446,450,451,-1,446,451,447,-1,452,453,454,-1,378,379,4,-1,4,379,452,-1,4,452,5,-1,5,452,454,-1,5,454,446,-1,454,455,446,-1,446,455,456,-1,446,456,457,-1,457,458,446,-1,446,458,459,-1,446,459,449,-1,460,461,462,-1,460,462,463,-1,463,462,464,-1,463,464,465,-1,1,466,467,-1,467,466,468,-1,467,468,460,-1,460,468,469,-1,460,469,461,-1,470,471,2,-1,2,471,472,-1,2,472,0,-1,473,474,475,-1,475,474,476,-1,477,478,479,-1,479,478,480,-1,479,480,481,-1,481,480,482,-1,481,482,483,-1,473,475,484,-1,484,475,480,-1,484,480,485,-1,485,480,478,-1,485,478,486,-1,478,487,486,-1,486,487,488,-1,486,488,489,-1,482,490,483,-1,483,490,491,-1,483,491,492,-1,492,491,493,-1,477,479,494,-1,494,479,495,-1,494,495,493,-1,493,495,435,-1,493,435,492,-1,492,435,434,-1,492,434,470,-1,204,200,232,-1,232,200,185,-1,232,185,496,-1,496,185,184,-1,496,184,497,-1,497,184,293,-1,497,293,498,-1,498,293,295,-1,498,295,499,-1,499,295,165,-1,499,165,500,-1,500,165,174,-1,500,174,501,-1,31,243,502,-1,502,243,8,-1,502,8,230,-1,230,8,7,-1,230,7,231,-1,241,243,240,-1,240,243,503,-1,240,503,504,-1,21,505,20,-1,20,505,506,-1,20,506,507,-1,508,503,507,-1,507,503,243,-1,507,243,20,-1,20,243,31,-1,20,31,22,-1,22,31,33,-1,30,509,35,-1,35,509,510,-1,35,510,37,-1,37,510,263,-1,37,263,266,-1,266,263,265,-1,10,255,11,-1,11,255,390,-1,11,390,192,-1,192,390,439,-1,192,439,190,-1,190,439,435,-1,190,435,301,-1,301,435,495,-1,301,495,177,-1,177,495,479,-1,177,479,171,-1,171,479,511,-1,171,511,173,-1,504,505,240,-1,240,505,21,-1,240,21,512,-1,512,21,76,-1,513,514,481,-1,515,516,517,-1,479,515,511,-1,511,515,518,-1,511,518,519,-1,519,518,520,-1,519,520,521,-1,522,523,521,-1,521,523,513,-1,521,513,519,-1,519,513,481,-1,515,517,514,-1,514,517,524,-1,514,524,525,-1,525,526,514,-1,514,526,527,-1,514,527,528,-1,529,530,479,-1,531,532,515,-1,515,532,533,-1,515,533,516,-1,479,530,515,-1,515,530,534,-1,515,534,531,-1,528,535,514,-1,514,535,536,-1,514,536,481,-1,481,536,537,-1,481,537,479,-1,479,537,538,-1,479,538,529,-1,253,238,248,-1,248,238,240,-1,248,240,246,-1,246,240,512,-1,246,512,322,-1,322,512,539,-1,14,539,540,-1,540,539,541,-1,541,539,542,-1,542,539,512,-1,542,512,543,-1,14,540,76,-1,76,540,544,-1,76,544,512,-1,512,544,545,-1,512,545,543,-1,546,547,548,-1,548,547,542,-1,548,542,549,-1,549,542,543,-1,549,543,550,-1,550,543,551,-1,470,2,492,-1,492,2,552,-1,492,552,483,-1,483,552,553,-1,483,553,481,-1,481,553,554,-1,481,554,519,-1,13,17,14,-1,14,17,555,-1,14,555,539,-1,539,555,372,-1,539,372,322,-1,322,372,373,-1,322,373,320,-1,1,467,2,-1,2,467,556,-1,2,556,552,-1,552,556,557,-1,552,557,553,-1,553,557,558,-1,553,558,554,-1,16,69,17,-1,17,69,559,-1,17,559,555,-1,555,559,560,-1,555,560,372,-1,372,560,561,-1,372,561,379,-1,379,561,463,-1,379,463,452,-1,452,463,465,-1,452,465,453,-1,289,281,64,-1,64,281,283,-1,64,283,66,-1,66,283,562,-1,563,564,565,-1,565,564,566,-1,565,566,567,-1,567,566,568,-1,567,568,569,-1,569,568,570,-1,569,570,563,-1,563,570,564,-1,571,572,573,-1,574,575,576,-1,576,575,577,-1,571,573,578,-1,578,573,576,-1,578,576,579,-1,579,576,577,-1,579,577,580,-1,581,582,583,-1,584,585,579,-1,583,584,581,-1,581,584,579,-1,581,579,586,-1,586,579,580,-1,586,580,587,-1,587,580,588,-1,589,590,591,-1,591,590,579,-1,591,579,592,-1,592,579,585,-1,592,585,593,-1,593,585,594,-1,590,589,595,-1,593,594,596,-1,596,594,597,-1,590,595,598,-1,598,595,596,-1,598,596,599,-1,599,596,597,-1,599,597,600,-1,601,587,588,-1,602,603,599,-1,588,602,601,-1,601,602,599,-1,601,599,604,-1,604,599,600,-1,604,600,582,-1,582,600,583,-1,572,571,605,-1,605,571,599,-1,605,599,606,-1,606,599,603,-1,606,603,574,-1,574,603,575,-1,607,608,609,-1,610,611,612,-1,612,611,613,-1,607,609,614,-1,614,609,612,-1,614,612,615,-1,615,612,613,-1,615,613,616,-1,617,618,619,-1,620,621,615,-1,619,620,617,-1,617,620,615,-1,617,615,622,-1,622,615,616,-1,622,616,623,-1,623,616,624,-1,625,626,627,-1,627,626,615,-1,627,615,628,-1,628,615,621,-1,628,621,629,-1,629,621,630,-1,631,626,625,-1,629,630,632,-1,632,630,633,-1,625,634,631,-1,631,634,632,-1,631,632,635,-1,635,632,633,-1,635,633,636,-1,637,623,624,-1,638,639,635,-1,624,638,637,-1,637,638,635,-1,637,635,640,-1,640,635,636,-1,640,636,618,-1,618,636,619,-1,608,607,641,-1,641,607,635,-1,641,635,642,-1,642,635,639,-1,642,639,610,-1,610,639,611,-1,643,644,645,-1,645,644,646,-1,647,648,578,-1,578,648,571,-1,646,649,645,-1,645,649,650,-1,645,650,651,-1,599,571,652,-1,652,571,648,-1,652,648,653,-1,
        ]
    }
}
Shape{
    appearance Appearance {
        material  Material 	{
            diffuseColor 0.0 0.0 0.0
            specularColor 0.0 0.0 0.0
            ambientIntensity 0.0
            transparency 0.0
            shininess 0.5
        }
    }
    geometry IndexedFaceSet {
        ccw TRUE
        solid FALSE
        coord DEF co Coordinate {
            point [
                -0.6634 -0.341 0.6492, -0.6741 -0.327 0.6496, -0.6767 -0.3237 0.6492, -0.6767 -0.3237 0.6496, -0.694 -0.3104 0.6492, -0.694 -0.3104 0.6496, -0.7142 -0.302 0.6492, -0.7142 -0.302 0.6496, -0.7359 -0.2992 0.6492, -0.7359 -0.2992 0.6496, -0.7576 -0.302 0.6492, -0.7576 -0.302 0.6496, -0.7778 -0.3104 0.6492, -0.7778 -0.3104 0.6496, -0.7952 -0.3237 0.6492, -0.7952 -0.3237 0.6496, -0.7977 -0.327 0.6496, -0.8085 -0.341 0.6492, -0.8085 -0.341 0.6496, -0.8169 -0.3613 0.6492, -0.8169 -0.3613 0.6496, -0.8197 -0.3829 0.6492, -0.8197 -0.3829 0.6496, -0.8169 -0.4046 0.6492, -0.8169 -0.4046 0.6496, -0.8085 -0.4248 0.6492, -0.8085 -0.4248 0.6496, -0.7952 -0.4422 0.6492, -0.7952 -0.4422 0.6496, -0.7878 -0.4478 0.6496, -0.7778 -0.4555 0.6492, -0.7778 -0.4555 0.6496, -0.7576 -0.4639 0.6492, -0.7576 -0.4639 0.6496, -0.7359 -0.4667 0.6492, -0.7359 -0.4667 0.6496, -0.7142 -0.4639 0.6492, -0.7142 -0.4639 0.6496, -0.694 -0.4555 0.6492, -0.694 -0.4555 0.6496, -0.684 -0.4478 0.6496, -0.6767 -0.4422 0.6492, -0.6767 -0.4422 0.6496, -0.6634 -0.4248 0.6492, -0.6634 -0.4248 0.6496, -0.655 -0.4046 0.6492, -0.655 -0.4046 0.6496, -0.6521 -0.3829 0.6492, -0.6521 -0.3829 0.6496, -0.655 -0.3613 0.6492, -0.655 -0.3613 0.6496, -0.6634 -0.341 0.6496, -0.7359 -0.3829 0.6492
            ]
        }
        coordIndex [
            0,1,2,-1,2,1,3,-1,2,3,4,-1,4,3,5,-1,4,5,6,-1,6,5,7,-1,6,7,8,-1,8,7,9,-1,8,9,10,-1,10,9,11,-1,10,11,12,-1,12,11,13,-1,12,13,14,-1,13,15,14,-1,14,15,16,-1,14,16,17,-1,17,16,18,-1,17,18,19,-1,19,18,20,-1,19,20,21,-1,21,20,22,-1,21,22,23,-1,23,22,24,-1,23,24,25,-1,25,24,26,-1,25,26,27,-1,26,28,27,-1,27,28,29,-1,27,29,30,-1,30,29,31,-1,30,31,32,-1,32,31,33,-1,32,33,34,-1,34,33,35,-1,34,35,36,-1,36,35,37,-1,36,37,38,-1,37,39,38,-1,38,39,40,-1,38,40,41,-1,41,40,42,-1,41,42,43,-1,43,42,44,-1,43,44,45,-1,45,44,46,-1,45,46,47,-1,47,46,48,-1,47,48,49,-1,49,48,50,-1,49,50,0,-1,0,50,51,-1,0,51,1,-1,43,45,52,-1,52,45,47,-1,52,47,49,-1,36,38,52,-1,52,38,41,-1,52,41,43,-1,30,32,52,-1,52,32,34,-1,52,34,36,-1,23,25,52,-1,52,25,27,-1,52,27,30,-1,17,19,52,-1,52,19,21,-1,52,21,23,-1,10,12,52,-1,52,12,14,-1,52,14,17,-1,4,6,52,-1,52,6,8,-1,52,8,10,-1,49,0,52,-1,52,0,2,-1,52,2,4,-1,
        ]
    }
}
Shape{
    appearance Appearance {
        material  Material 	{
            diffuseColor 0.7529411764705882 0.7529411764705882 0.7529411764705882
            specularColor 0.3764705882352941 0.3764705882352941 0.3764705882352941
            ambientIntensity 0.7529
            transparency 0.0
            shininess 0.5
        }
    }
    geometry IndexedFaceSet {
        ccw TRUE
        solid FALSE
        coord DEF co Coordinate {
            point [
                -0.0787 -0.7611 0.3819, -0.0787 -0.8599 0.3819, 0.0787 -0.7611 0.3819, 0.0787 -0.8599 0.3819, 0.0787 -1.1811 0.0866, 0.0787 -1.0078 0.0866, -0.0787 -1.1811 0.0866, -0.0787 -1.0078 0.0866, 0.0787 -1.1811 0.0, -0.0787 -1.1811 0.0, 0.0787 -1.0078 0.0, -0.0787 -1.0078 0.0, -0.0787 -0.9851 0.0027, 0.0787 -0.9851 0.0027, -0.0787 -0.9636 0.0105, 0.0787 -0.9636 0.0105, -0.0787 -0.9445 0.023, 0.0787 -0.9445 0.023, -0.0787 -0.9288 0.0396, 0.0787 -0.9288 0.0396, -0.0787 -0.9174 0.0594, 0.0787 -0.9174 0.0594, -0.0787 -0.9109 0.0813, 0.0787 -0.9109 0.0813, 0.0787 -0.8754 0.2823, -0.0787 -0.8754 0.2823, 0.0787 -0.8744 0.2858, -0.0787 -0.8744 0.2858, 0.0787 -0.8725 0.2889, -0.0787 -0.8725 0.2889, 0.0787 -0.87 0.2916, -0.0787 -0.87 0.2916, 0.0787 -0.867 0.2936, -0.0787 -0.867 0.2936, 0.0787 -0.8635 0.2949, -0.0787 -0.8635 0.2949, 0.0787 -0.8599 0.2953, -0.0787 -0.8599 0.2953, 0.0787 -0.7622 0.2953, -0.0787 -0.7622 0.2953, -0.0787 -0.8835 0.3791, 0.0787 -0.8835 0.3791, -0.0787 -0.9059 0.371, 0.0787 -0.9059 0.371, -0.0787 -0.9257 0.3579, 0.0787 -0.9257 0.3579, -0.0787 -0.942 0.3407, 0.0787 -0.942 0.3407, -0.0787 -0.9539 0.3201, 0.0787 -0.9539 0.3201, -0.0787 -0.9607 0.2973, 0.0787 -0.9607 0.2973, 0.0787 -0.9962 0.0964, -0.0787 -0.9962 0.0964, 0.0787 -0.9969 0.0937, -0.0787 -0.9969 0.0937, 0.0787 -0.9983 0.0914, -0.0787 -0.9983 0.0914, 0.0787 -1.0002 0.0894, -0.0787 -1.0002 0.0894, 0.0787 -1.0025 0.0879, -0.0787 -1.0025 0.0879, 0.0787 -1.0051 0.0869, -0.0787 -1.0051 0.0869, 0.0787 -0.7677 0.3346, -0.0787 -0.7677 0.3346, 0.4724 -1.1811 0.0866, 0.4724 -1.0078 0.0866, 0.315 -1.1811 0.0866, 0.315 -1.0078 0.0866, 0.4724 -1.1811 0.0, 0.315 -1.1811 0.0, 0.4724 -1.0078 0.0, 0.315 -1.0078 0.0, 0.315 -0.9851 0.0027, 0.4724 -0.9851 0.0027, 0.315 -0.9636 0.0105, 0.4724 -0.9636 0.0105, 0.315 -0.9445 0.023, 0.4724 -0.9445 0.023, 0.315 -0.9288 0.0396, 0.4724 -0.9288 0.0396, 0.315 -0.9174 0.0594, 0.4724 -0.9174 0.0594, 0.315 -0.9109 0.0813, 0.4724 -0.9109 0.0813, 0.4724 -0.8754 0.2823, 0.315 -0.8754 0.2823, 0.4724 -0.8744 0.2858, 0.315 -0.8744 0.2858, 0.4724 -0.8725 0.2889, 0.315 -0.8725 0.2889, 0.4724 -0.87 0.2916, 0.315 -0.87 0.2916, 0.4724 -0.867 0.2936, 0.315 -0.867 0.2936, 0.4724 -0.8635 0.2949, 0.315 -0.8635 0.2949, 0.4724 -0.8599 0.2953, 0.315 -0.8599 0.2953, 0.4724 -0.7622 0.2953, 0.315 -0.7622 0.2953, 0.315 -0.7611 0.3819, 0.315 -0.8599 0.3819, 0.4724 -0.7611 0.3819, 0.4724 -0.8599 0.3819, 0.315 -0.8835 0.3791, 0.4724 -0.8835 0.3791, 0.315 -0.9059 0.371, 0.4724 -0.9059 0.371, 0.315 -0.9257 0.3579, 0.4724 -0.9257 0.3579, 0.315 -0.942 0.3407, 0.4724 -0.942 0.3407, 0.315 -0.9539 0.3201, 0.4724 -0.9539 0.3201, 0.315 -0.9607 0.2973, 0.4724 -0.9607 0.2973, 0.4724 -0.9962 0.0964, 0.315 -0.9962 0.0964, 0.4724 -0.7677 0.3346, 0.4724 -1.0051 0.0869, 0.4724 -1.0025 0.0879, 0.4724 -1.0002 0.0894, 0.4724 -0.9983 0.0914, 0.4724 -0.9969 0.0937, 0.315 -0.9969 0.0937, 0.315 -0.9983 0.0914, 0.315 -1.0002 0.0894, 0.315 -1.0025 0.0879, 0.315 -1.0051 0.0869, 0.315 -0.7677 0.3346, 0.8661 -1.1811 0.0866, 0.8661 -1.0078 0.0866, 0.7087 -1.1811 0.0866, 0.7087 -1.0078 0.0866, 0.8661 -1.1811 0.0, 0.7087 -1.1811 0.0, 0.8661 -1.0078 0.0, 0.7087 -1.0078 0.0, 0.7087 -0.9851 0.0027, 0.8661 -0.9851 0.0027, 0.7087 -0.9636 0.0105, 0.8661 -0.9636 0.0105, 0.7087 -0.9445 0.023, 0.8661 -0.9445 0.023, 0.7087 -0.9288 0.0396, 0.8661 -0.9288 0.0396, 0.7087 -0.9174 0.0594, 0.8661 -0.9174 0.0594, 0.7087 -0.9109 0.0813, 0.8661 -0.9109 0.0813, 0.8661 -0.8754 0.2823, 0.7087 -0.8754 0.2823, 0.8661 -0.8744 0.2858, 0.7087 -0.8744 0.2858, 0.8661 -0.8725 0.2889, 0.7087 -0.8725 0.2889, 0.8661 -0.87 0.2916, 0.7087 -0.87 0.2916, 0.8661 -0.867 0.2936, 0.7087 -0.867 0.2936, 0.8661 -0.8635 0.2949, 0.7087 -0.8635 0.2949, 0.8661 -0.8599 0.2953, 0.7087 -0.8599 0.2953, 0.8661 -0.7622 0.2953, 0.7087 -0.7622 0.2953, 0.7087 -0.7611 0.3819, 0.7087 -0.8599 0.3819, 0.8661 -0.7611 0.3819, 0.8661 -0.8599 0.3819, 0.7087 -0.8835 0.3791, 0.8661 -0.8835 0.3791, 0.7087 -0.9059 0.371, 0.8661 -0.9059 0.371, 0.7087 -0.9257 0.3579, 0.8661 -0.9257 0.3579, 0.7087 -0.942 0.3407, 0.8661 -0.942 0.3407, 0.7087 -0.9539 0.3201, 0.8661 -0.9539 0.3201, 0.7087 -0.9607 0.2973, 0.8661 -0.9607 0.2973, 0.8661 -0.9962 0.0964, 0.7087 -0.9962 0.0964, 0.8661 -0.7677 0.3346, 0.8661 -1.0051 0.0869, 0.8661 -1.0025 0.0879, 0.8661 -1.0002 0.0894, 0.8661 -0.9983 0.0914, 0.8661 -0.9969 0.0937, 0.7087 -0.9969 0.0937, 0.7087 -0.9983 0.0914, 0.7087 -1.0002 0.0894, 0.7087 -1.0025 0.0879, 0.7087 -1.0051 0.0869, 0.7087 -0.7677 0.3346, -0.315 -1.1811 0.0866, -0.315 -1.0078 0.0866, -0.4724 -1.1811 0.0866, -0.4724 -1.0078 0.0866, -0.315 -1.1811 0.0, -0.4724 -1.1811 0.0, -0.315 -1.0078 0.0, -0.4724 -1.0078 0.0, -0.4724 -0.9851 0.0027, -0.315 -0.9851 0.0027, -0.4724 -0.9636 0.0105, -0.315 -0.9636 0.0105, -0.4724 -0.9445 0.023, -0.315 -0.9445 0.023, -0.4724 -0.9288 0.0396, -0.315 -0.9288 0.0396, -0.4724 -0.9174 0.0594, -0.315 -0.9174 0.0594, -0.4724 -0.9109 0.0813, -0.315 -0.9109 0.0813, -0.315 -0.8754 0.2823, -0.4724 -0.8754 0.2823, -0.315 -0.8744 0.2858, -0.4724 -0.8744 0.2858, -0.315 -0.8725 0.2889, -0.4724 -0.8725 0.2889, -0.315 -0.87 0.2916, -0.4724 -0.87 0.2916, -0.315 -0.867 0.2936, -0.4724 -0.867 0.2936, -0.315 -0.8635 0.2949, -0.4724 -0.8635 0.2949, -0.315 -0.8599 0.2953, -0.4724 -0.8599 0.2953, -0.315 -0.7622 0.2953, -0.4724 -0.7622 0.2953, -0.4724 -0.7611 0.3819, -0.4724 -0.8599 0.3819, -0.315 -0.7611 0.3819, -0.315 -0.8599 0.3819, -0.4724 -0.8835 0.3791, -0.315 -0.8835 0.3791, -0.4724 -0.9059 0.371, -0.315 -0.9059 0.371, -0.4724 -0.9257 0.3579, -0.315 -0.9257 0.3579, -0.4724 -0.942 0.3407, -0.315 -0.942 0.3407, -0.4724 -0.9539 0.3201, -0.315 -0.9539 0.3201, -0.4724 -0.9607 0.2973, -0.315 -0.9607 0.2973, -0.315 -0.9962 0.0964, -0.4724 -0.9962 0.0964, -0.315 -0.7677 0.3346, -0.315 -1.0051 0.0869, -0.315 -1.0025 0.0879, -0.315 -1.0002 0.0894, -0.315 -0.9983 0.0914, -0.315 -0.9969 0.0937, -0.4724 -0.9969 0.0937, -0.4724 -0.9983 0.0914, -0.4724 -1.0002 0.0894, -0.4724 -1.0025 0.0879, -0.4724 -1.0051 0.0869, -0.4724 -0.7677 0.3346, -0.7087 -1.1811 0.0866, -0.7087 -1.0078 0.0866, -0.8661 -1.1811 0.0866, -0.8661 -1.0078 0.0866, -0.7087 -1.1811 0.0, -0.8661 -1.1811 0.0, -0.7087 -1.0078 0.0, -0.8661 -1.0078 0.0, -0.8661 -0.9851 0.0027, -0.7087 -0.9851 0.0027, -0.8661 -0.9636 0.0105, -0.7087 -0.9636 0.0105, -0.8661 -0.9445 0.023, -0.7087 -0.9445 0.023, -0.8661 -0.9288 0.0396, -0.7087 -0.9288 0.0396, -0.8661 -0.9174 0.0594, -0.7087 -0.9174 0.0594, -0.8661 -0.9109 0.0813, -0.7087 -0.9109 0.0813, -0.7087 -0.8754 0.2823, -0.8661 -0.8754 0.2823, -0.7087 -0.8744 0.2858, -0.8661 -0.8744 0.2858, -0.7087 -0.8725 0.2889, -0.8661 -0.8725 0.2889, -0.7087 -0.87 0.2916, -0.8661 -0.87 0.2916, -0.7087 -0.867 0.2936, -0.8661 -0.867 0.2936, -0.7087 -0.8635 0.2949, -0.8661 -0.8635 0.2949, -0.7087 -0.8599 0.2953, -0.8661 -0.8599 0.2953, -0.7087 -0.7622 0.2953, -0.8661 -0.7622 0.2953, -0.8661 -0.7611 0.3819, -0.8661 -0.8599 0.3819, -0.7087 -0.7611 0.3819, -0.7087 -0.8599 0.3819, -0.8661 -0.8835 0.3791, -0.7087 -0.8835 0.3791, -0.8661 -0.9059 0.371, -0.7087 -0.9059 0.371, -0.8661 -0.9257 0.3579, -0.7087 -0.9257 0.3579, -0.8661 -0.942 0.3407, -0.7087 -0.942 0.3407, -0.8661 -0.9539 0.3201, -0.7087 -0.9539 0.3201, -0.8661 -0.9607 0.2973, -0.7087 -0.9607 0.2973, -0.7087 -0.9962 0.0964, -0.8661 -0.9962 0.0964, -0.7087 -0.7677 0.3346, -0.7087 -1.0051 0.0869, -0.7087 -1.0025 0.0879, -0.7087 -1.0002 0.0894, -0.7087 -0.9983 0.0914, -0.7087 -0.9969 0.0937, -0.8661 -0.9969 0.0937, -0.8661 -0.9983 0.0914, -0.8661 -1.0002 0.0894, -0.8661 -1.0025 0.0879, -0.8661 -1.0051 0.0869, -0.8661 -0.7677 0.3346, 0.0787 1.0078 0.0866, 0.0787 1.1811 0.0866, -0.0787 1.0078 0.0866, -0.0787 1.1811 0.0866, 0.0787 1.1811 0.0, -0.0787 1.1811 0.0, 0.0787 1.0078 0.0, -0.0787 1.0078 0.0, 0.0787 0.9109 0.0813, -0.0787 0.9109 0.0813, -0.0787 0.9174 0.0594, 0.0787 0.9174 0.0594, -0.0787 0.9288 0.0396, 0.0787 0.9288 0.0396, -0.0787 0.9445 0.023, 0.0787 0.9445 0.023, -0.0787 0.9636 0.0105, 0.0787 0.9636 0.0105, -0.0787 0.9851 0.0027, 0.0787 0.9851 0.0027, 0.0787 0.8754 0.2823, -0.0787 0.8754 0.2823, 0.0787 0.8599 0.2953, -0.0787 0.8599 0.2953, 0.0787 0.8635 0.2949, -0.0787 0.8635 0.2949, 0.0787 0.867 0.2936, -0.0787 0.867 0.2936, 0.0787 0.87 0.2916, -0.0787 0.87 0.2916, 0.0787 0.8725 0.2889, -0.0787 0.8725 0.2889, 0.0787 0.8744 0.2858, -0.0787 0.8744 0.2858, 0.0787 0.7622 0.2953, -0.0787 0.7622 0.2953, -0.0787 0.8599 0.3819, -0.0787 0.7611 0.3819, 0.0787 0.8599 0.3819, 0.0787 0.7611 0.3819, 0.0787 0.9607 0.2973, -0.0787 0.9607 0.2973, -0.0787 0.9539 0.3201, 0.0787 0.9539 0.3201, -0.0787 0.942 0.3407, 0.0787 0.942 0.3407, -0.0787 0.9257 0.3579, 0.0787 0.9257 0.3579, -0.0787 0.9059 0.371, 0.0787 0.9059 0.371, -0.0787 0.8835 0.3791, 0.0787 0.8835 0.3791, 0.0787 0.9962 0.0964, -0.0787 0.9962 0.0964, 0.0787 0.7677 0.3346, 0.0787 0.9969 0.0937, 0.0787 0.9983 0.0914, 0.0787 1.0002 0.0894, 0.0787 1.0025 0.0879, 0.0787 1.0051 0.0869, -0.0787 1.0051 0.0869, -0.0787 1.0025 0.0879, -0.0787 1.0002 0.0894, -0.0787 0.9983 0.0914, -0.0787 0.9969 0.0937, -0.0787 0.7677 0.3346, 0.4724 1.0078 0.0866, 0.4724 1.1811 0.0866, 0.315 1.0078 0.0866, 0.315 1.1811 0.0866, 0.4724 1.1811 0.0, 0.315 1.1811 0.0, 0.4724 1.0078 0.0, 0.315 1.0078 0.0, 0.4724 0.9109 0.0813, 0.315 0.9109 0.0813, 0.315 0.9174 0.0594, 0.4724 0.9174 0.0594, 0.315 0.9288 0.0396, 0.4724 0.9288 0.0396, 0.315 0.9445 0.023, 0.4724 0.9445 0.023, 0.315 0.9636 0.0105, 0.4724 0.9636 0.0105, 0.315 0.9851 0.0027, 0.4724 0.9851 0.0027, 0.4724 0.8754 0.2823, 0.315 0.8754 0.2823, 0.4724 0.8599 0.2953, 0.315 0.8599 0.2953, 0.4724 0.8635 0.2949, 0.315 0.8635 0.2949, 0.4724 0.867 0.2936, 0.315 0.867 0.2936, 0.4724 0.87 0.2916, 0.315 0.87 0.2916, 0.4724 0.8725 0.2889, 0.315 0.8725 0.2889, 0.4724 0.8744 0.2858, 0.315 0.8744 0.2858, 0.4724 0.7622 0.2953, 0.315 0.7622 0.2953, 0.315 0.8599 0.3819, 0.315 0.7611 0.3819, 0.4724 0.8599 0.3819, 0.4724 0.7611 0.3819, 0.4724 0.9607 0.2973, 0.315 0.9607 0.2973, 0.315 0.9539 0.3201, 0.4724 0.9539 0.3201, 0.315 0.942 0.3407, 0.4724 0.942 0.3407, 0.315 0.9257 0.3579, 0.4724 0.9257 0.3579, 0.315 0.9059 0.371, 0.4724 0.9059 0.371, 0.315 0.8835 0.3791, 0.4724 0.8835 0.3791, 0.4724 0.9962 0.0964, 0.315 0.9962 0.0964, 0.4724 0.7677 0.3346, 0.4724 0.9969 0.0937, 0.4724 0.9983 0.0914, 0.4724 1.0002 0.0894, 0.4724 1.0025 0.0879, 0.4724 1.0051 0.0869, 0.315 1.0051 0.0869, 0.315 1.0025 0.0879, 0.315 1.0002 0.0894, 0.315 0.9983 0.0914, 0.315 0.9969 0.0937, 0.315 0.7677 0.3346, 0.8661 1.0078 0.0866, 0.8661 1.1811 0.0866, 0.7087 1.0078 0.0866, 0.7087 1.1811 0.0866, 0.8661 1.1811 0.0, 0.7087 1.1811 0.0, 0.8661 1.0078 0.0, 0.7087 1.0078 0.0, 0.8661 0.9109 0.0813, 0.7087 0.9109 0.0813, 0.7087 0.9174 0.0594, 0.8661 0.9174 0.0594, 0.7087 0.9288 0.0396, 0.8661 0.9288 0.0396, 0.7087 0.9445 0.023, 0.8661 0.9445 0.023, 0.7087 0.9636 0.0105, 0.8661 0.9636 0.0105, 0.7087 0.9851 0.0027, 0.8661 0.9851 0.0027, 0.8661 0.8754 0.2823, 0.7087 0.8754 0.2823, 0.8661 0.8599 0.2953, 0.7087 0.8599 0.2953, 0.8661 0.8635 0.2949, 0.7087 0.8635 0.2949, 0.8661 0.867 0.2936, 0.7087 0.867 0.2936, 0.8661 0.87 0.2916, 0.7087 0.87 0.2916, 0.8661 0.8725 0.2889, 0.7087 0.8725 0.2889, 0.8661 0.8744 0.2858, 0.7087 0.8744 0.2858, 0.8661 0.7622 0.2953, 0.7087 0.7622 0.2953, 0.7087 0.8599 0.3819, 0.7087 0.7611 0.3819, 0.8661 0.8599 0.3819, 0.8661 0.7611 0.3819, 0.8661 0.9607 0.2973, 0.7087 0.9607 0.2973, 0.7087 0.9539 0.3201, 0.8661 0.9539 0.3201, 0.7087 0.942 0.3407, 0.8661 0.942 0.3407, 0.7087 0.9257 0.3579, 0.8661 0.9257 0.3579, 0.7087 0.9059 0.371, 0.8661 0.9059 0.371, 0.7087 0.8835 0.3791, 0.8661 0.8835 0.3791, 0.8661 0.9962 0.0964, 0.7087 0.9962 0.0964, 0.8661 0.7677 0.3346, 0.8661 0.9969 0.0937, 0.8661 0.9983 0.0914, 0.8661 1.0002 0.0894, 0.8661 1.0025 0.0879, 0.8661 1.0051 0.0869, 0.7087 1.0051 0.0869, 0.7087 1.0025 0.0879, 0.7087 1.0002 0.0894, 0.7087 0.9983 0.0914, 0.7087 0.9969 0.0937, 0.7087 0.7677 0.3346, -0.315 1.0078 0.0866, -0.315 1.1811 0.0866, -0.4724 1.0078 0.0866, -0.4724 1.1811 0.0866, -0.315 1.1811 0.0, -0.4724 1.1811 0.0, -0.315 1.0078 0.0, -0.4724 1.0078 0.0, -0.315 0.9109 0.0813, -0.4724 0.9109 0.0813, -0.4724 0.9174 0.0594, -0.315 0.9174 0.0594, -0.4724 0.9288 0.0396, -0.315 0.9288 0.0396, -0.4724 0.9445 0.023, -0.315 0.9445 0.023, -0.4724 0.9636 0.0105, -0.315 0.9636 0.0105, -0.4724 0.9851 0.0027, -0.315 0.9851 0.0027, -0.315 0.8754 0.2823, -0.4724 0.8754 0.2823, -0.315 0.8599 0.2953, -0.4724 0.8599 0.2953, -0.315 0.8635 0.2949, -0.4724 0.8635 0.2949, -0.315 0.867 0.2936, -0.4724 0.867 0.2936, -0.315 0.87 0.2916, -0.4724 0.87 0.2916, -0.315 0.8725 0.2889, -0.4724 0.8725 0.2889, -0.315 0.8744 0.2858, -0.4724 0.8744 0.2858, -0.315 0.7622 0.2953, -0.4724 0.7622 0.2953, -0.4724 0.8599 0.3819, -0.4724 0.7611 0.3819, -0.315 0.8599 0.3819, -0.315 0.7611 0.3819, -0.315 0.9607 0.2973, -0.4724 0.9607 0.2973, -0.4724 0.9539 0.3201, -0.315 0.9539 0.3201, -0.4724 0.942 0.3407, -0.315 0.942 0.3407, -0.4724 0.9257 0.3579, -0.315 0.9257 0.3579, -0.4724 0.9059 0.371, -0.315 0.9059 0.371, -0.4724 0.8835 0.3791, -0.315 0.8835 0.3791, -0.315 0.9962 0.0964, -0.4724 0.9962 0.0964, -0.315 0.7677 0.3346, -0.315 0.9969 0.0937, -0.315 0.9983 0.0914, -0.315 1.0002 0.0894, -0.315 1.0025 0.0879, -0.315 1.0051 0.0869, -0.4724 1.0051 0.0869, -0.4724 1.0025 0.0879, -0.4724 1.0002 0.0894, -0.4724 0.9983 0.0914, -0.4724 0.9969 0.0937, -0.4724 0.7677 0.3346, -0.7087 1.0078 0.0866, -0.7087 1.1811 0.0866, -0.8661 1.0078 0.0866, -0.8661 1.1811 0.0866, -0.7087 1.1811 0.0, -0.8661 1.1811 0.0, -0.7087 1.0078 0.0, -0.8661 1.0078 0.0, -0.7087 0.9109 0.0813, -0.8661 0.9109 0.0813, -0.8661 0.9174 0.0594, -0.7087 0.9174 0.0594, -0.8661 0.9288 0.0396, -0.7087 0.9288 0.0396, -0.8661 0.9445 0.023, -0.7087 0.9445 0.023, -0.8661 0.9636 0.0105, -0.7087 0.9636 0.0105, -0.8661 0.9851 0.0027, -0.7087 0.9851 0.0027, -0.7087 0.8754 0.2823, -0.8661 0.8754 0.2823, -0.7087 0.8599 0.2953, -0.8661 0.8599 0.2953, -0.7087 0.8635 0.2949, -0.8661 0.8635 0.2949, -0.7087 0.867 0.2936, -0.8661 0.867 0.2936, -0.7087 0.87 0.2916, -0.8661 0.87 0.2916, -0.7087 0.8725 0.2889, -0.8661 0.8725 0.2889, -0.7087 0.8744 0.2858, -0.8661 0.8744 0.2858, -0.7087 0.7622 0.2953, -0.8661 0.7622 0.2953, -0.8661 0.8599 0.3819, -0.8661 0.7611 0.3819, -0.7087 0.8599 0.3819, -0.7087 0.7611 0.3819, -0.7087 0.9607 0.2973, -0.8661 0.9607 0.2973, -0.8661 0.9539 0.3201, -0.7087 0.9539 0.3201, -0.8661 0.942 0.3407, -0.7087 0.942 0.3407, -0.8661 0.9257 0.3579, -0.7087 0.9257 0.3579, -0.8661 0.9059 0.371, -0.7087 0.9059 0.371, -0.8661 0.8835 0.3791, -0.7087 0.8835 0.3791, -0.7087 0.9962 0.0964, -0.8661 0.9962 0.0964, -0.7087 0.7677 0.3346, -0.7087 0.9969 0.0937, -0.7087 0.9983 0.0914, -0.7087 1.0002 0.0894, -0.7087 1.0025 0.0879, -0.7087 1.0051 0.0869, -0.8661 1.0051 0.0869, -0.8661 1.0025 0.0879, -0.8661 1.0002 0.0894, -0.8661 0.9983 0.0914, -0.8661 0.9969 0.0937, -0.8661 0.7677 0.3346, 0.6496 -0.4134 0.0, 0.6496 0.4134 0.0, 0.6496 -0.4134 0.0197, 0.6496 0.4134 0.0197, -0.6496 -0.4134 0.0, -0.6496 -0.4134 0.0197, -0.6496 0.4134 0.0, -0.6496 0.4134 0.0197
            ]
        }
        coordIndex [
            0,1,2,-1,2,1,3,-1,4,5,6,-1,6,5,7,-1,8,4,9,-1,9,4,6,-1,10,8,11,-1,11,8,9,-1,10,11,12,-1,10,12,13,-1,13,12,14,-1,13,14,15,-1,15,14,16,-1,15,16,17,-1,17,16,18,-1,17,18,19,-1,19,18,20,-1,19,20,21,-1,21,20,22,-1,21,22,23,-1,24,23,25,-1,25,23,22,-1,24,25,26,-1,26,25,27,-1,26,27,28,-1,28,27,29,-1,28,29,30,-1,30,29,31,-1,30,31,32,-1,32,31,33,-1,32,33,34,-1,34,33,35,-1,34,35,36,-1,36,35,37,-1,38,36,39,-1,39,36,37,-1,3,1,40,-1,3,40,41,-1,41,40,42,-1,41,42,43,-1,43,42,44,-1,43,44,45,-1,45,44,46,-1,45,46,47,-1,47,46,48,-1,47,48,49,-1,49,48,50,-1,49,50,51,-1,52,51,53,-1,53,51,50,-1,52,53,54,-1,54,53,55,-1,54,55,56,-1,56,55,57,-1,56,57,58,-1,58,57,59,-1,58,59,60,-1,60,59,61,-1,60,61,62,-1,62,61,63,-1,62,63,5,-1,5,63,7,-1,2,3,64,-1,64,3,41,-1,30,32,47,-1,41,43,64,-1,64,43,45,-1,64,45,47,-1,4,8,5,-1,5,8,10,-1,5,10,62,-1,62,10,13,-1,62,13,60,-1,60,13,15,-1,60,15,58,-1,58,15,17,-1,58,17,56,-1,56,17,19,-1,56,19,54,-1,54,19,21,-1,54,21,52,-1,52,21,23,-1,52,23,51,-1,51,23,24,-1,51,24,49,-1,49,24,26,-1,49,26,47,-1,47,26,28,-1,47,28,30,-1,38,64,36,-1,36,64,47,-1,36,47,34,-1,34,47,32,-1,1,0,65,-1,35,33,46,-1,44,42,65,-1,65,42,40,-1,65,40,1,-1,35,46,37,-1,44,65,46,-1,46,65,39,-1,46,39,37,-1,33,31,46,-1,46,31,29,-1,46,29,48,-1,48,29,27,-1,48,27,50,-1,50,27,25,-1,50,25,53,-1,53,25,22,-1,53,22,55,-1,55,22,20,-1,55,20,57,-1,57,20,18,-1,57,18,59,-1,59,18,16,-1,59,16,61,-1,61,16,14,-1,61,14,63,-1,63,14,12,-1,63,12,7,-1,7,12,11,-1,7,11,6,-1,6,11,9,-1,66,67,68,-1,68,67,69,-1,70,66,71,-1,71,66,68,-1,72,70,73,-1,73,70,71,-1,72,73,74,-1,72,74,75,-1,75,74,76,-1,75,76,77,-1,77,76,78,-1,77,78,79,-1,79,78,80,-1,79,80,81,-1,81,80,82,-1,81,82,83,-1,83,82,84,-1,83,84,85,-1,86,85,87,-1,87,85,84,-1,86,87,88,-1,88,87,89,-1,88,89,90,-1,90,89,91,-1,90,91,92,-1,92,91,93,-1,92,93,94,-1,94,93,95,-1,94,95,96,-1,96,95,97,-1,96,97,98,-1,98,97,99,-1,100,98,101,-1,101,98,99,-1,102,103,104,-1,104,103,105,-1,105,103,106,-1,105,106,107,-1,107,106,108,-1,107,108,109,-1,109,108,110,-1,109,110,111,-1,111,110,112,-1,111,112,113,-1,113,112,114,-1,113,114,115,-1,115,114,116,-1,115,116,117,-1,118,117,119,-1,119,117,116,-1,104,105,120,-1,120,105,107,-1,92,94,113,-1,107,109,120,-1,120,109,111,-1,120,111,113,-1,66,70,67,-1,67,70,72,-1,67,72,121,-1,121,72,75,-1,121,75,122,-1,122,75,77,-1,122,77,123,-1,123,77,79,-1,123,79,124,-1,124,79,81,-1,124,81,125,-1,125,81,83,-1,125,83,118,-1,118,83,85,-1,118,85,117,-1,117,85,86,-1,117,86,115,-1,115,86,88,-1,115,88,113,-1,113,88,90,-1,113,90,92,-1,100,120,98,-1,98,120,113,-1,98,113,96,-1,96,113,94,-1,118,119,125,-1,125,119,126,-1,125,126,124,-1,124,126,127,-1,124,127,123,-1,123,127,128,-1,123,128,122,-1,122,128,129,-1,122,129,121,-1,121,129,130,-1,121,130,67,-1,67,130,69,-1,103,102,131,-1,97,95,112,-1,110,108,131,-1,131,108,106,-1,131,106,103,-1,97,112,99,-1,110,131,112,-1,112,131,101,-1,112,101,99,-1,95,93,112,-1,112,93,91,-1,112,91,114,-1,114,91,89,-1,114,89,116,-1,116,89,87,-1,116,87,119,-1,119,87,84,-1,119,84,126,-1,126,84,82,-1,126,82,127,-1,127,82,80,-1,127,80,128,-1,128,80,78,-1,128,78,129,-1,129,78,76,-1,129,76,130,-1,130,76,74,-1,130,74,69,-1,69,74,73,-1,69,73,68,-1,68,73,71,-1,132,133,134,-1,134,133,135,-1,136,132,137,-1,137,132,134,-1,138,136,139,-1,139,136,137,-1,138,139,140,-1,138,140,141,-1,141,140,142,-1,141,142,143,-1,143,142,144,-1,143,144,145,-1,145,144,146,-1,145,146,147,-1,147,146,148,-1,147,148,149,-1,149,148,150,-1,149,150,151,-1,152,151,153,-1,153,151,150,-1,152,153,154,-1,154,153,155,-1,154,155,156,-1,156,155,157,-1,156,157,158,-1,158,157,159,-1,158,159,160,-1,160,159,161,-1,160,161,162,-1,162,161,163,-1,162,163,164,-1,164,163,165,-1,166,164,167,-1,167,164,165,-1,168,169,170,-1,170,169,171,-1,171,169,172,-1,171,172,173,-1,173,172,174,-1,173,174,175,-1,175,174,176,-1,175,176,177,-1,177,176,178,-1,177,178,179,-1,179,178,180,-1,179,180,181,-1,181,180,182,-1,181,182,183,-1,184,183,185,-1,185,183,182,-1,170,171,186,-1,186,171,173,-1,158,160,179,-1,173,175,186,-1,186,175,177,-1,186,177,179,-1,132,136,133,-1,133,136,138,-1,133,138,187,-1,187,138,141,-1,187,141,188,-1,188,141,143,-1,188,143,189,-1,189,143,145,-1,189,145,190,-1,190,145,147,-1,190,147,191,-1,191,147,149,-1,191,149,184,-1,184,149,151,-1,184,151,183,-1,183,151,152,-1,183,152,181,-1,181,152,154,-1,181,154,179,-1,179,154,156,-1,179,156,158,-1,166,186,164,-1,164,186,179,-1,164,179,162,-1,162,179,160,-1,184,185,191,-1,191,185,192,-1,191,192,190,-1,190,192,193,-1,190,193,189,-1,189,193,194,-1,189,194,188,-1,188,194,195,-1,188,195,187,-1,187,195,196,-1,187,196,133,-1,133,196,135,-1,169,168,197,-1,163,161,178,-1,176,174,197,-1,197,174,172,-1,197,172,169,-1,163,178,165,-1,176,197,178,-1,178,197,167,-1,178,167,165,-1,161,159,178,-1,178,159,157,-1,178,157,180,-1,180,157,155,-1,180,155,182,-1,182,155,153,-1,182,153,185,-1,185,153,150,-1,185,150,192,-1,192,150,148,-1,192,148,193,-1,193,148,146,-1,193,146,194,-1,194,146,144,-1,194,144,195,-1,195,144,142,-1,195,142,196,-1,196,142,140,-1,196,140,135,-1,135,140,139,-1,135,139,134,-1,134,139,137,-1,198,199,200,-1,200,199,201,-1,202,198,203,-1,203,198,200,-1,204,202,205,-1,205,202,203,-1,204,205,206,-1,204,206,207,-1,207,206,208,-1,207,208,209,-1,209,208,210,-1,209,210,211,-1,211,210,212,-1,211,212,213,-1,213,212,214,-1,213,214,215,-1,215,214,216,-1,215,216,217,-1,218,217,219,-1,219,217,216,-1,218,219,220,-1,220,219,221,-1,220,221,222,-1,222,221,223,-1,222,223,224,-1,224,223,225,-1,224,225,226,-1,226,225,227,-1,226,227,228,-1,228,227,229,-1,228,229,230,-1,230,229,231,-1,232,230,233,-1,233,230,231,-1,234,235,236,-1,236,235,237,-1,237,235,238,-1,237,238,239,-1,239,238,240,-1,239,240,241,-1,241,240,242,-1,241,242,243,-1,243,242,244,-1,243,244,245,-1,245,244,246,-1,245,246,247,-1,247,246,248,-1,247,248,249,-1,250,249,251,-1,251,249,248,-1,236,237,252,-1,252,237,239,-1,224,226,245,-1,239,241,252,-1,252,241,243,-1,252,243,245,-1,198,202,199,-1,199,202,204,-1,199,204,253,-1,253,204,207,-1,253,207,254,-1,254,207,209,-1,254,209,255,-1,255,209,211,-1,255,211,256,-1,256,211,213,-1,256,213,257,-1,257,213,215,-1,257,215,250,-1,250,215,217,-1,250,217,249,-1,249,217,218,-1,249,218,247,-1,247,218,220,-1,247,220,245,-1,245,220,222,-1,245,222,224,-1,232,252,230,-1,230,252,245,-1,230,245,228,-1,228,245,226,-1,250,251,257,-1,257,251,258,-1,257,258,256,-1,256,258,259,-1,256,259,255,-1,255,259,260,-1,255,260,254,-1,254,260,261,-1,254,261,253,-1,253,261,262,-1,253,262,199,-1,199,262,201,-1,235,234,263,-1,229,227,244,-1,242,240,263,-1,263,240,238,-1,263,238,235,-1,229,244,231,-1,242,263,244,-1,244,263,233,-1,244,233,231,-1,227,225,244,-1,244,225,223,-1,244,223,246,-1,246,223,221,-1,246,221,248,-1,248,221,219,-1,248,219,251,-1,251,219,216,-1,251,216,258,-1,258,216,214,-1,258,214,259,-1,259,214,212,-1,259,212,260,-1,260,212,210,-1,260,210,261,-1,261,210,208,-1,261,208,262,-1,262,208,206,-1,262,206,201,-1,201,206,205,-1,201,205,200,-1,200,205,203,-1,264,265,266,-1,266,265,267,-1,268,264,269,-1,269,264,266,-1,270,268,271,-1,271,268,269,-1,270,271,272,-1,270,272,273,-1,273,272,274,-1,273,274,275,-1,275,274,276,-1,275,276,277,-1,277,276,278,-1,277,278,279,-1,279,278,280,-1,279,280,281,-1,281,280,282,-1,281,282,283,-1,284,283,285,-1,285,283,282,-1,284,285,286,-1,286,285,287,-1,286,287,288,-1,288,287,289,-1,288,289,290,-1,290,289,291,-1,290,291,292,-1,292,291,293,-1,292,293,294,-1,294,293,295,-1,294,295,296,-1,296,295,297,-1,298,296,299,-1,299,296,297,-1,300,301,302,-1,302,301,303,-1,303,301,304,-1,303,304,305,-1,305,304,306,-1,305,306,307,-1,307,306,308,-1,307,308,309,-1,309,308,310,-1,309,310,311,-1,311,310,312,-1,311,312,313,-1,313,312,314,-1,313,314,315,-1,316,315,317,-1,317,315,314,-1,302,303,318,-1,318,303,305,-1,290,292,311,-1,305,307,318,-1,318,307,309,-1,318,309,311,-1,264,268,265,-1,265,268,270,-1,265,270,319,-1,319,270,273,-1,319,273,320,-1,320,273,275,-1,320,275,321,-1,321,275,277,-1,321,277,322,-1,322,277,279,-1,322,279,323,-1,323,279,281,-1,323,281,316,-1,316,281,283,-1,316,283,315,-1,315,283,284,-1,315,284,313,-1,313,284,286,-1,313,286,311,-1,311,286,288,-1,311,288,290,-1,298,318,296,-1,296,318,311,-1,296,311,294,-1,294,311,292,-1,316,317,323,-1,323,317,324,-1,323,324,322,-1,322,324,325,-1,322,325,321,-1,321,325,326,-1,321,326,320,-1,320,326,327,-1,320,327,319,-1,319,327,328,-1,319,328,265,-1,265,328,267,-1,301,300,329,-1,295,293,310,-1,308,306,329,-1,329,306,304,-1,329,304,301,-1,295,310,297,-1,308,329,310,-1,310,329,299,-1,310,299,297,-1,293,291,310,-1,310,291,289,-1,310,289,312,-1,312,289,287,-1,312,287,314,-1,314,287,285,-1,314,285,317,-1,317,285,282,-1,317,282,324,-1,324,282,280,-1,324,280,325,-1,325,280,278,-1,325,278,326,-1,326,278,276,-1,326,276,327,-1,327,276,274,-1,327,274,328,-1,328,274,272,-1,328,272,267,-1,267,272,271,-1,267,271,266,-1,266,271,269,-1,330,331,332,-1,332,331,333,-1,331,334,333,-1,333,334,335,-1,334,336,335,-1,335,336,337,-1,338,339,340,-1,338,340,341,-1,341,340,342,-1,341,342,343,-1,343,342,344,-1,343,344,345,-1,345,344,346,-1,345,346,347,-1,347,346,348,-1,347,348,349,-1,349,348,337,-1,349,337,336,-1,338,350,339,-1,339,350,351,-1,352,353,354,-1,354,353,355,-1,354,355,356,-1,356,355,357,-1,356,357,358,-1,358,357,359,-1,358,359,360,-1,360,359,361,-1,360,361,362,-1,362,361,363,-1,362,363,350,-1,350,363,351,-1,352,364,353,-1,353,364,365,-1,366,367,368,-1,368,367,369,-1,370,371,372,-1,370,372,373,-1,373,372,374,-1,373,374,375,-1,375,374,376,-1,375,376,377,-1,377,376,378,-1,377,378,379,-1,379,378,380,-1,379,380,381,-1,381,380,366,-1,381,366,368,-1,370,382,371,-1,371,382,383,-1,377,379,384,-1,379,381,384,-1,384,381,368,-1,384,368,369,-1,354,356,375,-1,354,375,352,-1,377,384,375,-1,375,384,364,-1,375,364,352,-1,356,358,375,-1,375,358,360,-1,375,360,373,-1,373,360,362,-1,373,362,370,-1,370,362,350,-1,370,350,382,-1,382,350,338,-1,382,338,385,-1,385,338,341,-1,385,341,386,-1,386,341,343,-1,386,343,387,-1,387,343,345,-1,387,345,388,-1,388,345,347,-1,388,347,389,-1,389,347,349,-1,389,349,330,-1,330,349,336,-1,330,336,331,-1,331,336,334,-1,330,332,389,-1,389,332,390,-1,389,390,388,-1,388,390,391,-1,388,391,387,-1,387,391,392,-1,387,392,386,-1,386,392,393,-1,386,393,385,-1,385,393,394,-1,385,394,382,-1,382,394,383,-1,359,357,374,-1,367,366,395,-1,395,366,380,-1,380,378,395,-1,395,378,376,-1,395,376,374,-1,365,395,353,-1,353,395,374,-1,353,374,355,-1,355,374,357,-1,333,335,332,-1,332,335,337,-1,332,337,390,-1,390,337,348,-1,390,348,391,-1,391,348,346,-1,391,346,392,-1,392,346,344,-1,392,344,393,-1,393,344,342,-1,393,342,394,-1,394,342,340,-1,394,340,383,-1,383,340,339,-1,383,339,371,-1,371,339,351,-1,371,351,372,-1,372,351,363,-1,372,363,374,-1,374,363,361,-1,374,361,359,-1,396,397,398,-1,398,397,399,-1,397,400,399,-1,399,400,401,-1,400,402,401,-1,401,402,403,-1,404,405,406,-1,404,406,407,-1,407,406,408,-1,407,408,409,-1,409,408,410,-1,409,410,411,-1,411,410,412,-1,411,412,413,-1,413,412,414,-1,413,414,415,-1,415,414,403,-1,415,403,402,-1,404,416,405,-1,405,416,417,-1,418,419,420,-1,420,419,421,-1,420,421,422,-1,422,421,423,-1,422,423,424,-1,424,423,425,-1,424,425,426,-1,426,425,427,-1,426,427,428,-1,428,427,429,-1,428,429,416,-1,416,429,417,-1,418,430,419,-1,419,430,431,-1,432,433,434,-1,434,433,435,-1,436,437,438,-1,436,438,439,-1,439,438,440,-1,439,440,441,-1,441,440,442,-1,441,442,443,-1,443,442,444,-1,443,444,445,-1,445,444,446,-1,445,446,447,-1,447,446,432,-1,447,432,434,-1,436,448,437,-1,437,448,449,-1,443,445,450,-1,445,447,450,-1,450,447,434,-1,450,434,435,-1,420,422,441,-1,420,441,418,-1,443,450,441,-1,441,450,430,-1,441,430,418,-1,422,424,441,-1,441,424,426,-1,441,426,439,-1,439,426,428,-1,439,428,436,-1,436,428,416,-1,436,416,448,-1,448,416,404,-1,448,404,451,-1,451,404,407,-1,451,407,452,-1,452,407,409,-1,452,409,453,-1,453,409,411,-1,453,411,454,-1,454,411,413,-1,454,413,455,-1,455,413,415,-1,455,415,396,-1,396,415,402,-1,396,402,397,-1,397,402,400,-1,396,398,455,-1,455,398,456,-1,455,456,454,-1,454,456,457,-1,454,457,453,-1,453,457,458,-1,453,458,452,-1,452,458,459,-1,452,459,451,-1,451,459,460,-1,451,460,448,-1,448,460,449,-1,425,423,440,-1,433,432,461,-1,461,432,446,-1,446,444,461,-1,461,444,442,-1,461,442,440,-1,431,461,419,-1,419,461,440,-1,419,440,421,-1,421,440,423,-1,399,401,398,-1,398,401,403,-1,398,403,456,-1,456,403,414,-1,456,414,457,-1,457,414,412,-1,457,412,458,-1,458,412,410,-1,458,410,459,-1,459,410,408,-1,459,408,460,-1,460,408,406,-1,460,406,449,-1,449,406,405,-1,449,405,437,-1,437,405,417,-1,437,417,438,-1,438,417,429,-1,438,429,440,-1,440,429,427,-1,440,427,425,-1,462,463,464,-1,464,463,465,-1,463,466,465,-1,465,466,467,-1,466,468,467,-1,467,468,469,-1,470,471,472,-1,470,472,473,-1,473,472,474,-1,473,474,475,-1,475,474,476,-1,475,476,477,-1,477,476,478,-1,477,478,479,-1,479,478,480,-1,479,480,481,-1,481,480,469,-1,481,469,468,-1,470,482,471,-1,471,482,483,-1,484,485,486,-1,486,485,487,-1,486,487,488,-1,488,487,489,-1,488,489,490,-1,490,489,491,-1,490,491,492,-1,492,491,493,-1,492,493,494,-1,494,493,495,-1,494,495,482,-1,482,495,483,-1,484,496,485,-1,485,496,497,-1,498,499,500,-1,500,499,501,-1,502,503,504,-1,502,504,505,-1,505,504,506,-1,505,506,507,-1,507,506,508,-1,507,508,509,-1,509,508,510,-1,509,510,511,-1,511,510,512,-1,511,512,513,-1,513,512,498,-1,513,498,500,-1,502,514,503,-1,503,514,515,-1,509,511,516,-1,511,513,516,-1,516,513,500,-1,516,500,501,-1,486,488,507,-1,486,507,484,-1,509,516,507,-1,507,516,496,-1,507,496,484,-1,488,490,507,-1,507,490,492,-1,507,492,505,-1,505,492,494,-1,505,494,502,-1,502,494,482,-1,502,482,514,-1,514,482,470,-1,514,470,517,-1,517,470,473,-1,517,473,518,-1,518,473,475,-1,518,475,519,-1,519,475,477,-1,519,477,520,-1,520,477,479,-1,520,479,521,-1,521,479,481,-1,521,481,462,-1,462,481,468,-1,462,468,463,-1,463,468,466,-1,462,464,521,-1,521,464,522,-1,521,522,520,-1,520,522,523,-1,520,523,519,-1,519,523,524,-1,519,524,518,-1,518,524,525,-1,518,525,517,-1,517,525,526,-1,517,526,514,-1,514,526,515,-1,491,489,506,-1,499,498,527,-1,527,498,512,-1,512,510,527,-1,527,510,508,-1,527,508,506,-1,497,527,485,-1,485,527,506,-1,485,506,487,-1,487,506,489,-1,465,467,464,-1,464,467,469,-1,464,469,522,-1,522,469,480,-1,522,480,523,-1,523,480,478,-1,523,478,524,-1,524,478,476,-1,524,476,525,-1,525,476,474,-1,525,474,526,-1,526,474,472,-1,526,472,515,-1,515,472,471,-1,515,471,503,-1,503,471,483,-1,503,483,504,-1,504,483,495,-1,504,495,506,-1,506,495,493,-1,506,493,491,-1,528,529,530,-1,530,529,531,-1,529,532,531,-1,531,532,533,-1,532,534,533,-1,533,534,535,-1,536,537,538,-1,536,538,539,-1,539,538,540,-1,539,540,541,-1,541,540,542,-1,541,542,543,-1,543,542,544,-1,543,544,545,-1,545,544,546,-1,545,546,547,-1,547,546,535,-1,547,535,534,-1,536,548,537,-1,537,548,549,-1,550,551,552,-1,552,551,553,-1,552,553,554,-1,554,553,555,-1,554,555,556,-1,556,555,557,-1,556,557,558,-1,558,557,559,-1,558,559,560,-1,560,559,561,-1,560,561,548,-1,548,561,549,-1,550,562,551,-1,551,562,563,-1,564,565,566,-1,566,565,567,-1,568,569,570,-1,568,570,571,-1,571,570,572,-1,571,572,573,-1,573,572,574,-1,573,574,575,-1,575,574,576,-1,575,576,577,-1,577,576,578,-1,577,578,579,-1,579,578,564,-1,579,564,566,-1,568,580,569,-1,569,580,581,-1,575,577,582,-1,577,579,582,-1,582,579,566,-1,582,566,567,-1,552,554,573,-1,552,573,550,-1,575,582,573,-1,573,582,562,-1,573,562,550,-1,554,556,573,-1,573,556,558,-1,573,558,571,-1,571,558,560,-1,571,560,568,-1,568,560,548,-1,568,548,580,-1,580,548,536,-1,580,536,583,-1,583,536,539,-1,583,539,584,-1,584,539,541,-1,584,541,585,-1,585,541,543,-1,585,543,586,-1,586,543,545,-1,586,545,587,-1,587,545,547,-1,587,547,528,-1,528,547,534,-1,528,534,529,-1,529,534,532,-1,528,530,587,-1,587,530,588,-1,587,588,586,-1,586,588,589,-1,586,589,585,-1,585,589,590,-1,585,590,584,-1,584,590,591,-1,584,591,583,-1,583,591,592,-1,583,592,580,-1,580,592,581,-1,557,555,572,-1,565,564,593,-1,593,564,578,-1,578,576,593,-1,593,576,574,-1,593,574,572,-1,563,593,551,-1,551,593,572,-1,551,572,553,-1,553,572,555,-1,531,533,530,-1,530,533,535,-1,530,535,588,-1,588,535,546,-1,588,546,589,-1,589,546,544,-1,589,544,590,-1,590,544,542,-1,590,542,591,-1,591,542,540,-1,591,540,592,-1,592,540,538,-1,592,538,581,-1,581,538,537,-1,581,537,569,-1,569,537,549,-1,569,549,570,-1,570,549,561,-1,570,561,572,-1,572,561,559,-1,572,559,557,-1,594,595,596,-1,596,595,597,-1,595,598,597,-1,597,598,599,-1,598,600,599,-1,599,600,601,-1,602,603,604,-1,602,604,605,-1,605,604,606,-1,605,606,607,-1,607,606,608,-1,607,608,609,-1,609,608,610,-1,609,610,611,-1,611,610,612,-1,611,612,613,-1,613,612,601,-1,613,601,600,-1,602,614,603,-1,603,614,615,-1,616,617,618,-1,618,617,619,-1,618,619,620,-1,620,619,621,-1,620,621,622,-1,622,621,623,-1,622,623,624,-1,624,623,625,-1,624,625,626,-1,626,625,627,-1,626,627,614,-1,614,627,615,-1,616,628,617,-1,617,628,629,-1,630,631,632,-1,632,631,633,-1,634,635,636,-1,634,636,637,-1,637,636,638,-1,637,638,639,-1,639,638,640,-1,639,640,641,-1,641,640,642,-1,641,642,643,-1,643,642,644,-1,643,644,645,-1,645,644,630,-1,645,630,632,-1,634,646,635,-1,635,646,647,-1,641,643,648,-1,643,645,648,-1,648,645,632,-1,648,632,633,-1,618,620,639,-1,618,639,616,-1,641,648,639,-1,639,648,628,-1,639,628,616,-1,620,622,639,-1,639,622,624,-1,639,624,637,-1,637,624,626,-1,637,626,634,-1,634,626,614,-1,634,614,646,-1,646,614,602,-1,646,602,649,-1,649,602,605,-1,649,605,650,-1,650,605,607,-1,650,607,651,-1,651,607,609,-1,651,609,652,-1,652,609,611,-1,652,611,653,-1,653,611,613,-1,653,613,594,-1,594,613,600,-1,594,600,595,-1,595,600,598,-1,594,596,653,-1,653,596,654,-1,653,654,652,-1,652,654,655,-1,652,655,651,-1,651,655,656,-1,651,656,650,-1,650,656,657,-1,650,657,649,-1,649,657,658,-1,649,658,646,-1,646,658,647,-1,623,621,638,-1,631,630,659,-1,659,630,644,-1,644,642,659,-1,659,642,640,-1,659,640,638,-1,629,659,617,-1,617,659,638,-1,617,638,619,-1,619,638,621,-1,597,599,596,-1,596,599,601,-1,596,601,654,-1,654,601,612,-1,654,612,655,-1,655,612,610,-1,655,610,656,-1,656,610,608,-1,656,608,657,-1,657,608,606,-1,657,606,658,-1,658,606,604,-1,658,604,647,-1,647,604,603,-1,647,603,635,-1,635,603,615,-1,635,615,636,-1,636,615,627,-1,636,627,638,-1,638,627,625,-1,638,625,623,-1,660,661,662,-1,662,661,663,-1,664,660,665,-1,665,660,662,-1,666,664,667,-1,667,664,665,-1,661,666,663,-1,663,666,667,-1,664,666,660,-1,660,666,661,-1,
        ]
    }
}
Shape{
    appearance Appearance {
        material  Material 	{
            diffuseColor 0.2235294117647059 0.2235294117647059 0.2235294117647059
            specularColor 0.11372549019607843 0.11372549019607843 0.11372549019607843
            ambientIntensity 0.2235
            transparency 0.0
            shininess 0.5
        }
    }
    geometry IndexedFaceSet {
        ccw TRUE
        solid FALSE
        coord DEF co Coordinate {
            point [
                -0.9032 -0.5668 0.6456, -0.9211 -0.7361 0.5181, 0.9032 -0.5668 0.6456, 0.9211 -0.7361 0.5181, -0.9122 0.7154 0.0219, -0.9078 0.711 0.0202, -0.9078 -0.7063 0.0202, -0.9032 0.7063 0.0197, -0.9032 -0.7063 0.0197, -0.9079 -0.7063 0.0202, -0.9122 -0.7063 0.0219, -0.9161 0.7193 0.0245, -0.9123 -0.7063 0.0219, -0.9161 -0.7063 0.0245, -0.9192 0.7224 0.028, -0.9162 -0.7063 0.0246, -0.9192 -0.7063 0.028, -0.9205 0.7236 0.03, -0.9193 -0.7063 0.0281, -0.9215 0.7246 0.0321, -0.9215 -0.7063 0.0321, -0.9222 0.7254 0.0343, -0.9215 -0.7063 0.0322, -0.9227 0.7258 0.0366, -0.9227 -0.7063 0.0366, 0.9032 0.7258 0.0366, 0.9032 0.7247 0.0322, 0.9032 0.7246 0.0321, 0.9032 0.7225 0.0281, 0.9032 0.7224 0.028, 0.9032 0.7193 0.0246, 0.9032 0.7192 0.0245, 0.9032 0.7154 0.0219, 0.9032 0.7154 0.0219, 0.9032 0.711 0.0202, 0.9032 0.711 0.0202, 0.9032 0.7063 0.0197, 0.9227 0.7063 0.0366, 0.9227 -0.7063 0.0366, 0.9215 0.7063 0.0322, 0.9215 -0.7063 0.0322, 0.9215 0.7063 0.0321, 0.9215 -0.7063 0.0321, 0.9193 0.7063 0.0281, 0.9193 -0.7063 0.0281, 0.9192 0.7063 0.028, 0.9192 -0.7063 0.028, 0.9162 0.7063 0.0246, 0.9162 -0.7063 0.0246, 0.9161 0.7063 0.0245, 0.9161 -0.7063 0.0245, 0.9123 0.7063 0.0219, 0.9123 -0.7063 0.0219, 0.9122 0.7063 0.0219, 0.9122 -0.7063 0.0219, 0.9079 0.7063 0.0202, 0.9079 -0.7063 0.0202, 0.9078 0.7063 0.0202, 0.9078 -0.7063 0.0202, 0.9032 -0.7063 0.0197, 0.9032 -0.7258 0.0366, -0.9032 -0.7258 0.0366, 0.9032 -0.7247 0.0322, -0.9032 -0.7247 0.0322, 0.9032 -0.7246 0.0321, -0.9032 -0.7246 0.0321, 0.9032 -0.7225 0.0281, -0.9032 -0.7225 0.0281, 0.9032 -0.7224 0.028, -0.9032 -0.7224 0.028, 0.9032 -0.7193 0.0246, -0.9032 -0.7193 0.0246, 0.9032 -0.7192 0.0245, -0.9032 -0.7192 0.0245, 0.9032 -0.7154 0.0219, -0.9032 -0.7154 0.0219, 0.9032 -0.7154 0.0219, -0.9032 -0.7154 0.0219, 0.9032 -0.711 0.0202, -0.9032 -0.711 0.0202, 0.9032 -0.711 0.0202, -0.9032 -0.711 0.0202, -0.9078 -0.7074 0.0202, -0.9061 -0.71 0.0202, -0.9068 -0.7093 0.0202, -0.9052 -0.7152 0.0219, -0.9061 -0.719 0.0246, -0.9068 -0.7221 0.0281, -0.9073 -0.7242 0.0322, -0.9112 -0.7229 0.0322, -0.9199 -0.716 0.0357, -0.9205 -0.7147 0.0358, -0.9197 -0.7143 0.0322, -0.9219 -0.7113 0.036, -0.922 -0.7106 0.0361, -0.9211 -0.7104 0.0322, -0.9146 -0.7207 0.0322, -0.9151 -0.7213 0.0356, -0.9168 -0.72 0.0355, -0.9115 -0.7237 0.0358, -0.9128 -0.7231 0.0357, -0.9082 -0.7251 0.036, -0.9075 -0.7252 0.0361, -0.9189 -0.7099 0.0281, -0.9102 -0.7209 0.0281, -0.9158 -0.7092 0.0246, -0.9088 -0.718 0.0246, -0.9132 -0.7189 0.0281, -0.9175 -0.7178 0.0322, -0.9182 -0.7183 0.0356, -0.9121 -0.7084 0.0219, -0.9158 -0.7164 0.0281, -0.9113 -0.7165 0.0246, -0.9071 -0.7145 0.0219, -0.9042 -0.7109 0.0202, -0.9103 -0.712 0.0219, -0.9177 -0.7133 0.0281, -0.9149 -0.712 0.0246, -0.9114 -0.7103 0.0219, -0.9074 -0.7084 0.0202, -0.9133 -0.7144 0.0246, -0.9089 -0.7134 0.0219, -0.9052 -0.7106 0.0202, 0.9078 0.7074 0.0202, 0.9061 0.71 0.0202, 0.9068 0.7093 0.0202, 0.9052 0.7152 0.0219, 0.9061 0.719 0.0246, 0.9068 0.7221 0.0281, 0.9073 0.7242 0.0322, 0.9112 0.7229 0.0322, 0.9199 0.716 0.0357, 0.9205 0.7147 0.0358, 0.9197 0.7143 0.0322, 0.9219 0.7113 0.036, 0.922 0.7106 0.0361, 0.9211 0.7104 0.0322, 0.9146 0.7207 0.0322, 0.9151 0.7213 0.0356, 0.9168 0.72 0.0355, 0.9115 0.7237 0.0358, 0.9128 0.7231 0.0357, 0.9082 0.7251 0.036, 0.9075 0.7252 0.0361, 0.9189 0.7099 0.0281, 0.9102 0.7209 0.0281, 0.9158 0.7092 0.0246, 0.9088 0.718 0.0246, 0.9132 0.7189 0.0281, 0.9175 0.7178 0.0322, 0.9182 0.7183 0.0356, 0.9121 0.7084 0.0219, 0.9158 0.7164 0.0281, 0.9113 0.7165 0.0246, 0.9071 0.7145 0.0219, 0.9042 0.7109 0.0202, 0.9103 0.712 0.0219, 0.9177 0.7133 0.0281, 0.9149 0.712 0.0246, 0.9114 0.7103 0.0219, 0.9074 0.7084 0.0202, 0.9133 0.7144 0.0246, 0.9089 0.7134 0.0219, 0.9052 0.7106 0.0202, 0.9042 -0.7109 0.0202, 0.9068 -0.7093 0.0202, 0.9061 -0.71 0.0202, 0.9121 -0.7084 0.0219, 0.9158 -0.7092 0.0246, 0.9189 -0.7099 0.0281, 0.9211 -0.7104 0.0322, 0.9197 -0.7143 0.0322, 0.9128 -0.7231 0.0357, 0.9115 -0.7237 0.0358, 0.9112 -0.7229 0.0322, 0.9082 -0.7251 0.036, 0.9075 -0.7252 0.0361, 0.9073 -0.7242 0.0322, 0.9175 -0.7178 0.0322, 0.9182 -0.7183 0.0356, 0.9168 -0.72 0.0355, 0.9205 -0.7147 0.0358, 0.9199 -0.716 0.0357, 0.9219 -0.7113 0.036, 0.922 -0.7106 0.0361, 0.9068 -0.7221 0.0281, 0.9177 -0.7133 0.0281, 0.9061 -0.719 0.0246, 0.9149 -0.712 0.0246, 0.9158 -0.7164 0.0281, 0.9146 -0.7207 0.0322, 0.9151 -0.7213 0.0356, 0.9052 -0.7152 0.0219, 0.9132 -0.7189 0.0281, 0.9133 -0.7144 0.0246, 0.9114 -0.7103 0.0219, 0.9078 -0.7074 0.0202, 0.9089 -0.7134 0.0219, 0.9102 -0.7209 0.0281, 0.9088 -0.718 0.0246, 0.9071 -0.7145 0.0219, 0.9052 -0.7106 0.0202, 0.9113 -0.7165 0.0246, 0.9103 -0.712 0.0219, 0.9074 -0.7084 0.0202, -0.9646 -0.7482 0.3346, -0.9639 -0.7533 0.3346, -0.9631 -0.7557 0.3346, -0.962 -0.758 0.3346, -0.9606 -0.7601 0.3346, -0.9589 -0.762 0.3346, -0.957 -0.7637 0.3346, -0.9548 -0.7651 0.3346, -0.9526 -0.7662 0.3346, -0.9501 -0.7671 0.3346, -0.9451 -0.7677 0.3346, 0.9646 0.7482 0.3346, 0.9639 0.7533 0.3346, 0.9631 0.7557 0.3346, 0.962 0.758 0.3346, 0.9606 0.7601 0.3346, 0.9589 0.762 0.3346, 0.957 0.7637 0.3346, 0.9548 0.7651 0.3346, 0.9526 0.7662 0.3346, 0.9501 0.7671 0.3346, 0.9451 0.7677 0.3346, 0.9451 -0.7677 0.3346, 0.9501 -0.7671 0.3346, 0.9526 -0.7662 0.3346, 0.9548 -0.7651 0.3346, 0.957 -0.7637 0.3346, 0.9589 -0.762 0.3346, 0.9606 -0.7601 0.3346, 0.962 -0.758 0.3346, 0.9631 -0.7557 0.3346, 0.9639 -0.7533 0.3346, 0.9646 -0.7482 0.3346, -0.9211 -0.7438 0.5051, -0.9255 -0.7431 0.5056, -0.9261 -0.743 0.5057, -0.9295 -0.7416 0.5059, -0.9308 -0.741 0.506, -0.9331 -0.7392 0.5061, -0.9348 -0.7379 0.5062, -0.9362 -0.7361 0.5061, -0.9379 -0.7339 0.506, -0.9385 -0.7325 0.5059, -0.9399 -0.7293 0.5057, -0.94 -0.7284 0.5056, -0.9406 -0.7243 0.5051, 0.9032 0.7258 0.6327, 0.9075 0.7252 0.6332, 0.9082 0.7251 0.6333, 0.9115 0.7237 0.6335, 0.9128 0.7231 0.6336, 0.9151 0.7213 0.6337, 0.9168 0.72 0.6338, 0.9182 0.7183 0.6337, 0.9199 0.716 0.6336, 0.9205 0.7147 0.6335, 0.9219 0.7113 0.6333, 0.922 0.7106 0.6332, 0.9227 0.7063 0.6327, 0.9406 -0.7243 0.5051, 0.94 -0.7284 0.5056, 0.9399 -0.7293 0.5057, 0.9385 -0.7325 0.5059, 0.9379 -0.7339 0.506, 0.9362 -0.7361 0.5061, 0.9348 -0.7379 0.5062, 0.9331 -0.7392 0.5061, 0.9308 -0.741 0.506, 0.9295 -0.7416 0.5059, 0.9261 -0.743 0.5057, 0.9255 -0.7431 0.5056, 0.9211 -0.7438 0.5051, -0.9211 -0.7429 0.5088, 0.9211 -0.7429 0.5088, -0.9211 -0.7423 0.51, 0.9211 -0.7423 0.51, -0.9211 -0.7412 0.5124, 0.9211 -0.7412 0.5124, -0.9211 -0.7397 0.5144, 0.9211 -0.7397 0.5144, -0.9211 -0.7389 0.5155, 0.9211 -0.7389 0.5155, -0.9327 -0.733 0.5155, -0.9325 -0.7332 0.5154, -0.9324 -0.7331 0.5156, -0.937 -0.7301 0.5123, -0.9364 -0.7315 0.5124, -0.9357 -0.7311 0.5134, -0.9395 -0.7272 0.5088, -0.9393 -0.7283 0.5088, -0.9387 -0.7281 0.5099, -0.9395 -0.7271 0.5087, -0.9373 -0.7298 0.512, -0.9379 -0.7322 0.5088, -0.9342 -0.7322 0.5147, -0.9344 -0.7348 0.5124, -0.9303 -0.7341 0.5167, -0.9303 -0.7357 0.5155, -0.9293 -0.7344 0.5169, -0.9275 -0.7374 0.5155, -0.9258 -0.7354 0.5178, -0.9244 -0.7385 0.5155, -0.9238 -0.7357 0.5179, -0.9253 -0.7424 0.5088, -0.9292 -0.741 0.5088, -0.9328 -0.7388 0.5088, -0.9357 -0.7358 0.5088, -0.9249 -0.7408 0.5124, -0.9317 -0.7375 0.5124, -0.9285 -0.7395 0.5124, -0.9078 0.711 0.649, -0.9032 0.7063 0.6496, -0.3967 0.7063 0.6496, 0.3208 0.7063 0.6496, 0.4107 0.7063 0.6496, 0.9032 0.711 0.649, 0.4163 0.7063 0.6496, 0.4954 0.7063 0.6496, 0.5381 0.7063 0.6496, 0.5598 0.7063 0.6496, 0.6115 0.7063 0.6496, 0.6473 0.7063 0.6496, 0.6768 0.7063 0.6496, 0.9032 0.7063 0.6496, -0.9122 0.7154 0.6474, 0.9032 0.711 0.649, 0.9032 0.7154 0.6474, -0.9161 0.7193 0.6448, 0.9032 0.7154 0.6474, 0.9032 0.7192 0.6448, -0.9192 0.7224 0.6413, 0.9032 0.7193 0.6447, 0.9032 0.7224 0.6413, -0.9205 0.7236 0.6393, 0.9032 0.7225 0.6412, -0.9215 0.7246 0.6372, 0.9032 0.7246 0.6372, -0.9222 0.7254 0.635, 0.9032 0.7247 0.6371, -0.9227 0.7258 0.6327, 0.9068 0.7221 0.6412, 0.9061 0.719 0.6447, 0.9052 0.7152 0.6474, 0.9042 0.7109 0.649, 0.9052 0.7106 0.649, 0.9074 0.7084 0.649, 0.9068 0.7093 0.649, 0.9078 0.7074 0.649, 0.9073 0.7242 0.6371, 0.9112 0.7229 0.6371, 0.9146 0.7207 0.6371, 0.9175 0.7178 0.6371, 0.9197 0.7143 0.6371, 0.9211 0.7104 0.6371, 0.9215 0.7063 0.6371, 0.9078 0.7063 0.649, 0.9089 0.7134 0.6474, 0.9103 0.712 0.6474, 0.9114 0.7103 0.6474, 0.9121 0.7084 0.6474, 0.9071 0.7145 0.6474, 0.9061 0.71 0.649, 0.9079 0.7063 0.649, 0.9122 0.7063 0.6474, 0.9123 0.7063 0.6474, 0.9161 0.7063 0.6448, 0.9088 0.718 0.6447, 0.9113 0.7165 0.6447, 0.9133 0.7144 0.6447, 0.9149 0.712 0.6447, 0.9158 0.7092 0.6447, 0.9102 0.7209 0.6412, 0.9132 0.7189 0.6412, 0.9158 0.7164 0.6412, 0.9177 0.7133 0.6412, 0.9189 0.7099 0.6412, 0.9162 0.7063 0.6447, 0.9192 0.7063 0.6413, 0.9193 0.7063 0.6412, 0.9215 0.7063 0.6372, 0.9342 -0.7322 0.5147, 0.9327 -0.733 0.5155, 0.9325 -0.7332 0.5154, 0.9303 -0.7357 0.5155, 0.9258 -0.7354 0.5178, 0.9275 -0.7374 0.5155, 0.9238 -0.7357 0.5179, 0.9244 -0.7385 0.5155, 0.9324 -0.7331 0.5156, 0.9303 -0.7341 0.5167, 0.9293 -0.7344 0.5169, 0.9373 -0.7298 0.512, 0.937 -0.7301 0.5123, 0.9364 -0.7315 0.5124, 0.9357 -0.7311 0.5134, 0.9344 -0.7348 0.5124, 0.9395 -0.7271 0.5087, 0.9395 -0.7272 0.5088, 0.9393 -0.7283 0.5088, 0.9387 -0.7281 0.5099, 0.9379 -0.7322 0.5088, 0.9357 -0.7358 0.5088, 0.9328 -0.7388 0.5088, 0.9292 -0.741 0.5088, 0.9253 -0.7424 0.5088, 0.9317 -0.7375 0.5124, 0.9285 -0.7395 0.5124, 0.9249 -0.7408 0.5124, -0.9227 -0.555 0.6327, -0.9207 -0.5589 0.6376, -0.9211 -0.5584 0.637, -0.9216 -0.5578 0.6363, -0.9175 -0.5619 0.6412, -0.9163 -0.5629 0.6423, -0.9194 -0.5605 0.6396, -0.9177 -0.5619 0.6411, -0.9144 -0.5638 0.6432, -0.9124 -0.5648 0.6443, -0.9114 -0.5651 0.6445, -0.9107 -0.5653 0.6447, -0.9058 -0.5664 0.6455, -0.9079 -0.5661 0.6454, -0.9085 -0.566 0.6453, -0.9215 -0.555 0.6371, -0.9215 -0.555 0.6372, -0.9193 -0.555 0.6412, -0.9192 -0.555 0.6413, -0.9162 -0.555 0.6447, -0.9161 -0.555 0.6448, -0.9123 -0.555 0.6474, -0.9122 -0.555 0.6474, -0.9079 -0.555 0.649, -0.9078 -0.555 0.649, -0.9032 -0.555 0.6496, -0.9032 -0.4726 0.6496, -0.9032 -0.4478 0.6496, -0.9032 -0.327 0.6496, -0.9032 -0.2047 0.6496, -0.9032 -0.299 0.6496, 0.9078 -0.555 0.649, 0.9079 -0.555 0.649, 0.9122 -0.555 0.6474, 0.9123 -0.555 0.6474, 0.9161 -0.555 0.6448, 0.9162 -0.555 0.6447, 0.9192 -0.555 0.6413, 0.9193 -0.555 0.6412, 0.9215 -0.555 0.6372, 0.9215 -0.555 0.6371, 0.9227 -0.555 0.6327, 0.9032 -0.2047 0.6496, 0.9032 -0.299 0.6496, 0.9032 -0.327 0.6496, 0.9032 -0.4478 0.6496, 0.9032 -0.4726 0.6496, 0.9032 -0.555 0.6496, 0.9216 -0.5578 0.6363, 0.9124 -0.5648 0.6443, 0.9144 -0.5638 0.6432, 0.9163 -0.5629 0.6423, 0.9175 -0.5619 0.6412, 0.9177 -0.5619 0.6411, 0.9194 -0.5605 0.6396, 0.9207 -0.5589 0.6376, 0.9211 -0.5584 0.637, 0.9107 -0.5653 0.6447, 0.9114 -0.5651 0.6445, 0.9085 -0.566 0.6453, 0.9079 -0.5661 0.6454, 0.9058 -0.5664 0.6455, -0.9121 -0.557 0.6474, -0.9114 -0.5589 0.6474, -0.9074 -0.557 0.649, -0.9078 -0.556 0.649, -0.9071 -0.5632 0.6474, -0.9052 -0.5592 0.649, -0.9061 -0.5586 0.649, -0.9133 -0.5631 0.6447, -0.9052 -0.5638 0.6474, -0.9112 -0.565 0.6447, -0.9089 -0.5621 0.6474, -0.9149 -0.5606 0.6447, -0.9189 -0.5585 0.6412, -0.9032 -0.5641 0.6474, -0.9032 -0.5631 0.6477, -0.9042 -0.5595 0.649, -0.9032 -0.5596 0.649, -0.9032 -0.5592 0.6491, -0.9103 -0.5606 0.6474, -0.9068 -0.5579 0.649, -0.9158 -0.5578 0.6447, 0.9121 -0.557 0.6474, 0.9078 -0.556 0.649, 0.9074 -0.557 0.649, 0.9112 -0.565 0.6447, 0.9133 -0.5631 0.6447, 0.9149 -0.5606 0.6447, 0.9189 -0.5585 0.6412, 0.9042 -0.5595 0.649, 0.9032 -0.5592 0.6491, 0.9052 -0.5592 0.649, 0.9071 -0.5632 0.6474, 0.9089 -0.5621 0.6474, 0.9032 -0.5641 0.6474, 0.9052 -0.5638 0.6474, 0.9032 -0.5631 0.6477, 0.9032 -0.5596 0.649, 0.9158 -0.5578 0.6447, 0.9114 -0.5589 0.6474, 0.9068 -0.5579 0.649, 0.9061 -0.5586 0.649, 0.9103 -0.5606 0.6474, 0.6768 -0.555 0.6496, 0.6473 -0.555 0.6496, 0.6115 -0.555 0.6496, 0.5598 -0.555 0.6496, 0.5381 -0.555 0.6496, 0.4954 -0.555 0.6496, -0.3967 -0.555 0.6496, 0.4163 -0.555 0.6496, 0.4107 -0.555 0.6496, 0.3208 -0.555 0.6496
            ]
        }
        coordIndex [
            0,1,2,-1,2,1,3,-1,4,5,6,-1,6,5,7,-1,6,7,8,-1,6,9,4,-1,4,9,10,-1,4,10,11,-1,10,12,11,-1,11,12,13,-1,11,13,14,-1,13,15,14,-1,14,15,16,-1,14,16,17,-1,17,16,18,-1,17,18,19,-1,19,18,20,-1,19,20,21,-1,21,20,22,-1,21,22,23,-1,23,22,24,-1,23,25,21,-1,21,25,26,-1,21,26,19,-1,19,26,27,-1,19,27,17,-1,17,27,28,-1,17,28,14,-1,14,28,29,-1,14,29,11,-1,29,30,11,-1,11,30,31,-1,11,31,4,-1,31,32,4,-1,4,32,33,-1,4,33,5,-1,5,33,34,-1,34,35,5,-1,5,35,36,-1,5,36,7,-1,37,38,39,-1,39,38,40,-1,39,40,41,-1,41,40,42,-1,41,42,43,-1,43,42,44,-1,43,44,45,-1,45,44,46,-1,45,46,47,-1,47,46,48,-1,47,48,49,-1,49,48,50,-1,49,50,51,-1,51,50,52,-1,51,52,53,-1,53,52,54,-1,53,54,55,-1,55,54,56,-1,55,56,57,-1,56,58,57,-1,57,58,59,-1,57,59,36,-1,60,61,62,-1,62,61,63,-1,62,63,64,-1,64,63,65,-1,64,65,66,-1,66,65,67,-1,66,67,68,-1,68,67,69,-1,68,69,70,-1,70,69,71,-1,70,71,72,-1,72,71,73,-1,72,73,74,-1,74,73,75,-1,74,75,76,-1,76,75,77,-1,76,77,78,-1,78,77,79,-1,78,79,80,-1,79,81,80,-1,80,81,8,-1,80,8,59,-1,6,8,82,-1,83,84,8,-1,77,75,85,-1,73,71,86,-1,87,88,89,-1,90,91,92,-1,93,94,95,-1,95,94,24,-1,96,97,98,-1,89,99,100,-1,99,89,101,-1,101,89,88,-1,101,88,102,-1,61,102,63,-1,63,102,88,-1,63,88,65,-1,65,88,87,-1,65,87,67,-1,67,87,69,-1,24,22,95,-1,95,22,20,-1,95,20,103,-1,71,69,86,-1,86,69,87,-1,86,87,104,-1,104,87,89,-1,104,89,96,-1,96,89,100,-1,96,100,97,-1,20,18,103,-1,103,18,16,-1,103,16,105,-1,75,73,85,-1,85,73,86,-1,85,86,106,-1,106,86,104,-1,106,104,107,-1,107,104,96,-1,107,96,108,-1,108,96,98,-1,108,98,109,-1,16,15,105,-1,105,15,13,-1,105,13,110,-1,108,111,107,-1,107,111,112,-1,107,112,106,-1,106,112,113,-1,106,113,85,-1,85,113,114,-1,85,114,77,-1,84,83,115,-1,91,93,92,-1,92,93,95,-1,92,95,116,-1,116,95,103,-1,116,103,117,-1,117,103,105,-1,117,105,118,-1,118,105,110,-1,118,110,119,-1,119,110,82,-1,119,82,8,-1,8,81,114,-1,114,81,79,-1,114,79,77,-1,111,120,112,-1,112,120,121,-1,112,121,113,-1,113,121,122,-1,113,122,114,-1,114,122,8,-1,120,115,121,-1,121,115,83,-1,121,83,122,-1,122,83,8,-1,13,12,110,-1,110,12,10,-1,110,10,82,-1,82,10,9,-1,82,9,6,-1,109,90,108,-1,108,90,92,-1,108,92,111,-1,111,92,116,-1,111,116,120,-1,120,116,117,-1,120,117,115,-1,115,117,118,-1,115,118,84,-1,84,118,119,-1,84,119,8,-1,57,36,123,-1,124,125,36,-1,33,32,126,-1,31,30,127,-1,128,129,130,-1,131,132,133,-1,134,135,136,-1,136,135,37,-1,137,138,139,-1,130,140,141,-1,140,130,142,-1,142,130,129,-1,142,129,143,-1,25,143,26,-1,26,143,129,-1,26,129,27,-1,27,129,128,-1,27,128,28,-1,28,128,29,-1,37,39,136,-1,136,39,41,-1,136,41,144,-1,30,29,127,-1,127,29,128,-1,127,128,145,-1,145,128,130,-1,145,130,137,-1,137,130,141,-1,137,141,138,-1,41,43,144,-1,144,43,45,-1,144,45,146,-1,32,31,126,-1,126,31,127,-1,126,127,147,-1,147,127,145,-1,147,145,148,-1,148,145,137,-1,148,137,149,-1,149,137,139,-1,149,139,150,-1,45,47,146,-1,146,47,49,-1,146,49,151,-1,149,152,148,-1,148,152,153,-1,148,153,147,-1,147,153,154,-1,147,154,126,-1,126,154,155,-1,126,155,33,-1,125,124,156,-1,132,134,133,-1,133,134,136,-1,133,136,157,-1,157,136,144,-1,157,144,158,-1,158,144,146,-1,158,146,159,-1,159,146,151,-1,159,151,160,-1,160,151,123,-1,160,123,36,-1,36,35,155,-1,155,35,34,-1,155,34,33,-1,152,161,153,-1,153,161,162,-1,153,162,154,-1,154,162,163,-1,154,163,155,-1,155,163,36,-1,161,156,162,-1,162,156,124,-1,162,124,163,-1,163,124,36,-1,49,51,151,-1,151,51,53,-1,151,53,123,-1,123,53,55,-1,123,55,57,-1,150,131,149,-1,149,131,133,-1,149,133,152,-1,152,133,157,-1,152,157,161,-1,161,157,158,-1,161,158,156,-1,156,158,159,-1,156,159,125,-1,125,159,160,-1,125,160,36,-1,80,59,164,-1,165,166,59,-1,54,52,167,-1,50,48,168,-1,169,170,171,-1,172,173,174,-1,175,176,177,-1,177,176,60,-1,178,179,180,-1,171,181,182,-1,181,171,183,-1,183,171,170,-1,183,170,184,-1,38,184,40,-1,40,184,170,-1,40,170,42,-1,42,170,169,-1,42,169,44,-1,44,169,46,-1,60,62,177,-1,177,62,64,-1,177,64,185,-1,48,46,168,-1,168,46,169,-1,168,169,186,-1,186,169,171,-1,186,171,178,-1,178,171,182,-1,178,182,179,-1,64,66,185,-1,185,66,68,-1,185,68,187,-1,52,50,167,-1,167,50,168,-1,167,168,188,-1,188,168,186,-1,188,186,189,-1,189,186,178,-1,189,178,190,-1,190,178,180,-1,190,180,191,-1,68,70,187,-1,187,70,72,-1,187,72,192,-1,190,193,189,-1,189,193,194,-1,189,194,188,-1,188,194,195,-1,188,195,167,-1,167,195,196,-1,167,196,54,-1,166,165,197,-1,173,175,174,-1,174,175,177,-1,174,177,198,-1,198,177,185,-1,198,185,199,-1,199,185,187,-1,199,187,200,-1,200,187,192,-1,200,192,201,-1,201,192,164,-1,201,164,59,-1,59,58,196,-1,196,58,56,-1,196,56,54,-1,193,202,194,-1,194,202,203,-1,194,203,195,-1,195,203,204,-1,195,204,196,-1,196,204,59,-1,202,197,203,-1,203,197,165,-1,203,165,204,-1,204,165,59,-1,72,74,192,-1,192,74,76,-1,192,76,164,-1,164,76,78,-1,164,78,80,-1,191,172,190,-1,190,172,174,-1,190,174,193,-1,193,174,198,-1,193,198,202,-1,202,198,199,-1,202,199,197,-1,197,199,200,-1,197,200,166,-1,166,200,201,-1,166,201,59,-1,205,24,94,-1,205,94,206,-1,206,94,93,-1,206,93,207,-1,207,93,91,-1,207,91,208,-1,208,91,90,-1,208,90,209,-1,209,90,109,-1,209,109,210,-1,210,109,98,-1,210,98,211,-1,211,98,97,-1,211,97,212,-1,212,97,100,-1,212,100,213,-1,213,100,99,-1,213,99,214,-1,214,99,101,-1,214,101,215,-1,215,101,102,-1,215,102,61,-1,216,37,135,-1,216,135,217,-1,217,135,134,-1,217,134,218,-1,218,134,132,-1,218,132,219,-1,219,132,131,-1,219,131,220,-1,220,131,150,-1,220,150,221,-1,221,150,139,-1,221,139,222,-1,222,139,138,-1,222,138,223,-1,223,138,141,-1,223,141,224,-1,224,141,140,-1,224,140,225,-1,225,140,142,-1,225,142,226,-1,226,142,143,-1,226,143,25,-1,227,60,176,-1,227,176,228,-1,228,176,175,-1,228,175,229,-1,229,175,173,-1,229,173,230,-1,230,173,172,-1,230,172,231,-1,231,172,191,-1,231,191,232,-1,232,191,180,-1,232,180,233,-1,233,180,179,-1,233,179,234,-1,234,179,182,-1,234,182,235,-1,235,182,181,-1,235,181,236,-1,236,181,183,-1,236,183,237,-1,237,183,184,-1,237,184,38,-1,215,238,239,-1,215,239,214,-1,214,239,240,-1,214,240,213,-1,213,240,241,-1,213,241,212,-1,212,241,242,-1,212,242,211,-1,211,242,243,-1,211,243,210,-1,210,243,244,-1,210,244,209,-1,209,244,245,-1,209,245,208,-1,208,245,246,-1,208,246,207,-1,207,246,247,-1,207,247,206,-1,206,247,248,-1,206,248,205,-1,205,248,249,-1,205,249,250,-1,226,251,252,-1,226,252,225,-1,225,252,253,-1,225,253,224,-1,224,253,254,-1,224,254,223,-1,223,254,255,-1,223,255,222,-1,222,255,256,-1,222,256,221,-1,221,256,257,-1,221,257,220,-1,220,257,258,-1,220,258,219,-1,219,258,259,-1,219,259,218,-1,218,259,260,-1,218,260,217,-1,217,260,261,-1,217,261,216,-1,216,261,262,-1,216,262,263,-1,237,264,265,-1,237,265,236,-1,236,265,266,-1,236,266,235,-1,235,266,267,-1,235,267,234,-1,234,267,268,-1,234,268,233,-1,233,268,269,-1,233,269,232,-1,232,269,270,-1,232,270,231,-1,231,270,271,-1,231,271,230,-1,230,271,272,-1,230,272,229,-1,229,272,273,-1,229,273,228,-1,228,273,274,-1,228,274,227,-1,227,274,275,-1,227,275,276,-1,238,276,277,-1,277,276,278,-1,277,278,279,-1,279,278,280,-1,279,280,281,-1,281,280,282,-1,281,282,283,-1,283,282,284,-1,283,284,285,-1,285,284,286,-1,285,286,1,-1,1,286,3,-1,287,288,289,-1,290,291,292,-1,293,294,295,-1,296,250,249,-1,295,294,297,-1,297,294,298,-1,297,298,290,-1,292,291,299,-1,299,291,300,-1,299,300,287,-1,289,288,301,-1,301,288,302,-1,301,302,303,-1,303,302,304,-1,303,304,305,-1,305,304,306,-1,305,306,307,-1,307,306,285,-1,307,285,1,-1,239,308,240,-1,240,308,309,-1,244,243,310,-1,310,243,242,-1,310,242,309,-1,309,242,241,-1,309,241,240,-1,244,310,245,-1,245,310,311,-1,245,311,246,-1,246,311,298,-1,246,298,247,-1,247,298,248,-1,248,298,294,-1,248,294,249,-1,249,294,293,-1,249,293,296,-1,312,281,283,-1,287,300,288,-1,288,300,313,-1,288,313,302,-1,302,313,314,-1,302,314,304,-1,304,314,312,-1,304,312,306,-1,306,312,283,-1,306,283,285,-1,239,238,308,-1,308,238,277,-1,308,277,279,-1,290,298,291,-1,291,298,311,-1,291,311,300,-1,300,311,310,-1,300,310,313,-1,313,310,309,-1,313,309,314,-1,314,309,308,-1,314,308,312,-1,312,308,279,-1,312,279,281,-1,315,316,317,-1,318,319,320,-1,320,319,321,-1,320,321,322,-1,322,323,320,-1,320,323,324,-1,320,324,325,-1,325,326,320,-1,320,326,327,-1,320,327,328,-1,317,318,315,-1,315,318,320,-1,315,320,329,-1,320,330,329,-1,329,330,331,-1,329,331,332,-1,331,333,332,-1,332,333,334,-1,332,334,335,-1,334,336,335,-1,335,336,337,-1,335,337,338,-1,338,337,339,-1,338,339,340,-1,340,339,341,-1,340,341,342,-1,342,341,343,-1,342,343,344,-1,344,343,251,-1,341,339,345,-1,337,336,346,-1,347,348,349,-1,328,350,351,-1,352,350,328,-1,349,348,328,-1,320,328,348,-1,252,353,253,-1,253,353,354,-1,253,354,254,-1,254,354,255,-1,255,354,355,-1,255,355,256,-1,256,355,257,-1,257,355,356,-1,257,356,258,-1,258,356,259,-1,259,356,357,-1,259,357,260,-1,260,357,261,-1,261,357,358,-1,261,358,262,-1,262,358,359,-1,262,359,263,-1,360,352,328,-1,334,333,347,-1,347,333,331,-1,347,331,348,-1,348,331,330,-1,348,330,320,-1,361,351,362,-1,362,351,350,-1,362,350,363,-1,363,350,352,-1,363,352,364,-1,336,334,346,-1,346,334,347,-1,346,347,365,-1,365,347,349,-1,365,349,366,-1,366,349,328,-1,360,367,352,-1,352,367,368,-1,352,368,364,-1,364,368,369,-1,364,369,370,-1,371,361,372,-1,372,361,362,-1,372,362,373,-1,373,362,363,-1,373,363,374,-1,374,363,364,-1,374,364,375,-1,375,364,370,-1,345,371,376,-1,376,371,372,-1,376,372,377,-1,377,372,373,-1,377,373,378,-1,378,373,374,-1,378,374,379,-1,379,374,375,-1,379,375,380,-1,339,337,345,-1,345,337,346,-1,345,346,371,-1,371,346,365,-1,371,365,361,-1,361,365,366,-1,361,366,351,-1,351,366,328,-1,252,251,353,-1,353,251,343,-1,353,343,341,-1,370,381,375,-1,375,381,382,-1,375,382,380,-1,380,382,383,-1,380,383,384,-1,341,345,353,-1,353,345,376,-1,353,376,354,-1,354,376,377,-1,354,377,355,-1,355,377,378,-1,355,378,356,-1,356,378,379,-1,356,379,357,-1,357,379,380,-1,357,380,358,-1,358,380,384,-1,358,384,359,-1,385,386,387,-1,388,389,390,-1,390,389,391,-1,390,391,392,-1,392,391,3,-1,386,393,387,-1,387,393,394,-1,387,394,388,-1,388,394,395,-1,388,395,389,-1,396,397,398,-1,398,397,399,-1,398,399,400,-1,400,399,385,-1,401,402,403,-1,403,402,404,-1,403,404,405,-1,405,404,396,-1,264,401,265,-1,265,401,403,-1,265,403,266,-1,266,403,405,-1,266,405,267,-1,267,405,268,-1,268,405,406,-1,268,406,269,-1,269,406,270,-1,270,406,407,-1,270,407,271,-1,271,407,272,-1,272,407,408,-1,272,408,273,-1,273,408,274,-1,274,408,409,-1,274,409,275,-1,275,409,278,-1,275,278,276,-1,385,387,400,-1,400,387,388,-1,400,388,410,-1,410,388,390,-1,410,390,411,-1,411,390,392,-1,411,392,412,-1,3,286,392,-1,392,286,284,-1,392,284,412,-1,412,284,282,-1,412,282,280,-1,396,398,405,-1,405,398,400,-1,405,400,406,-1,406,400,410,-1,406,410,407,-1,407,410,411,-1,407,411,408,-1,408,411,412,-1,408,412,409,-1,409,412,280,-1,409,280,278,-1,413,250,296,-1,414,415,296,-1,296,415,416,-1,296,416,413,-1,297,290,417,-1,417,290,292,-1,417,292,418,-1,296,293,414,-1,414,293,295,-1,414,295,419,-1,419,295,297,-1,419,297,420,-1,420,297,417,-1,292,299,418,-1,418,299,287,-1,418,287,421,-1,421,287,289,-1,421,289,422,-1,422,289,301,-1,422,301,423,-1,423,301,303,-1,423,303,424,-1,1,0,307,-1,307,0,425,-1,307,425,305,-1,305,425,426,-1,305,426,303,-1,303,426,427,-1,303,427,424,-1,344,413,342,-1,342,413,428,-1,342,428,340,-1,340,428,429,-1,340,429,338,-1,338,429,430,-1,338,430,335,-1,335,430,431,-1,335,431,332,-1,431,432,332,-1,332,432,433,-1,332,433,329,-1,433,434,329,-1,329,434,435,-1,329,435,315,-1,315,435,436,-1,315,436,437,-1,438,439,437,-1,437,439,440,-1,437,440,441,-1,316,315,442,-1,442,315,437,-1,442,437,443,-1,443,437,441,-1,360,444,367,-1,367,444,445,-1,367,445,368,-1,368,445,446,-1,368,446,369,-1,369,446,447,-1,369,447,370,-1,370,447,448,-1,370,448,381,-1,381,448,449,-1,381,449,382,-1,382,449,450,-1,382,450,383,-1,383,450,451,-1,383,451,384,-1,384,451,452,-1,384,452,359,-1,359,452,453,-1,359,453,263,-1,263,453,454,-1,360,328,455,-1,360,455,444,-1,444,455,456,-1,444,456,457,-1,457,458,444,-1,444,458,459,-1,444,459,460,-1,264,454,461,-1,462,393,463,-1,463,393,386,-1,463,386,464,-1,464,386,385,-1,464,385,465,-1,465,385,399,-1,465,399,466,-1,466,399,397,-1,466,397,467,-1,467,397,396,-1,467,396,468,-1,468,396,404,-1,468,404,469,-1,469,404,402,-1,469,402,461,-1,461,402,401,-1,461,401,264,-1,470,389,471,-1,471,389,395,-1,471,395,462,-1,462,395,394,-1,462,394,393,-1,470,472,389,-1,389,472,473,-1,389,473,391,-1,391,473,474,-1,391,474,3,-1,3,474,2,-1,435,434,475,-1,476,477,478,-1,479,480,481,-1,481,480,438,-1,418,421,482,-1,424,427,479,-1,426,425,483,-1,483,425,0,-1,422,423,484,-1,484,423,424,-1,484,424,485,-1,486,420,417,-1,487,414,419,-1,436,478,437,-1,437,478,438,-1,477,438,478,-1,0,488,483,-1,483,488,489,-1,483,489,490,-1,490,489,491,-1,490,491,492,-1,427,426,479,-1,479,426,483,-1,479,483,480,-1,480,483,490,-1,480,490,438,-1,492,438,490,-1,436,435,478,-1,478,435,475,-1,478,475,476,-1,476,475,486,-1,421,422,482,-1,482,422,484,-1,482,484,493,-1,493,484,485,-1,493,485,494,-1,417,418,486,-1,486,418,482,-1,486,482,476,-1,476,482,493,-1,476,493,477,-1,477,493,494,-1,477,494,438,-1,419,420,487,-1,487,420,486,-1,487,486,495,-1,495,486,475,-1,495,475,433,-1,433,475,434,-1,413,416,428,-1,428,416,415,-1,428,415,429,-1,429,415,414,-1,429,414,430,-1,430,414,487,-1,430,487,431,-1,431,487,495,-1,431,495,432,-1,432,495,433,-1,424,479,485,-1,485,479,481,-1,485,481,494,-1,494,481,438,-1,496,497,498,-1,498,497,460,-1,444,460,497,-1,471,499,470,-1,462,463,500,-1,465,466,501,-1,467,468,502,-1,465,501,464,-1,503,460,504,-1,448,447,496,-1,496,447,446,-1,496,446,497,-1,497,446,445,-1,497,445,444,-1,505,506,507,-1,2,474,508,-1,508,474,509,-1,508,509,510,-1,510,509,503,-1,510,503,511,-1,511,503,504,-1,449,448,512,-1,512,448,496,-1,512,496,513,-1,513,496,498,-1,513,498,514,-1,514,498,460,-1,460,505,515,-1,515,505,507,-1,515,507,516,-1,516,507,500,-1,516,500,501,-1,501,500,463,-1,501,463,464,-1,473,472,506,-1,506,472,470,-1,506,470,507,-1,507,470,499,-1,507,499,500,-1,500,499,471,-1,500,471,462,-1,449,512,450,-1,450,512,502,-1,450,502,451,-1,451,502,468,-1,451,468,452,-1,452,468,469,-1,452,469,453,-1,453,469,461,-1,453,461,454,-1,467,502,466,-1,466,502,512,-1,466,512,501,-1,501,512,513,-1,501,513,516,-1,516,513,514,-1,516,514,515,-1,515,514,460,-1,474,473,509,-1,509,473,506,-1,509,506,503,-1,503,506,505,-1,503,505,460,-1,460,517,504,-1,504,517,518,-1,504,518,519,-1,519,520,504,-1,504,520,521,-1,504,521,522,-1,523,438,492,-1,522,524,504,-1,504,524,525,-1,504,525,526,-1,526,523,504,-1,504,523,492,-1,504,492,511,-1,511,492,491,-1,511,491,510,-1,510,491,489,-1,510,489,508,-1,508,489,488,-1,508,488,2,-1,2,488,0,-1,
        ]
    }
}
Shape{
    appearance Appearance {
        material  Material 	{
            diffuseColor 1.0 1.0 1.0
            specularColor 0.5019607843137255 0.5019607843137255 0.5019607843137255
            ambientIntensity 1.0
            transparency 0.0
            shininess 0.5
        }
    }
    geometry IndexedFaceSet {
        ccw TRUE
        solid FALSE
        coord DEF co Coordinate {
            point [
                0.4083 -0.2882 0.6535, 0.4083 -0.2989 0.6535, 0.4083 -0.2882 0.6496, 0.4083 -0.2989 0.6496, 0.3711 -0.2882 0.6535, 0.3711 -0.2882 0.6496, 0.3711 -0.2054 0.6535, 0.3711 -0.2054 0.6496, 0.3591 -0.2054 0.6535, 0.3591 -0.2054 0.6496, 0.3591 -0.2989 0.6535, 0.3591 -0.2989 0.6496, 0.4821 -0.295 0.6496, 0.4821 -0.295 0.6535, 0.4805 -0.2958 0.6535, 0.4562 -0.3004 0.6535, 0.4562 -0.3004 0.6496, 0.4705 -0.2991 0.6496, 0.4705 -0.2991 0.6535, 0.4706 -0.299 0.6496, 0.4805 -0.2958 0.6496, 0.4821 -0.2834 0.6535, 0.4821 -0.2834 0.6496, 0.4729 -0.2875 0.6496, 0.4729 -0.2875 0.6535, 0.4624 -0.2895 0.6496, 0.4624 -0.2895 0.6535, 0.458 -0.2897 0.6496, 0.458 -0.2897 0.6535, 0.4485 -0.2885 0.6496, 0.4485 -0.2885 0.6535, 0.4418 -0.2859 0.6496, 0.4418 -0.2859 0.6535, 0.4357 -0.2816 0.6496, 0.4357 -0.2816 0.6535, 0.434 -0.2798 0.6496, 0.434 -0.2798 0.6535, 0.4294 -0.2735 0.6496, 0.4294 -0.2735 0.6535, 0.4264 -0.266 0.6496, 0.4264 -0.266 0.6535, 0.4249 -0.2567 0.6496, 0.4249 -0.2567 0.6535, 0.4248 -0.2532 0.6496, 0.4248 -0.2532 0.6535, 0.4261 -0.2414 0.6496, 0.4261 -0.2414 0.6535, 0.4291 -0.2331 0.6496, 0.4291 -0.2331 0.6535, 0.4334 -0.2264 0.6496, 0.4334 -0.2264 0.6535, 0.4346 -0.2251 0.6496, 0.4346 -0.2251 0.6535, 0.441 -0.2198 0.6496, 0.441 -0.2198 0.6535, 0.4483 -0.2165 0.6496, 0.4483 -0.2165 0.6535, 0.4565 -0.2149 0.6496, 0.4565 -0.2149 0.6535, 0.4601 -0.2148 0.6496, 0.4601 -0.2148 0.6535, 0.4716 -0.2161 0.6496, 0.4716 -0.2161 0.6535, 0.481 -0.2197 0.6496, 0.481 -0.2197 0.6535, 0.4821 -0.2203 0.6496, 0.4821 -0.2203 0.6535, 0.4821 -0.2077 0.6535, 0.4821 -0.2077 0.6496, 0.4599 -0.2039 0.6496, 0.4599 -0.2039 0.6535, 0.4603 -0.2039 0.6535, 0.4725 -0.2049 0.6496, 0.4725 -0.2049 0.6535, 0.4698 -0.2047 0.6496, 0.4603 -0.2039 0.6496, 0.4536 -0.2047 0.6496, 0.4462 -0.2056 0.6535, 0.4462 -0.2056 0.6496, 0.4365 -0.2094 0.6496, 0.4365 -0.2094 0.6535, 0.4278 -0.2155 0.6496, 0.4278 -0.2155 0.6535, 0.4256 -0.2176 0.6496, 0.4256 -0.2176 0.6535, 0.4188 -0.2265 0.6496, 0.4163 -0.2324 0.6496, 0.4144 -0.2369 0.6535, 0.4188 -0.2265 0.6535, 0.4144 -0.2369 0.6496, 0.4123 -0.2491 0.6496, 0.4123 -0.2491 0.6535, 0.4121 -0.2539 0.6496, 0.4121 -0.2539 0.6535, 0.4137 -0.2679 0.6496, 0.4163 -0.2752 0.6496, 0.4173 -0.2779 0.6535, 0.4137 -0.2679 0.6535, 0.4173 -0.2779 0.6496, 0.4226 -0.286 0.6496, 0.4226 -0.286 0.6535, 0.4241 -0.2877 0.6496, 0.4241 -0.2877 0.6535, 0.4506 -0.3002 0.6535, 0.4317 -0.2939 0.6496, 0.4317 -0.2939 0.6535, 0.4405 -0.2981 0.6496, 0.4405 -0.2981 0.6535, 0.4449 -0.299 0.6496, 0.4506 -0.3002 0.6496, 0.551 -0.2882 0.6535, 0.551 -0.2989 0.6535, 0.551 -0.2882 0.6496, 0.551 -0.2989 0.6496, 0.5128 -0.2882 0.6496, 0.5128 -0.2882 0.6535, 0.5381 -0.2882 0.6496, 0.5128 -0.2568 0.6535, 0.5128 -0.2568 0.6496, 0.5462 -0.2568 0.6535, 0.5381 -0.2568 0.6496, 0.5462 -0.2568 0.6496, 0.5462 -0.2461 0.6535, 0.5462 -0.2461 0.6496, 0.5128 -0.2461 0.6496, 0.5128 -0.2461 0.6535, 0.5381 -0.2461 0.6496, 0.5128 -0.2162 0.6535, 0.5128 -0.2162 0.6496, 0.5489 -0.2162 0.6535, 0.5381 -0.2162 0.6496, 0.5489 -0.2162 0.6496, 0.5489 -0.2054 0.6535, 0.5489 -0.2054 0.6496, 0.5008 -0.2054 0.6496, 0.5008 -0.2054 0.6535, 0.5381 -0.2054 0.6496, 0.5008 -0.2989 0.6535, 0.5008 -0.2989 0.6496, 0.5381 -0.2989 0.6496, 0.6267 -0.2727 0.6535, 0.6221 -0.2785 0.6535, 0.6306 -0.2858 0.6535, 0.6203 -0.28 0.6535, 0.6208 -0.2928 0.6535, 0.6141 -0.2841 0.6535, 0.6101 -0.297 0.6535, 0.6061 -0.2869 0.6535, 0.5944 -0.2989 0.6535, 0.5943 -0.2882 0.6535, 0.5687 -0.2989 0.6535, 0.5807 -0.2882 0.6535, 0.5687 -0.2054 0.6535, 0.5807 -0.2162 0.6535, 0.5953 -0.2054 0.6535, 0.5948 -0.2162 0.6535, 0.6096 -0.207 0.6535, 0.6069 -0.2175 0.6535, 0.6208 -0.2111 0.6535, 0.615 -0.2204 0.6535, 0.6306 -0.2178 0.6535, 0.6218 -0.225 0.6535, 0.6338 -0.2209 0.6535, 0.6249 -0.2281 0.6535, 0.6396 -0.229 0.6535, 0.6284 -0.2335 0.6535, 0.6431 -0.2379 0.6535, 0.6309 -0.2405 0.6535, 0.6447 -0.251 0.6535, 0.632 -0.2513 0.6535, 0.6444 -0.2568 0.6535, 0.6317 -0.2572 0.6535, 0.6422 -0.2678 0.6535, 0.6299 -0.2658 0.6535, 0.6376 -0.2775 0.6535, 0.5944 -0.2989 0.6496, 0.5687 -0.2989 0.6496, 0.6306 -0.2858 0.6496, 0.6101 -0.297 0.6496, 0.6115 -0.2964 0.6496, 0.6208 -0.2928 0.6496, 0.6376 -0.2775 0.6496, 0.6422 -0.2678 0.6496, 0.6444 -0.2568 0.6496, 0.6447 -0.251 0.6496, 0.6431 -0.2379 0.6496, 0.6396 -0.229 0.6496, 0.6338 -0.2209 0.6496, 0.6306 -0.2178 0.6496, 0.5953 -0.2054 0.6496, 0.6208 -0.2111 0.6496, 0.6115 -0.2077 0.6496, 0.6096 -0.207 0.6496, 0.5687 -0.2054 0.6496, 0.5948 -0.2162 0.6496, 0.5807 -0.2162 0.6496, 0.5807 -0.2882 0.6496, 0.5943 -0.2882 0.6496, 0.6221 -0.2785 0.6496, 0.6203 -0.28 0.6496, 0.6141 -0.2841 0.6496, 0.6061 -0.2869 0.6496, 0.632 -0.2513 0.6496, 0.6317 -0.2572 0.6496, 0.6299 -0.2658 0.6496, 0.6267 -0.2727 0.6496, 0.6218 -0.225 0.6496, 0.6249 -0.2281 0.6496, 0.6284 -0.2335 0.6496, 0.6309 -0.2405 0.6496, 0.6069 -0.2175 0.6496, 0.615 -0.2204 0.6496
            ]
        }
        coordIndex [
            0,1,2,-1,2,1,3,-1,4,0,5,-1,5,0,2,-1,6,4,7,-1,7,4,5,-1,8,6,9,-1,9,6,7,-1,10,8,11,-1,11,8,9,-1,1,10,3,-1,3,10,11,-1,6,8,4,-1,4,8,10,-1,4,10,0,-1,0,10,1,-1,12,13,14,-1,15,16,17,-1,15,17,18,-1,18,17,19,-1,18,19,14,-1,14,19,20,-1,14,20,12,-1,21,13,22,-1,22,13,12,-1,21,22,23,-1,21,23,24,-1,24,23,25,-1,24,25,26,-1,26,25,27,-1,26,27,28,-1,28,27,29,-1,28,29,30,-1,30,29,31,-1,30,31,32,-1,32,31,33,-1,32,33,34,-1,34,33,35,-1,34,35,36,-1,36,35,37,-1,36,37,38,-1,38,37,39,-1,38,39,40,-1,40,39,41,-1,40,41,42,-1,42,41,43,-1,42,43,44,-1,44,43,45,-1,44,45,46,-1,46,45,47,-1,46,47,48,-1,48,47,49,-1,48,49,50,-1,50,49,51,-1,50,51,52,-1,52,51,53,-1,52,53,54,-1,54,53,55,-1,54,55,56,-1,56,55,57,-1,56,57,58,-1,58,57,59,-1,58,59,60,-1,60,59,61,-1,60,61,62,-1,62,61,63,-1,62,63,64,-1,64,63,65,-1,64,65,66,-1,67,66,68,-1,68,66,65,-1,69,70,71,-1,67,68,72,-1,67,72,73,-1,73,72,74,-1,73,74,71,-1,71,74,75,-1,71,75,69,-1,70,69,76,-1,70,76,77,-1,76,78,77,-1,77,78,79,-1,77,79,80,-1,80,79,81,-1,80,81,82,-1,82,81,83,-1,82,83,84,-1,84,83,85,-1,86,87,85,-1,85,87,88,-1,85,88,84,-1,86,89,87,-1,87,89,90,-1,87,90,91,-1,91,90,92,-1,91,92,93,-1,93,92,94,-1,95,96,94,-1,94,96,97,-1,94,97,93,-1,95,98,96,-1,96,98,99,-1,96,99,100,-1,100,99,101,-1,100,101,102,-1,16,15,103,-1,102,101,104,-1,102,104,105,-1,105,104,106,-1,105,106,107,-1,107,106,108,-1,107,108,103,-1,103,108,109,-1,103,109,16,-1,64,66,67,-1,46,48,88,-1,64,67,62,-1,62,67,73,-1,62,73,60,-1,60,73,71,-1,60,71,58,-1,58,71,70,-1,58,70,56,-1,56,70,77,-1,56,77,54,-1,13,21,14,-1,14,21,24,-1,14,24,18,-1,18,24,26,-1,18,26,15,-1,15,26,28,-1,15,28,103,-1,103,28,30,-1,103,30,107,-1,107,30,32,-1,107,32,105,-1,105,32,34,-1,105,34,102,-1,102,34,36,-1,102,36,100,-1,100,36,38,-1,100,38,96,-1,88,48,84,-1,77,80,54,-1,54,80,82,-1,54,82,52,-1,52,82,84,-1,52,84,50,-1,50,84,48,-1,93,44,91,-1,91,44,46,-1,91,46,87,-1,87,46,88,-1,96,38,97,-1,97,38,40,-1,97,40,93,-1,93,40,42,-1,93,42,44,-1,110,111,112,-1,112,111,113,-1,114,115,116,-1,116,115,110,-1,116,110,112,-1,117,115,118,-1,118,115,114,-1,117,118,119,-1,119,118,120,-1,119,120,121,-1,122,119,123,-1,123,119,121,-1,124,125,126,-1,126,125,122,-1,126,122,123,-1,127,125,128,-1,128,125,124,-1,127,128,129,-1,129,128,130,-1,129,130,131,-1,132,129,133,-1,133,129,131,-1,134,135,136,-1,136,135,132,-1,136,132,133,-1,137,135,138,-1,138,135,134,-1,113,111,139,-1,139,111,137,-1,139,137,138,-1,137,111,110,-1,110,115,137,-1,137,115,117,-1,137,117,135,-1,129,132,127,-1,127,132,135,-1,127,135,125,-1,125,135,117,-1,125,117,122,-1,122,117,119,-1,140,141,142,-1,142,141,143,-1,142,143,144,-1,144,143,145,-1,144,145,146,-1,146,145,147,-1,146,147,148,-1,148,147,149,-1,148,149,150,-1,150,149,151,-1,150,151,152,-1,152,151,153,-1,152,153,154,-1,154,153,155,-1,154,155,156,-1,156,155,157,-1,156,157,158,-1,158,157,159,-1,158,159,160,-1,160,159,161,-1,160,161,162,-1,162,161,163,-1,162,163,164,-1,164,163,165,-1,164,165,166,-1,166,165,167,-1,166,167,168,-1,168,167,169,-1,168,169,170,-1,170,169,171,-1,170,171,172,-1,172,171,173,-1,172,173,174,-1,174,173,140,-1,174,140,142,-1,148,150,175,-1,175,150,176,-1,177,142,144,-1,148,175,178,-1,148,178,146,-1,146,178,179,-1,146,179,144,-1,144,179,180,-1,144,180,177,-1,142,177,181,-1,142,181,174,-1,174,181,182,-1,174,182,172,-1,172,182,183,-1,172,183,170,-1,170,183,184,-1,170,184,168,-1,168,184,185,-1,168,185,166,-1,166,185,186,-1,166,186,164,-1,164,186,187,-1,164,187,162,-1,162,187,188,-1,162,188,160,-1,189,154,156,-1,160,188,190,-1,160,190,158,-1,158,190,191,-1,158,191,156,-1,156,191,192,-1,156,192,189,-1,152,154,193,-1,193,154,189,-1,150,152,176,-1,176,152,193,-1,155,153,194,-1,194,153,195,-1,153,151,195,-1,195,151,196,-1,151,149,196,-1,196,149,197,-1,141,198,199,-1,141,199,143,-1,143,199,200,-1,143,200,145,-1,145,200,201,-1,145,201,147,-1,147,201,197,-1,147,197,149,-1,169,202,203,-1,169,203,171,-1,171,203,204,-1,171,204,173,-1,173,204,205,-1,173,205,140,-1,140,205,198,-1,140,198,141,-1,161,206,207,-1,161,207,163,-1,163,207,208,-1,163,208,165,-1,165,208,209,-1,165,209,167,-1,167,209,202,-1,167,202,169,-1,155,194,210,-1,155,210,157,-1,157,210,211,-1,157,211,159,-1,159,211,206,-1,159,206,161,-1,
        ]
    }
}
Shape{
    appearance Appearance {
        material  Material 	{
            diffuseColor 0.2235294117647059 0.2235294117647059 0.2235294117647059
            specularColor 0.11372549019607843 0.11372549019607843 0.11372549019607843
            ambientIntensity 0.2235
            transparency 0.0
            shininess 0.5
        }
    }
    geometry IndexedFaceSet {
        ccw TRUE
        solid FALSE
        coord DEF co Coordinate {
            point [
                0.5807 -0.2162 0.6496, 0.5807 -0.2882 0.6496, 0.5948 -0.2162 0.6496, 0.5943 -0.2882 0.6496, 0.6061 -0.2869 0.6496, 0.6141 -0.2841 0.6496, 0.6203 -0.28 0.6496, 0.6221 -0.2785 0.6496, 0.6267 -0.2727 0.6496, 0.6299 -0.2658 0.6496, 0.6317 -0.2572 0.6496, 0.632 -0.2513 0.6496, 0.6309 -0.2405 0.6496, 0.6284 -0.2335 0.6496, 0.6249 -0.2281 0.6496, 0.6218 -0.225 0.6496, 0.6069 -0.2175 0.6496, 0.615 -0.2204 0.6496
            ]
        }
        coordIndex [
            0,1,2,-1,2,1,3,-1,2,3,4,-1,4,5,2,-1,2,5,6,-1,2,6,7,-1,7,8,2,-1,2,8,9,-1,2,9,10,-1,10,11,2,-1,2,11,12,-1,2,12,13,-1,13,14,2,-1,2,14,15,-1,2,15,16,-1,16,15,17,-1,
        ]
    }
}
Shape{
    appearance Appearance {
        material  Material 	{
            diffuseColor 1.0 1.0 1.0
            specularColor 0.5019607843137255 0.5019607843137255 0.5019607843137255
            ambientIntensity 1.0
            transparency 0.0
            shininess 0.5
        }
    }
    geometry IndexedFaceSet {
        ccw TRUE
        solid FALSE
        coord DEF co Coordinate {
            point [
                0.676 -0.2627 0.6535, 0.6722 -0.2733 0.6535, 0.7074 -0.2627 0.6535, 0.7111 -0.2733 0.6535, 0.69 -0.2239 0.6535, 0.6855 -0.2054 0.6535, 0.6499 -0.2989 0.6535, 0.6632 -0.2989 0.6535, 0.6908 -0.2211 0.6535, 0.6915 -0.2174 0.6535, 0.6984 -0.2054 0.6535, 0.6918 -0.2174 0.6535, 0.6926 -0.2213 0.6535, 0.6933 -0.2239 0.6535, 0.7339 -0.2989 0.6535, 0.7206 -0.2989 0.6535, 0.6984 -0.2054 0.6496, 0.7339 -0.2989 0.6496, 0.6855 -0.2054 0.6496, 0.6499 -0.2989 0.6496, 0.6768 -0.2282 0.6496, 0.6632 -0.2989 0.6496, 0.6722 -0.2733 0.6496, 0.7111 -0.2733 0.6496, 0.6768 -0.2733 0.6496, 0.7206 -0.2989 0.6496, 0.676 -0.2627 0.6496, 0.7074 -0.2627 0.6496, 0.6933 -0.2239 0.6496, 0.6918 -0.2174 0.6496, 0.6926 -0.2213 0.6496, 0.6915 -0.2174 0.6496, 0.69 -0.2239 0.6496, 0.6908 -0.2211 0.6496
            ]
        }
        coordIndex [
            0,1,2,-1,2,1,3,-1,4,5,0,-1,0,5,6,-1,0,6,1,-1,1,6,7,-1,4,8,5,-1,5,8,9,-1,5,9,10,-1,10,9,11,-1,10,11,12,-1,12,13,10,-1,10,13,2,-1,10,2,14,-1,14,2,3,-1,14,3,15,-1,10,14,16,-1,16,14,17,-1,5,10,18,-1,18,10,16,-1,19,6,20,-1,20,6,5,-1,20,5,18,-1,7,6,21,-1,21,6,19,-1,1,7,22,-1,22,7,21,-1,23,3,24,-1,24,3,1,-1,24,1,22,-1,15,3,25,-1,25,3,23,-1,14,15,17,-1,17,15,25,-1,0,2,26,-1,26,2,27,-1,2,13,27,-1,27,13,28,-1,11,29,30,-1,11,30,12,-1,12,30,28,-1,12,28,13,-1,11,9,29,-1,29,9,31,-1,4,32,33,-1,4,33,8,-1,8,33,31,-1,8,31,9,-1,4,0,32,-1,32,0,26,-1,
        ]
    }
}
Shape{
    appearance Appearance {
        material  Material 	{
            diffuseColor 0.2235294117647059 0.2235294117647059 0.2235294117647059
            specularColor 0.11372549019607843 0.11372549019607843 0.11372549019607843
            ambientIntensity 0.2235
            transparency 0.0
            shininess 0.5
        }
    }
    geometry IndexedFaceSet {
        ccw TRUE
        solid FALSE
        coord DEF co Coordinate {
            point [
                0.6918 -0.2174 0.6496, 0.6915 -0.2174 0.6496, 0.6926 -0.2213 0.6496, 0.6908 -0.2211 0.6496, 0.6933 -0.2239 0.6496, 0.69 -0.2239 0.6496, 0.7074 -0.2627 0.6496, 0.676 -0.2627 0.6496
            ]
        }
        coordIndex [
            0,1,2,-1,2,1,3,-1,2,3,4,-1,4,3,5,-1,4,5,6,-1,6,5,7,-1,
        ]
    }
}
Shape{
    appearance Appearance {
        material  Material 	{
            diffuseColor 1.0 1.0 1.0
            specularColor 0.5019607843137255 0.5019607843137255 0.5019607843137255
            ambientIntensity 1.0
            transparency 0.0
            shininess 0.5
        }
    }
    geometry IndexedFaceSet {
        ccw TRUE
        solid FALSE
        coord DEF co Coordinate {
            point [
                0.4093 -0.4364 0.6535, 0.4093 -0.447 0.6535, 0.4093 -0.4364 0.6496, 0.4093 -0.447 0.6496, 0.3711 -0.4364 0.6535, 0.3711 -0.4364 0.6496, 0.3711 -0.405 0.6535, 0.3711 -0.405 0.6496, 0.4045 -0.405 0.6535, 0.4045 -0.405 0.6496, 0.4045 -0.3943 0.6535, 0.4045 -0.3943 0.6496, 0.3711 -0.3943 0.6535, 0.3711 -0.3943 0.6496, 0.3711 -0.3644 0.6535, 0.3711 -0.3644 0.6496, 0.4072 -0.3644 0.6535, 0.4072 -0.3644 0.6496, 0.4072 -0.3536 0.6535, 0.4072 -0.3536 0.6496, 0.3591 -0.3536 0.6535, 0.3591 -0.3536 0.6496, 0.3591 -0.447 0.6535, 0.3591 -0.447 0.6496, 0.4624 -0.447 0.6535, 0.4741 -0.447 0.6535, 0.4624 -0.4367 0.6535, 0.4741 -0.4041 0.6535, 0.4624 -0.4046 0.6535, 0.437 -0.4186 0.6535, 0.4399 -0.4173 0.6535, 0.4621 -0.4367 0.6535, 0.4558 -0.4351 0.6535, 0.4593 -0.4407 0.6535, 0.4525 -0.4373 0.6535, 0.4468 -0.4157 0.6535, 0.4624 -0.4136 0.6535, 0.4624 -0.42 0.6535, 0.4624 -0.4214 0.6535, 0.4616 -0.4261 0.6535, 0.4598 -0.4303 0.6535, 0.4574 -0.4336 0.6535, 0.462 -0.3997 0.6535, 0.4732 -0.3951 0.6535, 0.4609 -0.3955 0.6535, 0.4713 -0.3898 0.6535, 0.4595 -0.393 0.6535, 0.4689 -0.3861 0.6535, 0.4577 -0.3911 0.6535, 0.4658 -0.3831 0.6535, 0.4557 -0.3897 0.6535, 0.4619 -0.3809 0.6535, 0.453 -0.3888 0.6535, 0.4569 -0.3794 0.6535, 0.4489 -0.3883 0.6535, 0.45 -0.3788 0.6535, 0.4425 -0.3889 0.6535, 0.438 -0.3803 0.6535, 0.4352 -0.3913 0.6535, 0.4293 -0.3837 0.6535, 0.427 -0.3964 0.6535, 0.427 -0.385 0.6535, 0.4348 -0.435 0.6535, 0.4262 -0.4434 0.6535, 0.4357 -0.436 0.6535, 0.4295 -0.4458 0.6535, 0.4381 -0.4376 0.6535, 0.4339 -0.4476 0.6535, 0.4407 -0.4386 0.6535, 0.4393 -0.4485 0.6535, 0.4447 -0.439 0.6535, 0.4416 -0.4486 0.6535, 0.4482 -0.4478 0.6535, 0.4489 -0.4386 0.6535, 0.4528 -0.446 0.6535, 0.4555 -0.4443 0.6535, 0.4325 -0.4264 0.6535, 0.4205 -0.4278 0.6535, 0.4324 -0.4282 0.6535, 0.4205 -0.4292 0.6535, 0.4327 -0.4309 0.6535, 0.4212 -0.4349 0.6535, 0.4334 -0.433 0.6535, 0.4227 -0.4388 0.6535, 0.4252 -0.4423 0.6535, 0.4426 -0.4074 0.6535, 0.4338 -0.4096 0.6535, 0.4355 -0.4198 0.6535, 0.4288 -0.4121 0.6535, 0.4341 -0.4215 0.6535, 0.4252 -0.4152 0.6535, 0.433 -0.4237 0.6535, 0.4229 -0.4186 0.6535, 0.4213 -0.4227 0.6535, 0.45 -0.3788 0.6496, 0.438 -0.3803 0.6496, 0.4293 -0.3837 0.6496, 0.427 -0.385 0.6496, 0.427 -0.3964 0.6496, 0.4352 -0.3913 0.6496, 0.4425 -0.3889 0.6496, 0.4489 -0.3883 0.6496, 0.453 -0.3888 0.6496, 0.4557 -0.3897 0.6496, 0.4577 -0.3911 0.6496, 0.4595 -0.393 0.6496, 0.4609 -0.3955 0.6496, 0.462 -0.3997 0.6496, 0.4624 -0.4046 0.6496, 0.4426 -0.4074 0.6496, 0.4338 -0.4096 0.6496, 0.4288 -0.4121 0.6496, 0.4252 -0.4152 0.6496, 0.4229 -0.4186 0.6496, 0.4213 -0.4227 0.6496, 0.4205 -0.4278 0.6496, 0.4205 -0.4292 0.6496, 0.4212 -0.4349 0.6496, 0.4227 -0.4388 0.6496, 0.4252 -0.4423 0.6496, 0.4262 -0.4434 0.6496, 0.4416 -0.4486 0.6496, 0.4295 -0.4458 0.6496, 0.4339 -0.4476 0.6496, 0.4352 -0.4478 0.6496, 0.4393 -0.4485 0.6496, 0.4482 -0.4478 0.6496, 0.4528 -0.446 0.6496, 0.4555 -0.4443 0.6496, 0.4593 -0.4407 0.6496, 0.4621 -0.4367 0.6496, 0.4624 -0.4367 0.6496, 0.4624 -0.447 0.6496, 0.4741 -0.447 0.6496, 0.4741 -0.4041 0.6496, 0.4732 -0.3951 0.6496, 0.4713 -0.3898 0.6496, 0.4689 -0.3861 0.6496, 0.4658 -0.3831 0.6496, 0.4619 -0.3809 0.6496, 0.4569 -0.3794 0.6496, 0.4355 -0.4198 0.6496, 0.437 -0.4186 0.6496, 0.4399 -0.4173 0.6496, 0.4468 -0.4157 0.6496, 0.4324 -0.4282 0.6496, 0.4325 -0.4264 0.6496, 0.433 -0.4237 0.6496, 0.4341 -0.4215 0.6496, 0.4357 -0.436 0.6496, 0.4348 -0.435 0.6496, 0.4334 -0.433 0.6496, 0.4327 -0.4309 0.6496, 0.4447 -0.439 0.6496, 0.4407 -0.4386 0.6496, 0.4381 -0.4376 0.6496, 0.4574 -0.4336 0.6496, 0.4558 -0.4351 0.6496, 0.4525 -0.4373 0.6496, 0.4489 -0.4386 0.6496, 0.4624 -0.42 0.6496, 0.4624 -0.4214 0.6496, 0.4616 -0.4261 0.6496, 0.4598 -0.4303 0.6496, 0.4624 -0.4136 0.6496
            ]
        }
        coordIndex [
            0,1,2,-1,2,1,3,-1,4,0,5,-1,5,0,2,-1,6,4,7,-1,7,4,5,-1,8,6,9,-1,9,6,7,-1,10,8,11,-1,11,8,9,-1,12,10,13,-1,13,10,11,-1,14,12,15,-1,15,12,13,-1,16,14,17,-1,17,14,15,-1,18,16,19,-1,19,16,17,-1,20,18,21,-1,21,18,19,-1,22,20,23,-1,23,20,21,-1,1,22,3,-1,3,22,23,-1,22,1,0,-1,0,4,22,-1,22,4,6,-1,22,6,20,-1,16,18,14,-1,14,18,20,-1,14,20,12,-1,12,20,6,-1,12,6,10,-1,10,6,8,-1,24,25,26,-1,26,25,27,-1,28,29,30,-1,31,32,33,-1,33,32,34,-1,35,36,27,-1,27,36,37,-1,37,38,27,-1,27,38,39,-1,27,39,26,-1,26,39,40,-1,26,40,31,-1,31,40,41,-1,31,41,32,-1,30,35,28,-1,28,35,27,-1,28,27,42,-1,42,27,43,-1,42,43,44,-1,44,43,45,-1,44,45,46,-1,46,45,47,-1,46,47,48,-1,48,47,49,-1,48,49,50,-1,50,49,51,-1,50,51,52,-1,52,51,53,-1,52,53,54,-1,54,53,55,-1,54,55,56,-1,56,55,57,-1,56,57,58,-1,58,57,59,-1,58,59,60,-1,60,59,61,-1,62,63,64,-1,64,63,65,-1,64,65,66,-1,66,65,67,-1,66,67,68,-1,68,67,69,-1,68,69,70,-1,69,71,70,-1,70,71,72,-1,70,72,73,-1,73,72,74,-1,73,74,34,-1,34,74,75,-1,34,75,33,-1,76,77,78,-1,78,77,79,-1,78,79,80,-1,80,79,81,-1,80,81,82,-1,82,81,83,-1,82,83,62,-1,62,83,84,-1,62,84,63,-1,28,85,29,-1,29,85,86,-1,29,86,87,-1,87,86,88,-1,87,88,89,-1,89,88,90,-1,89,90,91,-1,91,90,92,-1,91,92,76,-1,76,92,93,-1,76,93,77,-1,55,94,95,-1,55,95,57,-1,57,95,96,-1,57,96,59,-1,59,96,97,-1,59,97,61,-1,60,61,98,-1,98,61,97,-1,60,98,99,-1,60,99,58,-1,58,99,100,-1,58,100,56,-1,56,100,101,-1,56,101,54,-1,54,101,102,-1,54,102,52,-1,52,102,103,-1,52,103,50,-1,50,103,104,-1,50,104,48,-1,48,104,105,-1,48,105,46,-1,46,105,106,-1,46,106,44,-1,44,106,107,-1,44,107,42,-1,42,107,108,-1,42,108,28,-1,85,28,109,-1,109,28,108,-1,85,109,110,-1,85,110,86,-1,86,110,111,-1,86,111,88,-1,88,111,112,-1,88,112,90,-1,90,112,113,-1,90,113,92,-1,92,113,114,-1,92,114,93,-1,93,114,115,-1,93,115,77,-1,77,115,116,-1,77,116,79,-1,79,116,117,-1,79,117,81,-1,81,117,118,-1,81,118,83,-1,83,118,119,-1,83,119,84,-1,84,119,120,-1,84,120,63,-1,121,71,69,-1,63,120,122,-1,63,122,65,-1,65,122,123,-1,65,123,67,-1,67,123,124,-1,67,124,69,-1,69,124,125,-1,69,125,121,-1,71,121,126,-1,71,126,72,-1,72,126,127,-1,72,127,74,-1,74,127,128,-1,74,128,75,-1,75,128,129,-1,75,129,33,-1,33,129,130,-1,33,130,31,-1,26,31,131,-1,131,31,130,-1,24,26,132,-1,132,26,131,-1,25,24,133,-1,133,24,132,-1,27,25,134,-1,134,25,133,-1,27,134,135,-1,27,135,43,-1,43,135,136,-1,43,136,45,-1,45,136,137,-1,45,137,47,-1,47,137,138,-1,47,138,49,-1,49,138,139,-1,49,139,51,-1,51,139,140,-1,51,140,53,-1,53,140,94,-1,53,94,55,-1,87,141,142,-1,87,142,29,-1,29,142,143,-1,29,143,30,-1,30,143,144,-1,30,144,35,-1,78,145,146,-1,78,146,76,-1,76,146,147,-1,76,147,91,-1,91,147,148,-1,91,148,89,-1,89,148,141,-1,89,141,87,-1,64,149,150,-1,64,150,62,-1,62,150,151,-1,62,151,82,-1,82,151,152,-1,82,152,80,-1,80,152,145,-1,80,145,78,-1,70,153,154,-1,70,154,68,-1,68,154,155,-1,68,155,66,-1,66,155,149,-1,66,149,64,-1,41,156,157,-1,41,157,32,-1,32,157,158,-1,32,158,34,-1,34,158,159,-1,34,159,73,-1,73,159,153,-1,73,153,70,-1,37,160,161,-1,37,161,38,-1,38,161,162,-1,38,162,39,-1,39,162,163,-1,39,163,40,-1,40,163,156,-1,40,156,41,-1,37,36,160,-1,160,36,164,-1,36,35,164,-1,164,35,144,-1,
        ]
    }
}
Shape{
    appearance Appearance {
        material  Material 	{
            diffuseColor 0.2235294117647059 0.2235294117647059 0.2235294117647059
            specularColor 0.11372549019607843 0.11372549019607843 0.11372549019607843
            ambientIntensity 0.2235
            transparency 0.0
            shininess 0.5
        }
    }
    geometry IndexedFaceSet {
        ccw TRUE
        solid FALSE
        coord DEF co Coordinate {
            point [
                0.4624 -0.4136 0.6496, 0.4468 -0.4157 0.6496, 0.4624 -0.42 0.6496, 0.4399 -0.4173 0.6496, 0.437 -0.4186 0.6496, 0.4355 -0.4198 0.6496, 0.4624 -0.4214 0.6496, 0.4616 -0.4261 0.6496, 0.4341 -0.4215 0.6496, 0.4598 -0.4303 0.6496, 0.4348 -0.435 0.6496, 0.4357 -0.436 0.6496, 0.4558 -0.4351 0.6496, 0.4334 -0.433 0.6496, 0.4525 -0.4373 0.6496, 0.4489 -0.4386 0.6496, 0.4447 -0.439 0.6496, 0.433 -0.4237 0.6496, 0.4325 -0.4264 0.6496, 0.4574 -0.4336 0.6496, 0.4324 -0.4282 0.6496, 0.4327 -0.4309 0.6496, 0.4381 -0.4376 0.6496, 0.4407 -0.4386 0.6496
            ]
        }
        coordIndex [
            0,1,2,-1,2,1,3,-1,3,4,2,-1,2,4,5,-1,2,5,6,-1,6,5,7,-1,7,5,8,-1,7,8,9,-1,10,11,12,-1,10,12,13,-1,14,12,15,-1,15,12,16,-1,8,17,9,-1,9,17,18,-1,9,18,19,-1,19,18,20,-1,19,20,12,-1,12,20,21,-1,12,21,13,-1,11,22,12,-1,12,22,23,-1,12,23,16,-1,
        ]
    }
}
Shape{
    appearance Appearance {
        material  Material 	{
            diffuseColor 1.0 1.0 1.0
            specularColor 0.5019607843137255 0.5019607843137255 0.5019607843137255
            ambientIntensity 1.0
            transparency 0.0
            shininess 0.5
        }
    }
    geometry IndexedFaceSet {
        ccw TRUE
        solid FALSE
        coord DEF co Coordinate {
            point [
                0.49 -0.4326 0.6496, 0.49 -0.4326 0.6535, 0.4942 -0.4353 0.6535, 0.5092 -0.4391 0.6535, 0.5092 -0.4391 0.6496, 0.5015 -0.4381 0.6496, 0.5015 -0.4381 0.6535, 0.4954 -0.4357 0.6496, 0.4942 -0.4353 0.6496, 0.49 -0.4447 0.6535, 0.49 -0.4447 0.6496, 0.4981 -0.4476 0.6535, 0.4954 -0.4466 0.6496, 0.5081 -0.4486 0.6496, 0.5081 -0.4486 0.6535, 0.5005 -0.4478 0.6496, 0.4981 -0.4476 0.6496, 0.5178 -0.4476 0.6535, 0.5154 -0.4478 0.6496, 0.5178 -0.4476 0.6496, 0.5241 -0.4453 0.6496, 0.5241 -0.4453 0.6535, 0.5275 -0.4433 0.6496, 0.5275 -0.4433 0.6535, 0.5307 -0.4405 0.6496, 0.5307 -0.4405 0.6535, 0.533 -0.4374 0.6496, 0.533 -0.4374 0.6535, 0.5344 -0.4337 0.6496, 0.5344 -0.4337 0.6535, 0.535 -0.4289 0.6496, 0.535 -0.4289 0.6535, 0.5346 -0.4246 0.6496, 0.5346 -0.4246 0.6535, 0.5333 -0.4212 0.6496, 0.5333 -0.4212 0.6535, 0.5311 -0.4179 0.6496, 0.5311 -0.4179 0.6535, 0.5283 -0.4154 0.6496, 0.5283 -0.4154 0.6535, 0.5205 -0.4111 0.6496, 0.5205 -0.4111 0.6535, 0.516 -0.4092 0.6496, 0.516 -0.4092 0.6535, 0.5088 -0.4061 0.6496, 0.5088 -0.4061 0.6535, 0.5046 -0.4035 0.6496, 0.5046 -0.4035 0.6535, 0.5035 -0.4022 0.6496, 0.5035 -0.4022 0.6535, 0.5027 -0.4007 0.6496, 0.5027 -0.4007 0.6535, 0.5022 -0.3988 0.6496, 0.5022 -0.3988 0.6535, 0.5021 -0.3973 0.6496, 0.5021 -0.3973 0.6535, 0.5023 -0.3954 0.6496, 0.5023 -0.3954 0.6535, 0.5029 -0.3938 0.6496, 0.5029 -0.3938 0.6535, 0.5039 -0.3923 0.6496, 0.5039 -0.3923 0.6535, 0.5056 -0.3908 0.6496, 0.5056 -0.3908 0.6535, 0.5083 -0.3894 0.6496, 0.5083 -0.3894 0.6535, 0.5114 -0.3886 0.6496, 0.5114 -0.3886 0.6535, 0.5149 -0.3883 0.6496, 0.5149 -0.3883 0.6535, 0.5231 -0.3893 0.6496, 0.5231 -0.3893 0.6535, 0.5297 -0.3919 0.6496, 0.5297 -0.3919 0.6535, 0.5318 -0.3931 0.6496, 0.5318 -0.3931 0.6535, 0.5318 -0.3818 0.6535, 0.5318 -0.3818 0.6496, 0.5242 -0.3795 0.6496, 0.5242 -0.3795 0.6535, 0.516 -0.3788 0.6496, 0.516 -0.3788 0.6535, 0.5065 -0.38 0.6496, 0.5065 -0.38 0.6535, 0.5003 -0.3824 0.6496, 0.5003 -0.3824 0.6535, 0.4975 -0.3841 0.6496, 0.4975 -0.3841 0.6535, 0.4954 -0.386 0.6496, 0.4942 -0.3871 0.6535, 0.4942 -0.3871 0.6496, 0.492 -0.3902 0.6496, 0.492 -0.3902 0.6535, 0.4905 -0.394 0.6496, 0.4905 -0.394 0.6535, 0.49 -0.3983 0.6496, 0.49 -0.3983 0.6535, 0.4905 -0.4027 0.6496, 0.4905 -0.4027 0.6535, 0.4917 -0.4063 0.6496, 0.4917 -0.4063 0.6535, 0.4933 -0.4089 0.6496, 0.4933 -0.4089 0.6535, 0.5077 -0.4177 0.6496, 0.5077 -0.4177 0.6535, 0.5008 -0.4145 0.6535, 0.4953 -0.4109 0.6496, 0.4953 -0.4109 0.6535, 0.4954 -0.411 0.6496, 0.5008 -0.4145 0.6496, 0.5154 -0.4209 0.6496, 0.5154 -0.4209 0.6535, 0.52 -0.4237 0.6496, 0.52 -0.4237 0.6535, 0.5215 -0.4252 0.6496, 0.5215 -0.4252 0.6535, 0.5224 -0.4268 0.6496, 0.5224 -0.4268 0.6535, 0.5229 -0.4286 0.6496, 0.5229 -0.4286 0.6535, 0.523 -0.43 0.6496, 0.523 -0.43 0.6535, 0.5228 -0.4323 0.6496, 0.5228 -0.4323 0.6535, 0.5222 -0.4339 0.6496, 0.5222 -0.4339 0.6535, 0.5211 -0.4355 0.6496, 0.5211 -0.4355 0.6535, 0.5198 -0.4366 0.6496, 0.5198 -0.4366 0.6535, 0.5187 -0.4373 0.6496, 0.5187 -0.4373 0.6535, 0.5157 -0.4384 0.6496, 0.5157 -0.4384 0.6535, 0.5097 -0.4391 0.6496, 0.5097 -0.4391 0.6535, 0.593 -0.3803 0.6535, 0.6051 -0.3803 0.6535, 0.593 -0.3803 0.6496, 0.6051 -0.3803 0.6496, 0.5748 -0.4306 0.6535, 0.5748 -0.4306 0.6496, 0.5739 -0.4337 0.6496, 0.5739 -0.4337 0.6535, 0.5734 -0.436 0.6496, 0.5734 -0.436 0.6535, 0.5731 -0.436 0.6535, 0.5731 -0.436 0.6496, 0.5716 -0.4305 0.6535, 0.5716 -0.4305 0.6496, 0.5542 -0.3803 0.6496, 0.5542 -0.3803 0.6535, 0.5598 -0.3966 0.6496, 0.5411 -0.3803 0.6535, 0.5411 -0.3803 0.6496, 0.5673 -0.4469 0.6496, 0.5673 -0.4469 0.6535, 0.5598 -0.428 0.6496, 0.5621 -0.459 0.6496, 0.5621 -0.459 0.6535, 0.5669 -0.4478 0.6496, 0.5599 -0.4632 0.6496, 0.5599 -0.4632 0.6535, 0.5598 -0.4632 0.6496, 0.5577 -0.4656 0.6535, 0.5577 -0.4656 0.6496, 0.5554 -0.4672 0.6496, 0.5554 -0.4672 0.6535, 0.5528 -0.4682 0.6496, 0.5528 -0.4682 0.6535, 0.5502 -0.4684 0.6496, 0.5502 -0.4684 0.6535, 0.5463 -0.468 0.6496, 0.5463 -0.468 0.6535, 0.5435 -0.4671 0.6496, 0.5435 -0.4671 0.6535, 0.5435 -0.4775 0.6535, 0.5435 -0.4726 0.6496, 0.5435 -0.4775 0.6496, 0.547 -0.4782 0.6496, 0.547 -0.4782 0.6535, 0.5511 -0.4785 0.6496, 0.5511 -0.4785 0.6535, 0.5554 -0.478 0.6496, 0.5554 -0.478 0.6535, 0.5598 -0.4764 0.6496, 0.5601 -0.4763 0.6535, 0.5601 -0.4763 0.6496, 0.5642 -0.4736 0.6496, 0.5642 -0.4736 0.6535, 0.5652 -0.4726 0.6496, 0.5662 -0.4717 0.6535, 0.5662 -0.4717 0.6496, 0.5712 -0.4648 0.6496, 0.5712 -0.4648 0.6535, 0.5749 -0.4571 0.6496, 0.5749 -0.4571 0.6535, 0.5785 -0.4478 0.6496, 0.668 -0.4364 0.6535, 0.668 -0.447 0.6535, 0.668 -0.4364 0.6496, 0.668 -0.447 0.6496, 0.6298 -0.4364 0.6496, 0.6298 -0.4364 0.6535, 0.6473 -0.4364 0.6496, 0.6298 -0.405 0.6535, 0.6298 -0.405 0.6496, 0.6632 -0.405 0.6496, 0.6632 -0.405 0.6535, 0.6473 -0.405 0.6496, 0.6632 -0.3943 0.6535, 0.6632 -0.3943 0.6496, 0.6298 -0.3943 0.6496, 0.6298 -0.3943 0.6535, 0.6473 -0.3943 0.6496, 0.6298 -0.3644 0.6535, 0.6298 -0.3644 0.6496, 0.6659 -0.3644 0.6496, 0.6659 -0.3644 0.6535, 0.6473 -0.3644 0.6496, 0.6659 -0.3536 0.6535, 0.6659 -0.3536 0.6496, 0.6178 -0.3536 0.6496, 0.6178 -0.3536 0.6535, 0.6473 -0.3536 0.6496, 0.6178 -0.447 0.6535, 0.6178 -0.447 0.6496, 0.6473 -0.447 0.6496, 0.7437 -0.4209 0.6535, 0.739 -0.4267 0.6535, 0.7476 -0.434 0.6535, 0.7373 -0.4282 0.6535, 0.7378 -0.441 0.6535, 0.7311 -0.4323 0.6535, 0.7271 -0.4451 0.6535, 0.7231 -0.4351 0.6535, 0.7113 -0.447 0.6535, 0.7113 -0.4364 0.6535, 0.6856 -0.447 0.6535, 0.6977 -0.4364 0.6535, 0.6856 -0.3536 0.6535, 0.6977 -0.3644 0.6535, 0.7123 -0.3536 0.6535, 0.7118 -0.3644 0.6535, 0.7265 -0.3552 0.6535, 0.7239 -0.3657 0.6535, 0.7378 -0.3593 0.6535, 0.732 -0.3686 0.6535, 0.7476 -0.366 0.6535, 0.7388 -0.3732 0.6535, 0.7508 -0.3691 0.6535, 0.7418 -0.3763 0.6535, 0.7566 -0.3772 0.6535, 0.7454 -0.3817 0.6535, 0.7601 -0.3861 0.6535, 0.7479 -0.3887 0.6535, 0.7617 -0.3991 0.6535, 0.749 -0.3995 0.6535, 0.7614 -0.405 0.6535, 0.7487 -0.4054 0.6535, 0.7592 -0.416 0.6535, 0.7469 -0.414 0.6535, 0.7546 -0.4257 0.6535, 0.7113 -0.447 0.6496, 0.6856 -0.447 0.6496, 0.7271 -0.4451 0.6496, 0.7378 -0.441 0.6496, 0.7476 -0.434 0.6496, 0.7546 -0.4257 0.6496, 0.7592 -0.416 0.6496, 0.7614 -0.405 0.6496, 0.7617 -0.3991 0.6496, 0.7601 -0.3861 0.6496, 0.7566 -0.3772 0.6496, 0.7508 -0.3691 0.6496, 0.7476 -0.366 0.6496, 0.7378 -0.3593 0.6496, 0.7265 -0.3552 0.6496, 0.7123 -0.3536 0.6496, 0.6856 -0.3536 0.6496, 0.7118 -0.3644 0.6496, 0.6977 -0.3644 0.6496, 0.6977 -0.4364 0.6496, 0.7113 -0.4364 0.6496, 0.739 -0.4267 0.6496, 0.7373 -0.4282 0.6496, 0.7311 -0.4323 0.6496, 0.7231 -0.4351 0.6496, 0.749 -0.3995 0.6496, 0.7487 -0.4054 0.6496, 0.7469 -0.414 0.6496, 0.7437 -0.4209 0.6496, 0.7388 -0.3732 0.6496, 0.7418 -0.3763 0.6496, 0.7454 -0.3817 0.6496, 0.7479 -0.3887 0.6496, 0.7239 -0.3657 0.6496, 0.732 -0.3686 0.6496
            ]
        }
        coordIndex [
            0,1,2,-1,3,4,5,-1,3,5,6,-1,6,5,7,-1,6,7,2,-1,2,7,8,-1,2,8,0,-1,9,1,10,-1,10,1,0,-1,9,10,11,-1,11,10,12,-1,13,14,15,-1,15,14,11,-1,15,11,16,-1,16,11,12,-1,14,13,17,-1,17,13,18,-1,18,19,17,-1,17,19,20,-1,17,20,21,-1,21,20,22,-1,21,22,23,-1,23,22,24,-1,23,24,25,-1,25,24,26,-1,25,26,27,-1,27,26,28,-1,27,28,29,-1,29,28,30,-1,29,30,31,-1,31,30,32,-1,31,32,33,-1,33,32,34,-1,33,34,35,-1,35,34,36,-1,35,36,37,-1,37,36,38,-1,37,38,39,-1,39,38,40,-1,39,40,41,-1,41,40,42,-1,41,42,43,-1,43,42,44,-1,43,44,45,-1,45,44,46,-1,45,46,47,-1,47,46,48,-1,47,48,49,-1,49,48,50,-1,49,50,51,-1,51,50,52,-1,51,52,53,-1,53,52,54,-1,53,54,55,-1,55,54,56,-1,55,56,57,-1,57,56,58,-1,57,58,59,-1,59,58,60,-1,59,60,61,-1,61,60,62,-1,61,62,63,-1,63,62,64,-1,63,64,65,-1,65,64,66,-1,65,66,67,-1,67,66,68,-1,67,68,69,-1,69,68,70,-1,69,70,71,-1,71,70,72,-1,71,72,73,-1,73,72,74,-1,73,74,75,-1,76,75,77,-1,77,75,74,-1,76,77,78,-1,76,78,79,-1,79,78,80,-1,79,80,81,-1,81,80,82,-1,81,82,83,-1,83,82,84,-1,83,84,85,-1,85,84,86,-1,85,86,87,-1,86,88,87,-1,87,88,89,-1,88,90,89,-1,89,90,91,-1,89,91,92,-1,92,91,93,-1,92,93,94,-1,94,93,95,-1,94,95,96,-1,96,95,97,-1,96,97,98,-1,98,97,99,-1,98,99,100,-1,100,99,101,-1,100,101,102,-1,103,104,105,-1,102,101,106,-1,102,106,107,-1,107,106,108,-1,107,108,105,-1,105,108,109,-1,105,109,103,-1,104,103,110,-1,104,110,111,-1,111,110,112,-1,111,112,113,-1,113,112,114,-1,113,114,115,-1,115,114,116,-1,115,116,117,-1,117,116,118,-1,117,118,119,-1,119,118,120,-1,119,120,121,-1,121,120,122,-1,121,122,123,-1,123,122,124,-1,123,124,125,-1,125,124,126,-1,125,126,127,-1,127,126,128,-1,127,128,129,-1,129,128,130,-1,129,130,131,-1,131,130,132,-1,131,132,133,-1,133,132,134,-1,133,134,135,-1,135,134,4,-1,135,4,3,-1,61,63,85,-1,85,63,83,-1,111,43,104,-1,104,43,45,-1,21,23,127,-1,127,23,25,-1,127,25,125,-1,125,25,27,-1,125,27,123,-1,123,27,29,-1,123,29,121,-1,121,29,31,-1,121,31,119,-1,119,31,33,-1,119,33,117,-1,117,33,35,-1,117,35,115,-1,115,35,37,-1,115,37,113,-1,113,37,39,-1,113,39,111,-1,111,39,41,-1,111,41,43,-1,14,3,11,-1,11,3,6,-1,11,6,9,-1,9,6,2,-1,9,2,1,-1,63,65,83,-1,83,65,67,-1,83,67,81,-1,81,67,69,-1,81,69,79,-1,79,69,71,-1,79,71,76,-1,76,71,73,-1,76,73,75,-1,127,129,21,-1,21,129,131,-1,21,131,17,-1,17,131,133,-1,17,133,14,-1,14,133,135,-1,14,135,3,-1,85,87,61,-1,61,87,89,-1,61,89,59,-1,59,89,92,-1,59,92,57,-1,57,92,94,-1,57,94,55,-1,55,94,96,-1,55,96,53,-1,53,96,98,-1,53,98,51,-1,51,98,100,-1,51,100,49,-1,49,100,102,-1,49,102,47,-1,47,102,107,-1,47,107,45,-1,45,107,105,-1,45,105,104,-1,136,137,138,-1,138,137,139,-1,140,136,141,-1,141,136,138,-1,140,141,142,-1,140,142,143,-1,143,142,144,-1,143,144,145,-1,146,145,147,-1,147,145,144,-1,148,146,149,-1,149,146,147,-1,150,151,152,-1,152,151,148,-1,152,148,149,-1,153,151,154,-1,154,151,150,-1,155,156,157,-1,157,156,153,-1,157,153,154,-1,158,159,160,-1,160,159,156,-1,160,156,155,-1,159,158,161,-1,159,161,162,-1,162,161,163,-1,162,163,164,-1,163,165,164,-1,164,165,166,-1,164,166,167,-1,167,166,168,-1,167,168,169,-1,169,168,170,-1,169,170,171,-1,171,170,172,-1,171,172,173,-1,173,172,174,-1,173,174,175,-1,175,174,176,-1,176,174,177,-1,176,177,178,-1,176,178,179,-1,176,179,180,-1,180,179,181,-1,180,181,182,-1,182,181,183,-1,182,183,184,-1,184,183,185,-1,184,185,186,-1,185,187,186,-1,186,187,188,-1,186,188,189,-1,189,188,190,-1,189,190,191,-1,190,192,191,-1,191,192,193,-1,191,193,194,-1,194,193,195,-1,194,195,196,-1,139,137,197,-1,197,137,196,-1,197,196,195,-1,143,145,196,-1,137,136,196,-1,196,136,140,-1,196,140,143,-1,151,153,148,-1,148,153,156,-1,148,156,146,-1,175,176,173,-1,173,176,180,-1,173,180,171,-1,171,180,182,-1,171,182,169,-1,169,182,184,-1,169,184,167,-1,167,184,186,-1,167,186,164,-1,164,186,189,-1,164,189,162,-1,162,189,191,-1,162,191,159,-1,159,191,194,-1,159,194,156,-1,156,194,196,-1,156,196,146,-1,146,196,145,-1,198,199,200,-1,200,199,201,-1,202,203,204,-1,204,203,198,-1,204,198,200,-1,205,203,206,-1,206,203,202,-1,207,208,209,-1,209,208,205,-1,209,205,206,-1,210,208,211,-1,211,208,207,-1,212,213,214,-1,214,213,210,-1,214,210,211,-1,215,213,216,-1,216,213,212,-1,217,218,219,-1,219,218,215,-1,219,215,216,-1,220,218,221,-1,221,218,217,-1,222,223,224,-1,224,223,220,-1,224,220,221,-1,225,223,226,-1,226,223,222,-1,201,199,227,-1,227,199,225,-1,227,225,226,-1,225,199,198,-1,198,203,225,-1,225,203,205,-1,225,205,223,-1,218,220,215,-1,215,220,223,-1,215,223,213,-1,213,223,205,-1,213,205,210,-1,210,205,208,-1,228,229,230,-1,230,229,231,-1,230,231,232,-1,232,231,233,-1,232,233,234,-1,234,233,235,-1,234,235,236,-1,236,235,237,-1,236,237,238,-1,238,237,239,-1,238,239,240,-1,240,239,241,-1,240,241,242,-1,242,241,243,-1,242,243,244,-1,244,243,245,-1,244,245,246,-1,246,245,247,-1,246,247,248,-1,248,247,249,-1,248,249,250,-1,250,249,251,-1,250,251,252,-1,252,251,253,-1,252,253,254,-1,254,253,255,-1,254,255,256,-1,256,255,257,-1,256,257,258,-1,258,257,259,-1,258,259,260,-1,260,259,261,-1,260,261,262,-1,262,261,228,-1,262,228,230,-1,236,238,263,-1,263,238,264,-1,236,263,265,-1,236,265,234,-1,234,265,266,-1,234,266,232,-1,232,266,267,-1,232,267,230,-1,230,267,268,-1,230,268,262,-1,262,268,269,-1,262,269,260,-1,260,269,270,-1,260,270,258,-1,258,270,271,-1,258,271,256,-1,256,271,272,-1,256,272,254,-1,254,272,273,-1,254,273,252,-1,252,273,274,-1,252,274,250,-1,250,274,275,-1,250,275,248,-1,248,275,276,-1,248,276,246,-1,246,276,277,-1,246,277,244,-1,244,277,278,-1,244,278,242,-1,240,242,279,-1,279,242,278,-1,238,240,264,-1,264,240,279,-1,243,241,280,-1,280,241,281,-1,241,239,281,-1,281,239,282,-1,239,237,282,-1,282,237,283,-1,229,284,285,-1,229,285,231,-1,231,285,286,-1,231,286,233,-1,233,286,287,-1,233,287,235,-1,235,287,283,-1,235,283,237,-1,257,288,289,-1,257,289,259,-1,259,289,290,-1,259,290,261,-1,261,290,291,-1,261,291,228,-1,228,291,284,-1,228,284,229,-1,249,292,293,-1,249,293,251,-1,251,293,294,-1,251,294,253,-1,253,294,295,-1,253,295,255,-1,255,295,288,-1,255,288,257,-1,243,280,296,-1,243,296,245,-1,245,296,297,-1,245,297,247,-1,247,297,292,-1,247,292,249,-1,
        ]
    }
}
Shape{
    appearance Appearance {
        material  Material 	{
            diffuseColor 0.2235294117647059 0.2235294117647059 0.2235294117647059
            specularColor 0.11372549019607843 0.11372549019607843 0.11372549019607843
            ambientIntensity 0.2235
            transparency 0.0
            shininess 0.5
        }
    }
    geometry IndexedFaceSet {
        ccw TRUE
        solid FALSE
        coord DEF co Coordinate {
            point [
                0.6977 -0.3644 0.6496, 0.6977 -0.4364 0.6496, 0.7118 -0.3644 0.6496, 0.7113 -0.4364 0.6496, 0.7231 -0.4351 0.6496, 0.7311 -0.4323 0.6496, 0.7373 -0.4282 0.6496, 0.739 -0.4267 0.6496, 0.7437 -0.4209 0.6496, 0.7469 -0.414 0.6496, 0.7487 -0.4054 0.6496, 0.749 -0.3995 0.6496, 0.7479 -0.3887 0.6496, 0.7454 -0.3817 0.6496, 0.7418 -0.3763 0.6496, 0.7388 -0.3732 0.6496, 0.7239 -0.3657 0.6496, 0.732 -0.3686 0.6496
            ]
        }
        coordIndex [
            0,1,2,-1,2,1,3,-1,2,3,4,-1,4,5,2,-1,2,5,6,-1,2,6,7,-1,7,8,2,-1,2,8,9,-1,2,9,10,-1,10,11,2,-1,2,11,12,-1,2,12,13,-1,13,14,2,-1,2,14,15,-1,2,15,16,-1,16,15,17,-1,
        ]
    }
}
Shape{
    appearance Appearance {
        material  Material 	{
            diffuseColor 1.0 1.0 1.0
            specularColor 0.5019607843137255 0.5019607843137255 0.5019607843137255
            ambientIntensity 1.0
            transparency 0.0
            shininess 0.5
        }
    }
    geometry IndexedFaceSet {
        ccw TRUE
        solid FALSE
        coord DEF co Coordinate {
            point [
                0.793 -0.4109 0.6535, 0.7892 -0.4215 0.6535, 0.8244 -0.4109 0.6535, 0.8281 -0.4215 0.6535, 0.807 -0.3721 0.6535, 0.8025 -0.3536 0.6535, 0.7669 -0.447 0.6535, 0.7802 -0.447 0.6535, 0.8078 -0.3693 0.6535, 0.8085 -0.3656 0.6535, 0.8154 -0.3536 0.6535, 0.8088 -0.3656 0.6535, 0.8095 -0.3695 0.6535, 0.8102 -0.3721 0.6535, 0.8509 -0.447 0.6535, 0.8376 -0.447 0.6535, 0.8154 -0.3536 0.6496, 0.8509 -0.447 0.6496, 0.8025 -0.3536 0.6496, 0.7669 -0.447 0.6496, 0.7802 -0.447 0.6496, 0.7892 -0.4215 0.6496, 0.8281 -0.4215 0.6496, 0.8376 -0.447 0.6496, 0.793 -0.4109 0.6496, 0.8244 -0.4109 0.6496, 0.8102 -0.3721 0.6496, 0.8088 -0.3656 0.6496, 0.8095 -0.3695 0.6496, 0.8085 -0.3656 0.6496, 0.807 -0.3721 0.6496, 0.8078 -0.3693 0.6496
            ]
        }
        coordIndex [
            0,1,2,-1,2,1,3,-1,4,5,0,-1,0,5,6,-1,0,6,1,-1,1,6,7,-1,4,8,5,-1,5,8,9,-1,5,9,10,-1,10,9,11,-1,10,11,12,-1,12,13,10,-1,10,13,2,-1,10,2,14,-1,14,2,3,-1,14,3,15,-1,10,14,16,-1,16,14,17,-1,5,10,18,-1,18,10,16,-1,6,5,19,-1,19,5,18,-1,7,6,20,-1,20,6,19,-1,1,7,21,-1,21,7,20,-1,3,1,22,-1,22,1,21,-1,15,3,23,-1,23,3,22,-1,14,15,17,-1,17,15,23,-1,0,2,24,-1,24,2,25,-1,2,13,25,-1,25,13,26,-1,11,27,28,-1,11,28,12,-1,12,28,26,-1,12,26,13,-1,11,9,27,-1,27,9,29,-1,4,30,31,-1,4,31,8,-1,8,31,29,-1,8,29,9,-1,4,0,30,-1,30,0,24,-1,
        ]
    }
}
Shape{
    appearance Appearance {
        material  Material 	{
            diffuseColor 0.2235294117647059 0.2235294117647059 0.2235294117647059
            specularColor 0.11372549019607843 0.11372549019607843 0.11372549019607843
            ambientIntensity 0.2235
            transparency 0.0
            shininess 0.5
        }
    }
    geometry IndexedFaceSet {
        ccw TRUE
        solid FALSE
        coord DEF co Coordinate {
            point [
                0.8088 -0.3656 0.6496, 0.8085 -0.3656 0.6496, 0.8095 -0.3695 0.6496, 0.8078 -0.3693 0.6496, 0.8102 -0.3721 0.6496, 0.807 -0.3721 0.6496, 0.8244 -0.4109 0.6496, 0.793 -0.4109 0.6496
            ]
        }
        coordIndex [
            0,1,2,-1,2,1,3,-1,2,3,4,-1,4,3,5,-1,4,5,6,-1,6,5,7,-1,
        ]
    }
}
Shape{
    appearance Appearance {
        material  Material 	{
            diffuseColor 1.0 1.0 1.0
            specularColor 0.5019607843137255 0.5019607843137255 0.5019607843137255
            ambientIntensity 1.0
            transparency 0.0
            shininess 0.5
        }
    }
    geometry IndexedFaceSet {
        ccw TRUE
        solid FALSE
        coord DEF co Coordinate {
            point [
                -0.0537 -0.46 0.6535, -0.0439 -0.4722 0.6535, -0.0595 -0.4015 0.6535, -0.0706 -0.2858 0.6535, -0.0557 -0.2781 0.6535, -0.0598 -0.2374 0.6535, -0.0183 -0.2355 0.6535, 0.0023 -0.284 0.6535, 0.0125 -0.2629 0.6535, 0.0693 -0.4248 0.6535, 0.0693 -0.4181 0.6535, 0.013 -0.4019 0.6535, 0.0068 -0.3999 0.6535, -0.0336 -0.2342 0.6535, 0.023 -0.4099 0.6535, 0.0261 -0.4152 0.6535, 0.0691 -0.4311 0.6535, 0.1623 -0.369 0.6535, 0.1417 -0.3338 0.6535, 0.0527 -0.3803 0.6535, 0.0023 -0.3996 0.6535, -0.004 -0.4003 0.6535, -0.0124 -0.3595 0.6535, -0.0098 -0.4026 0.6535, -0.0271 -0.365 0.6535, -0.015 -0.4062 0.6535, -0.0408 -0.3743 0.6535, -0.0183 -0.4097 0.6535, -0.0518 -0.3868 0.6535, -0.0216 -0.4153 0.6535, -0.0234 -0.4216 0.6535, 0.0273 -0.3623 0.6535, 0.0113 -0.3582 0.6535, 0.0029 -0.3577 0.6535, 0.0185 -0.4053 0.6535, -0.0151 -0.4446 0.6535, -0.0099 -0.4483 0.6535, -0.031 -0.4821 0.6535, -0.0038 -0.4506 0.6535, 0.1842 -0.3032 0.6535, 0.1896 -0.3032 0.6535, 0.2168 -0.2674 0.6535, 0.2021 -0.3048 0.6535, 0.2199 -0.2684 0.6535, 0.2137 -0.3092 0.6535, 0.2397 -0.2782 0.6535, 0.2577 -0.2934 0.6535, -0.0047 -0.2196 0.6535, 0.0274 -0.2451 0.6535, 0.0109 -0.2063 0.6535, 0.045 -0.2322 0.6535, 0.0271 -0.1963 0.6535, -0.0732 -0.3932 0.6535, -0.0687 -0.4435 0.6535, -0.0602 -0.446 0.6535, -0.0392 -0.2743 0.6535, -0.0329 -0.274 0.6535, -0.026 -0.2346 0.6535, -0.018 -0.2758 0.6535, -0.0031 -0.2811 0.6535, 0.0413 -0.3699 0.6535, 0.224 -0.3164 0.6535, 0.2318 -0.3251 0.6535, 0.2713 -0.3122 0.6535, 0.238 -0.3366 0.6535, 0.2795 -0.3325 0.6535, 0.2825 -0.3544 0.6535, 0.2411 -0.3494 0.6535, 0.2414 -0.3551 0.6535, 0.2795 -0.378 0.6535, 0.2398 -0.3679 0.6535, 0.2712 -0.399 0.6535, 0.2352 -0.3798 0.6535, 0.258 -0.4175 0.6535, -0.0844 -0.247 0.6535, -0.1056 -0.2619 0.6535, -0.0829 -0.2968 0.6535, -0.11 -0.2661 0.6535, -0.092 -0.3101 0.6535, -0.126 -0.2866 0.6535, -0.0975 -0.325 0.6535, -0.0193 -0.4398 0.6535, -0.0221 -0.4343 0.6535, -0.0235 -0.4281 0.6535, 0.1809 -0.2149 0.6535, 0.1546 -0.2451 0.6535, 0.2028 -0.2401 0.6535, 0.1697 -0.263 0.6535, 0.18 -0.2843 0.6535, 0.0278 -0.4213 0.6535, 0.0281 -0.4277 0.6535, 0.0653 -0.4475 0.6535, 0.0267 -0.4341 0.6535, 0.0576 -0.4624 0.6535, 0.0237 -0.4399 0.6535, 0.0465 -0.4748 0.6535, 0.0195 -0.4448 0.6535, 0.0332 -0.4838 0.6535, 0.0144 -0.4483 0.6535, 0.0184 -0.4894 0.6535, 0.0086 -0.4506 0.6535, 0.0029 -0.4912 0.6535, 0.0023 -0.4514 0.6535, -0.0 -0.4911 0.6535, -0.0157 -0.4886 0.6535, 0.0577 -0.1844 0.6535, 0.0667 -0.2234 0.6535, 0.0906 -0.1804 0.6535, 0.0913 -0.2202 0.6535, 0.118 -0.1833 0.6535, 0.1139 -0.223 0.6535, 0.1513 -0.195 0.6535, 0.1347 -0.231 0.6535, 0.1534 -0.244 0.6535, -0.1366 -0.3106 0.6535, -0.141 -0.3355 0.6535, -0.0994 -0.3404 0.6535, -0.1412 -0.3418 0.6535, -0.0986 -0.3505 0.6535, -0.1379 -0.3679 0.6535, -0.0938 -0.3668 0.6535, -0.1284 -0.3927 0.6535, -0.0853 -0.3812 0.6535, -0.1133 -0.4142 0.6535, -0.0926 -0.4318 0.6535, 0.1395 -0.4309 0.6535, 0.1411 -0.4355 0.6535, 0.1603 -0.4062 0.6535, 0.1438 -0.4397 0.6535, 0.1391 -0.4268 0.6535, 0.1597 -0.4062 0.6535, 0.1392 -0.4243 0.6535, 0.1554 -0.4066 0.6535, 0.1508 -0.4082 0.6535, 0.2279 -0.3902 0.6535, 0.2269 -0.3912 0.6535, 0.24 -0.4327 0.6535, 0.2171 -0.3992 0.6535, 0.2197 -0.4427 0.6535, 0.2053 -0.4046 0.6535, 0.1975 -0.4474 0.6535, 0.1935 -0.4069 0.6535, 0.1583 -0.4474 0.6535, 0.1637 -0.4069 0.6535, 0.1567 -0.4472 0.6535, 0.1623 -0.4067 0.6535, 0.1522 -0.446 0.6535, 0.1476 -0.4434 0.6535, 0.1466 -0.4109 0.6535, 0.1431 -0.4147 0.6535, 0.1405 -0.4192 0.6535, 0.2618 -0.299 0.6496, 0.2713 -0.3122 0.6496, 0.2772 -0.327 0.6496, 0.2795 -0.3325 0.6496, 0.2825 -0.3544 0.6496, 0.2577 -0.2934 0.6496, 0.2397 -0.2782 0.6496, 0.2199 -0.2684 0.6496, 0.2168 -0.2674 0.6496, 0.2028 -0.2401 0.6496, 0.1809 -0.2149 0.6496, 0.1657 -0.2047 0.6496, 0.1513 -0.195 0.6496, 0.118 -0.1833 0.6496, 0.0906 -0.1804 0.6496, 0.0577 -0.1844 0.6496, 0.0271 -0.1963 0.6496, 0.0135 -0.2047 0.6496, 0.0109 -0.2063 0.6496, -0.0047 -0.2196 0.6496, -0.0183 -0.2355 0.6496, -0.026 -0.2346 0.6496, -0.0336 -0.2342 0.6496, -0.0598 -0.2374 0.6496, -0.0844 -0.247 0.6496, -0.1056 -0.2619 0.6496, -0.11 -0.2661 0.6496, -0.1395 -0.327 0.6496, -0.1366 -0.3106 0.6496, -0.1315 -0.299 0.6496, -0.126 -0.2866 0.6496, -0.141 -0.3355 0.6496, -0.1412 -0.3418 0.6496, -0.1379 -0.3679 0.6496, -0.1284 -0.3927 0.6496, -0.1133 -0.4142 0.6496, -0.0926 -0.4318 0.6496, -0.0687 -0.4435 0.6496, -0.0602 -0.446 0.6496, -0.0593 -0.4478 0.6496, -0.0537 -0.46 0.6496, -0.0439 -0.4722 0.6496, -0.0434 -0.4726 0.6496, -0.031 -0.4821 0.6496, -0.0157 -0.4886 0.6496, -0.0 -0.4911 0.6496, 0.0029 -0.4912 0.6496, 0.0184 -0.4894 0.6496, 0.0332 -0.4838 0.6496, 0.0465 -0.4748 0.6496, 0.0485 -0.4726 0.6496, 0.0576 -0.4624 0.6496, 0.0652 -0.4478 0.6496, 0.0653 -0.4475 0.6496, 0.0691 -0.4311 0.6496, 0.0693 -0.4248 0.6496, 0.0693 -0.4181 0.6496, 0.1623 -0.369 0.6496, 0.1417 -0.3338 0.6496, 0.0527 -0.3803 0.6496, 0.0413 -0.3699 0.6496, 0.0273 -0.3623 0.6496, 0.0113 -0.3582 0.6496, 0.0029 -0.3577 0.6496, -0.0124 -0.3595 0.6496, -0.0271 -0.365 0.6496, -0.0408 -0.3743 0.6496, -0.0518 -0.3868 0.6496, -0.0595 -0.4015 0.6496, -0.0732 -0.3932 0.6496, -0.0853 -0.3812 0.6496, -0.0938 -0.3668 0.6496, -0.0986 -0.3505 0.6496, -0.0994 -0.3404 0.6496, -0.0978 -0.327 0.6496, -0.0975 -0.325 0.6496, -0.092 -0.3101 0.6496, -0.0844 -0.299 0.6496, -0.0829 -0.2968 0.6496, -0.0706 -0.2858 0.6496, -0.0557 -0.2781 0.6496, -0.0392 -0.2743 0.6496, -0.0329 -0.274 0.6496, -0.018 -0.2758 0.6496, -0.0031 -0.2811 0.6496, 0.0023 -0.284 0.6496, 0.0125 -0.2629 0.6496, 0.0274 -0.2451 0.6496, 0.045 -0.2322 0.6496, 0.0667 -0.2234 0.6496, 0.0913 -0.2202 0.6496, 0.1139 -0.223 0.6496, 0.1347 -0.231 0.6496, 0.1534 -0.244 0.6496, 0.1546 -0.2451 0.6496, 0.1697 -0.263 0.6496, 0.18 -0.2843 0.6496, 0.1833 -0.299 0.6496, 0.1842 -0.3032 0.6496, 0.1896 -0.3032 0.6496, 0.2021 -0.3048 0.6496, 0.2137 -0.3092 0.6496, 0.224 -0.3164 0.6496, 0.2318 -0.3251 0.6496, 0.2328 -0.327 0.6496, 0.238 -0.3366 0.6496, 0.2411 -0.3494 0.6496, 0.2414 -0.3551 0.6496, 0.2398 -0.3679 0.6496, 0.2352 -0.3798 0.6496, 0.2279 -0.3902 0.6496, 0.2269 -0.3912 0.6496, 0.2171 -0.3992 0.6496, 0.2053 -0.4046 0.6496, 0.1935 -0.4069 0.6496, 0.1637 -0.4069 0.6496, 0.1623 -0.4067 0.6496, 0.1603 -0.4062 0.6496, 0.1597 -0.4062 0.6496, 0.1554 -0.4066 0.6496, 0.1508 -0.4082 0.6496, 0.1466 -0.4109 0.6496, 0.1431 -0.4147 0.6496, 0.1405 -0.4192 0.6496, 0.1392 -0.4243 0.6496, 0.1391 -0.4268 0.6496, 0.1395 -0.4309 0.6496, 0.1411 -0.4355 0.6496, 0.1438 -0.4397 0.6496, 0.1476 -0.4434 0.6496, 0.1522 -0.446 0.6496, 0.1567 -0.4472 0.6496, 0.1583 -0.4474 0.6496, 0.1975 -0.4474 0.6496, 0.2197 -0.4427 0.6496, 0.24 -0.4327 0.6496, 0.258 -0.4175 0.6496, 0.2712 -0.399 0.6496, 0.2795 -0.378 0.6496, 0.0023 -0.3996 0.6496, 0.0068 -0.3999 0.6496, 0.013 -0.4019 0.6496, 0.0185 -0.4053 0.6496, 0.023 -0.4099 0.6496, 0.0261 -0.4152 0.6496, 0.0278 -0.4213 0.6496, 0.0281 -0.4277 0.6496, 0.0267 -0.4341 0.6496, 0.0237 -0.4399 0.6496, 0.0195 -0.4448 0.6496, 0.0144 -0.4483 0.6496, 0.0086 -0.4506 0.6496, 0.0023 -0.4514 0.6496, -0.0038 -0.4506 0.6496, -0.0099 -0.4483 0.6496, -0.0151 -0.4446 0.6496, -0.0193 -0.4398 0.6496, -0.0221 -0.4343 0.6496, -0.0235 -0.4281 0.6496, -0.0234 -0.4216 0.6496, -0.0216 -0.4153 0.6496, -0.0183 -0.4097 0.6496, -0.015 -0.4062 0.6496, -0.0098 -0.4026 0.6496, -0.004 -0.4003 0.6496
            ]
        }
        coordIndex [
            0,1,2,-1,3,4,5,-1,6,7,8,-1,9,10,11,-1,11,10,12,-1,5,4,13,-1,14,15,16,-1,17,18,10,-1,10,18,19,-1,10,19,12,-1,12,19,20,-1,21,22,23,-1,23,22,24,-1,23,24,25,-1,25,24,26,-1,25,26,27,-1,27,26,28,-1,27,28,29,-1,29,28,2,-1,29,2,30,-1,31,32,21,-1,21,32,33,-1,21,33,22,-1,9,11,16,-1,16,11,34,-1,16,34,14,-1,35,1,36,-1,36,1,37,-1,36,37,38,-1,39,40,41,-1,41,40,42,-1,41,42,43,-1,43,42,44,-1,43,44,45,-1,45,44,46,-1,6,8,47,-1,47,8,48,-1,47,48,49,-1,49,48,50,-1,49,50,51,-1,52,53,2,-1,2,53,54,-1,2,54,0,-1,4,55,13,-1,13,55,56,-1,13,56,57,-1,57,56,58,-1,57,58,6,-1,6,58,59,-1,6,59,7,-1,20,19,21,-1,21,19,60,-1,21,60,31,-1,44,61,46,-1,46,61,62,-1,46,62,63,-1,63,62,64,-1,63,64,65,-1,65,64,66,-1,64,67,66,-1,66,67,68,-1,66,68,69,-1,69,68,70,-1,69,70,71,-1,71,70,72,-1,71,72,73,-1,5,74,3,-1,3,74,75,-1,3,75,76,-1,76,75,77,-1,76,77,78,-1,78,77,79,-1,78,79,80,-1,35,81,1,-1,1,81,82,-1,1,82,2,-1,2,82,83,-1,2,83,30,-1,84,85,86,-1,86,85,87,-1,86,87,41,-1,41,87,88,-1,41,88,39,-1,15,89,16,-1,16,89,90,-1,16,90,91,-1,91,90,92,-1,91,92,93,-1,93,92,94,-1,93,94,95,-1,95,94,96,-1,95,96,97,-1,97,96,98,-1,97,98,99,-1,99,98,100,-1,99,100,101,-1,101,100,102,-1,101,102,103,-1,103,102,38,-1,103,38,104,-1,104,38,37,-1,51,50,105,-1,105,50,106,-1,105,106,107,-1,107,106,108,-1,107,108,109,-1,109,108,110,-1,109,110,111,-1,111,110,112,-1,111,112,84,-1,84,112,113,-1,84,113,85,-1,79,114,80,-1,80,114,115,-1,80,115,116,-1,116,115,117,-1,116,117,118,-1,118,117,119,-1,118,119,120,-1,120,119,121,-1,120,121,122,-1,122,121,123,-1,122,123,52,-1,52,123,124,-1,52,124,53,-1,125,126,127,-1,127,126,128,-1,125,127,129,-1,129,127,130,-1,129,130,131,-1,131,130,132,-1,131,132,133,-1,72,134,73,-1,73,134,135,-1,73,135,136,-1,136,135,137,-1,136,137,138,-1,138,137,139,-1,138,139,140,-1,140,139,141,-1,140,141,142,-1,142,141,143,-1,142,143,144,-1,144,143,145,-1,144,145,146,-1,146,145,127,-1,146,127,147,-1,147,127,128,-1,133,148,131,-1,131,148,149,-1,131,149,150,-1,151,46,152,-1,152,46,63,-1,152,63,153,-1,153,63,65,-1,153,65,154,-1,154,65,66,-1,154,66,155,-1,151,156,46,-1,46,156,157,-1,46,157,45,-1,45,157,158,-1,45,158,43,-1,43,158,159,-1,43,159,41,-1,41,159,160,-1,41,160,86,-1,86,160,161,-1,86,161,84,-1,111,84,162,-1,162,84,161,-1,162,163,111,-1,111,163,164,-1,111,164,109,-1,109,164,165,-1,109,165,107,-1,107,165,166,-1,107,166,105,-1,105,166,167,-1,105,167,51,-1,51,167,49,-1,49,167,168,-1,49,168,169,-1,49,169,170,-1,49,170,47,-1,47,170,171,-1,47,171,6,-1,6,171,172,-1,6,172,57,-1,57,172,173,-1,57,173,13,-1,13,173,174,-1,13,174,5,-1,5,174,175,-1,5,175,74,-1,74,175,176,-1,74,176,75,-1,75,176,177,-1,75,177,77,-1,178,115,179,-1,179,115,114,-1,179,114,180,-1,180,114,79,-1,180,79,181,-1,181,79,77,-1,181,77,177,-1,178,182,115,-1,115,182,183,-1,115,183,117,-1,117,183,184,-1,117,184,119,-1,119,184,185,-1,119,185,121,-1,121,185,186,-1,121,186,123,-1,123,186,187,-1,123,187,124,-1,124,187,188,-1,124,188,53,-1,53,188,189,-1,53,189,54,-1,54,189,190,-1,54,190,0,-1,190,191,0,-1,0,191,192,-1,0,192,1,-1,1,192,193,-1,1,193,37,-1,193,194,37,-1,37,194,195,-1,37,195,104,-1,104,195,196,-1,104,196,103,-1,103,196,197,-1,103,197,101,-1,101,197,198,-1,101,198,99,-1,99,198,199,-1,99,199,97,-1,97,199,200,-1,97,200,95,-1,95,200,201,-1,95,201,93,-1,201,202,93,-1,93,202,203,-1,93,203,91,-1,203,204,91,-1,91,204,205,-1,91,205,16,-1,16,205,206,-1,16,206,9,-1,10,9,207,-1,207,9,206,-1,17,10,208,-1,208,10,207,-1,18,17,209,-1,209,17,208,-1,19,18,210,-1,210,18,209,-1,19,210,211,-1,19,211,60,-1,60,211,212,-1,60,212,31,-1,31,212,213,-1,31,213,32,-1,32,213,214,-1,32,214,33,-1,33,214,215,-1,33,215,22,-1,22,215,216,-1,22,216,24,-1,24,216,217,-1,24,217,26,-1,26,217,218,-1,26,218,28,-1,28,218,219,-1,28,219,2,-1,2,219,220,-1,2,220,52,-1,52,220,221,-1,52,221,122,-1,122,221,222,-1,122,222,120,-1,120,222,223,-1,120,223,118,-1,118,223,224,-1,118,224,116,-1,116,224,225,-1,116,225,80,-1,80,225,226,-1,80,226,227,-1,228,76,227,-1,227,76,78,-1,227,78,80,-1,228,229,76,-1,76,229,230,-1,76,230,3,-1,3,230,231,-1,3,231,4,-1,4,231,232,-1,4,232,55,-1,55,232,233,-1,55,233,56,-1,56,233,234,-1,56,234,58,-1,58,234,235,-1,58,235,59,-1,59,235,236,-1,59,236,7,-1,7,236,237,-1,7,237,8,-1,8,237,238,-1,8,238,48,-1,48,238,239,-1,48,239,50,-1,50,239,240,-1,50,240,106,-1,106,240,241,-1,106,241,108,-1,108,241,242,-1,108,242,110,-1,110,242,243,-1,110,243,112,-1,112,243,244,-1,112,244,113,-1,113,244,245,-1,113,245,85,-1,85,245,246,-1,85,246,87,-1,87,246,247,-1,87,247,88,-1,88,247,39,-1,39,247,248,-1,39,248,249,-1,40,39,250,-1,250,39,249,-1,40,250,251,-1,40,251,42,-1,42,251,252,-1,42,252,44,-1,44,252,253,-1,44,253,61,-1,61,253,254,-1,61,254,62,-1,62,254,255,-1,62,255,64,-1,255,256,64,-1,64,256,257,-1,64,257,67,-1,67,257,258,-1,67,258,68,-1,68,258,259,-1,68,259,70,-1,70,259,260,-1,70,260,72,-1,72,260,261,-1,72,261,134,-1,134,261,262,-1,134,262,135,-1,135,262,263,-1,135,263,137,-1,137,263,264,-1,137,264,139,-1,139,264,265,-1,139,265,141,-1,143,141,266,-1,266,141,265,-1,143,266,267,-1,143,267,145,-1,145,267,268,-1,145,268,127,-1,127,268,269,-1,127,269,130,-1,130,269,270,-1,130,270,132,-1,132,270,271,-1,132,271,133,-1,133,271,272,-1,133,272,148,-1,148,272,273,-1,148,273,149,-1,149,273,274,-1,149,274,150,-1,150,274,275,-1,150,275,131,-1,131,275,276,-1,131,276,129,-1,129,276,277,-1,129,277,125,-1,125,277,278,-1,125,278,126,-1,126,278,279,-1,126,279,128,-1,128,279,280,-1,128,280,147,-1,147,280,281,-1,147,281,146,-1,146,281,282,-1,146,282,144,-1,144,282,283,-1,144,283,142,-1,140,142,284,-1,284,142,283,-1,140,284,285,-1,140,285,138,-1,138,285,286,-1,138,286,136,-1,136,286,287,-1,136,287,73,-1,73,287,288,-1,73,288,71,-1,71,288,289,-1,71,289,69,-1,69,289,155,-1,69,155,66,-1,20,290,291,-1,20,291,12,-1,12,291,292,-1,12,292,11,-1,11,292,293,-1,11,293,34,-1,34,293,294,-1,34,294,14,-1,14,294,295,-1,14,295,15,-1,15,295,296,-1,15,296,89,-1,89,296,297,-1,89,297,90,-1,90,297,298,-1,90,298,92,-1,92,298,299,-1,92,299,94,-1,94,299,300,-1,94,300,96,-1,96,300,301,-1,96,301,98,-1,98,301,302,-1,98,302,100,-1,100,302,303,-1,100,303,102,-1,102,303,304,-1,102,304,38,-1,38,304,305,-1,38,305,36,-1,36,305,306,-1,36,306,35,-1,35,306,307,-1,35,307,81,-1,81,307,308,-1,81,308,82,-1,82,308,309,-1,82,309,83,-1,83,309,310,-1,83,310,30,-1,30,310,311,-1,30,311,29,-1,29,311,312,-1,29,312,27,-1,27,312,313,-1,27,313,25,-1,25,313,314,-1,25,314,23,-1,23,314,315,-1,23,315,21,-1,21,315,290,-1,21,290,20,-1,
        ]
    }
}
Shape{
    appearance Appearance {
        material  Material 	{
            diffuseColor 0.2235294117647059 0.2235294117647059 0.2235294117647059
            specularColor 0.11372549019607843 0.11372549019607843 0.11372549019607843
            ambientIntensity 0.2235
            transparency 0.0
            shininess 0.5
        }
    }
    geometry IndexedFaceSet {
        ccw TRUE
        solid FALSE
        coord DEF co Coordinate {
            point [
                0.0023 -0.4514 0.6496, -0.015 -0.4062 0.6496, -0.0183 -0.4097 0.6496, 0.0023 -0.3996 0.6496, 0.0068 -0.3999 0.6496, 0.0086 -0.4506 0.6496, -0.004 -0.4003 0.6496, -0.0098 -0.4026 0.6496, 0.0195 -0.4448 0.6496, 0.023 -0.4099 0.6496, 0.0185 -0.4053 0.6496, -0.0221 -0.4343 0.6496, -0.0193 -0.4398 0.6496, -0.0151 -0.4446 0.6496, 0.0144 -0.4483 0.6496, 0.013 -0.4019 0.6496, -0.0216 -0.4153 0.6496, -0.0234 -0.4216 0.6496, -0.0235 -0.4281 0.6496, -0.0099 -0.4483 0.6496, -0.0038 -0.4506 0.6496, 0.0267 -0.4341 0.6496, 0.0281 -0.4277 0.6496, 0.0237 -0.4399 0.6496, 0.0278 -0.4213 0.6496, 0.0261 -0.4152 0.6496
            ]
        }
        coordIndex [
            0,1,2,-1,3,0,4,-1,4,0,5,-1,3,6,0,-1,0,6,7,-1,0,7,1,-1,8,9,10,-1,11,12,2,-1,2,12,13,-1,5,14,4,-1,4,14,8,-1,4,8,15,-1,15,8,10,-1,16,17,2,-1,2,17,18,-1,2,18,11,-1,13,19,2,-1,2,19,20,-1,2,20,0,-1,21,22,23,-1,23,22,24,-1,23,24,8,-1,8,24,25,-1,8,25,9,-1,
        ]
    }
}