#VRML V2.0 utf8
# 3D model generated by easyeda2kicad.py (https://github.com/uPesy/easyeda2kicad.py)

Shape{
    appearance Appearance {
        material  Material 	{
            diffuseColor 0.6470588235294118 0.6196078431372549 0.5882352941176471
            specularColor 0.45098039215686275 0.43529411764705883 0.4117647058823529
            ambientIntensity 0.6242
            transparency 0.0
            shininess 0.5
        }
    }
    geometry IndexedFaceSet {
        ccw TRUE
        solid FALSE
        coord DEF co Coordinate {
            point [
                -1.2461 1.6535 0.0787, -1.2461 1.631 0.0787, -1.0925 1.7824 0.0787, -0.7539 1.631 0.0787, -0.9075 1.8898 0.0787, -1.0925 1.8898 0.0787, -0.9075 1.7824 0.0787, -0.7539 1.6535 0.0787, -0.7539 1.6535 0.0, -0.7539 1.631 0.0, -0.9075 1.7824 0.0, -1.2461 1.631 0.0, -1.0925 1.8898 0.0, -0.9075 1.8898 0.0, -1.0925 1.7824 0.0, -1.2461 1.6535 0.0, -0.7539 1.5947 0.0042, -0.7539 1.6129 0.0809, -0.7539 1.5604 0.0168, -0.7539 1.5957 0.0871, -0.7539 1.5298 0.0368, -0.7539 1.5804 0.0972, -0.7539 1.5047 0.0634, -0.7539 1.5679 0.1105, -0.7539 1.4864 0.0951, -0.7539 1.5587 0.1263, -0.7539 1.4759 0.1301, -0.7539 1.5535 0.1438, -0.7539 1.3854 0.6436, -0.7539 1.463 0.6573, -0.7539 1.3802 0.6611, -0.7539 1.4525 0.6923, -0.7539 1.371 0.6769, -0.7539 1.4342 0.724, -0.7539 1.3585 0.6902, -0.7539 1.4091 0.7506, -0.7539 1.3432 0.7003, -0.7539 1.3785 0.7707, -0.7539 1.326 0.7065, -0.7539 1.3442 0.7832, -0.7539 1.3079 0.7087, -0.7539 1.3079 0.7874, -0.7539 1.2598 0.7087, -0.7539 1.2598 0.7874, -1.2461 1.6129 0.0809, -1.2461 1.5947 0.0042, -1.2461 1.5957 0.0871, -1.2461 1.5604 0.0168, -1.2461 1.5804 0.0972, -1.2461 1.5298 0.0368, -1.2461 1.5679 0.1105, -1.2461 1.5047 0.0634, -1.2461 1.5587 0.1263, -1.2461 1.4864 0.0951, -1.2461 1.5535 0.1438, -1.2461 1.4759 0.1301, -1.2461 1.463 0.6573, -1.2461 1.3854 0.6436, -1.2461 1.4525 0.6923, -1.2461 1.3802 0.6611, -1.2461 1.4342 0.724, -1.2461 1.371 0.6769, -1.2461 1.4091 0.7506, -1.2461 1.3585 0.6902, -1.2461 1.3785 0.7707, -1.2461 1.3432 0.7003, -1.2461 1.3442 0.7832, -1.2461 1.326 0.7065, -1.2461 1.3079 0.7874, -1.2461 1.3079 0.7087, -1.2461 1.2598 0.7874, -1.2461 1.2598 0.7087, -0.2461 1.6535 0.0787, -0.2461 1.631 0.0787, -0.0925 1.7824 0.0787, 0.2461 1.631 0.0787, 0.0925 1.8898 0.0787, -0.0925 1.8898 0.0787, 0.0925 1.7824 0.0787, 0.2461 1.6535 0.0787, 0.2461 1.6535 0.0, 0.2461 1.631 0.0, 0.0925 1.7824 0.0, -0.2461 1.631 0.0, -0.0925 1.8898 0.0, 0.0925 1.8898 0.0, -0.0925 1.7824 0.0, -0.2461 1.6535 0.0, 0.2461 1.5947 0.0042, 0.2461 1.6129 0.0809, 0.2461 1.5604 0.0168, 0.2461 1.5957 0.0871, 0.2461 1.5298 0.0368, 0.2461 1.5804 0.0972, 0.2461 1.5047 0.0634, 0.2461 1.5679 0.1105, 0.2461 1.4864 0.0951, 0.2461 1.5587 0.1263, 0.2461 1.4759 0.1301, 0.2461 1.5535 0.1438, 0.2461 1.3854 0.6436, 0.2461 1.463 0.6573, 0.2461 1.3802 0.6611, 0.2461 1.4525 0.6923, 0.2461 1.371 0.6769, 0.2461 1.4342 0.724, 0.2461 1.3585 0.6902, 0.2461 1.4091 0.7506, 0.2461 1.3432 0.7003, 0.2461 1.3785 0.7707, 0.2461 1.326 0.7065, 0.2461 1.3442 0.7832, 0.2461 1.3079 0.7087, 0.2461 1.3079 0.7874, 0.2461 1.2598 0.7087, 0.2461 1.2598 0.7874, -0.2461 1.6129 0.0809, -0.2461 1.5947 0.0042, -0.2461 1.5957 0.0871, -0.2461 1.5604 0.0168, -0.2461 1.5804 0.0972, -0.2461 1.5298 0.0368, -0.2461 1.5679 0.1105, -0.2461 1.5047 0.0634, -0.2461 1.5587 0.1263, -0.2461 1.4864 0.0951, -0.2461 1.5535 0.1438, -0.2461 1.4759 0.1301, -0.2461 1.463 0.6573, -0.2461 1.3854 0.6436, -0.2461 1.4525 0.6923, -0.2461 1.3802 0.6611, -0.2461 1.4342 0.724, -0.2461 1.371 0.6769, -0.2461 1.4091 0.7506, -0.2461 1.3585 0.6902, -0.2461 1.3785 0.7707, -0.2461 1.3432 0.7003, -0.2461 1.3442 0.7832, -0.2461 1.326 0.7065, -0.2461 1.3079 0.7874, -0.2461 1.3079 0.7087, -0.2461 1.2598 0.7874, -0.2461 1.2598 0.7087, 0.7539 1.6535 0.0787, 0.7539 1.631 0.0787, 0.9075 1.7824 0.0787, 1.2461 1.631 0.0787, 1.0925 1.8898 0.0787, 0.9075 1.8898 0.0787, 1.0925 1.7824 0.0787, 1.2461 1.6535 0.0787, 1.2461 1.6535 0.0, 1.2461 1.631 0.0, 1.0925 1.7824 0.0, 0.7539 1.631 0.0, 0.9075 1.8898 0.0, 1.0925 1.8898 0.0, 0.9075 1.7824 0.0, 0.7539 1.6535 0.0, 1.2461 1.5947 0.0042, 1.2461 1.6129 0.0809, 1.2461 1.5604 0.0168, 1.2461 1.5957 0.0871, 1.2461 1.5298 0.0368, 1.2461 1.5804 0.0972, 1.2461 1.5047 0.0634, 1.2461 1.5679 0.1105, 1.2461 1.4864 0.0951, 1.2461 1.5587 0.1263, 1.2461 1.4759 0.1301, 1.2461 1.5535 0.1438, 1.2461 1.3854 0.6436, 1.2461 1.463 0.6573, 1.2461 1.3802 0.6611, 1.2461 1.4525 0.6923, 1.2461 1.371 0.6769, 1.2461 1.4342 0.724, 1.2461 1.3585 0.6902, 1.2461 1.4091 0.7506, 1.2461 1.3432 0.7003, 1.2461 1.3785 0.7707, 1.2461 1.326 0.7065, 1.2461 1.3442 0.7832, 1.2461 1.3079 0.7087, 1.2461 1.3079 0.7874, 1.2461 1.2598 0.7087, 1.2461 1.2598 0.7874, 0.7539 1.6129 0.0809, 0.7539 1.5947 0.0042, 0.7539 1.5957 0.0871, 0.7539 1.5604 0.0168, 0.7539 1.5804 0.0972, 0.7539 1.5298 0.0368, 0.7539 1.5679 0.1105, 0.7539 1.5047 0.0634, 0.7539 1.5587 0.1263, 0.7539 1.4864 0.0951, 0.7539 1.5535 0.1438, 0.7539 1.4759 0.1301, 0.7539 1.463 0.6573, 0.7539 1.3854 0.6436, 0.7539 1.4525 0.6923, 0.7539 1.3802 0.6611, 0.7539 1.4342 0.724, 0.7539 1.371 0.6769, 0.7539 1.4091 0.7506, 0.7539 1.3585 0.6902, 0.7539 1.3785 0.7707, 0.7539 1.3432 0.7003, 0.7539 1.3442 0.7832, 0.7539 1.326 0.7065, 0.7539 1.3079 0.7874, 0.7539 1.3079 0.7087, 0.7539 1.2598 0.7874, 0.7539 1.2598 0.7087
            ]
        }
        coordIndex [
            0,1,2,-1,2,1,3,-1,4,5,6,-1,6,5,2,-1,6,2,7,-1,7,2,3,-1,8,9,10,-1,10,9,11,-1,12,13,14,-1,14,13,10,-1,14,10,15,-1,15,10,11,-1,4,13,5,-1,5,13,12,-1,8,7,9,-1,9,7,3,-1,9,3,16,-1,16,3,17,-1,16,17,18,-1,18,17,19,-1,18,19,20,-1,20,19,21,-1,20,21,22,-1,22,21,23,-1,22,23,24,-1,24,23,25,-1,24,25,26,-1,26,25,27,-1,26,27,28,-1,28,27,29,-1,28,29,30,-1,30,29,31,-1,30,31,32,-1,32,31,33,-1,32,33,34,-1,34,33,35,-1,34,35,36,-1,36,35,37,-1,36,37,38,-1,38,37,39,-1,38,39,40,-1,40,39,41,-1,40,41,42,-1,42,41,43,-1,0,15,1,-1,1,15,11,-1,1,11,44,-1,44,11,45,-1,44,45,46,-1,46,45,47,-1,46,47,48,-1,48,47,49,-1,48,49,50,-1,50,49,51,-1,50,51,52,-1,52,51,53,-1,52,53,54,-1,54,53,55,-1,54,55,56,-1,56,55,57,-1,56,57,58,-1,58,57,59,-1,58,59,60,-1,60,59,61,-1,60,61,62,-1,62,61,63,-1,62,63,64,-1,64,63,65,-1,64,65,66,-1,66,65,67,-1,66,67,68,-1,68,67,69,-1,68,69,70,-1,70,69,71,-1,72,73,74,-1,74,73,75,-1,76,77,78,-1,78,77,74,-1,78,74,79,-1,79,74,75,-1,80,81,82,-1,82,81,83,-1,84,85,86,-1,86,85,82,-1,86,82,87,-1,87,82,83,-1,76,85,77,-1,77,85,84,-1,80,79,81,-1,81,79,75,-1,81,75,88,-1,88,75,89,-1,88,89,90,-1,90,89,91,-1,90,91,92,-1,92,91,93,-1,92,93,94,-1,94,93,95,-1,94,95,96,-1,96,95,97,-1,96,97,98,-1,98,97,99,-1,98,99,100,-1,100,99,101,-1,100,101,102,-1,102,101,103,-1,102,103,104,-1,104,103,105,-1,104,105,106,-1,106,105,107,-1,106,107,108,-1,108,107,109,-1,108,109,110,-1,110,109,111,-1,110,111,112,-1,112,111,113,-1,112,113,114,-1,114,113,115,-1,72,87,73,-1,73,87,83,-1,73,83,116,-1,116,83,117,-1,116,117,118,-1,118,117,119,-1,118,119,120,-1,120,119,121,-1,120,121,122,-1,122,121,123,-1,122,123,124,-1,124,123,125,-1,124,125,126,-1,126,125,127,-1,126,127,128,-1,128,127,129,-1,128,129,130,-1,130,129,131,-1,130,131,132,-1,132,131,133,-1,132,133,134,-1,134,133,135,-1,134,135,136,-1,136,135,137,-1,136,137,138,-1,138,137,139,-1,138,139,140,-1,140,139,141,-1,140,141,142,-1,142,141,143,-1,144,145,146,-1,146,145,147,-1,148,149,150,-1,150,149,146,-1,150,146,151,-1,151,146,147,-1,152,153,154,-1,154,153,155,-1,156,157,158,-1,158,157,154,-1,158,154,159,-1,159,154,155,-1,148,157,149,-1,149,157,156,-1,152,151,153,-1,153,151,147,-1,153,147,160,-1,160,147,161,-1,160,161,162,-1,162,161,163,-1,162,163,164,-1,164,163,165,-1,164,165,166,-1,166,165,167,-1,166,167,168,-1,168,167,169,-1,168,169,170,-1,170,169,171,-1,170,171,172,-1,172,171,173,-1,172,173,174,-1,174,173,175,-1,174,175,176,-1,176,175,177,-1,176,177,178,-1,178,177,179,-1,178,179,180,-1,180,179,181,-1,180,181,182,-1,182,181,183,-1,182,183,184,-1,184,183,185,-1,184,185,186,-1,186,185,187,-1,144,159,145,-1,145,159,155,-1,145,155,188,-1,188,155,189,-1,188,189,190,-1,190,189,191,-1,190,191,192,-1,192,191,193,-1,192,193,194,-1,194,193,195,-1,194,195,196,-1,196,195,197,-1,196,197,198,-1,198,197,199,-1,198,199,200,-1,200,199,201,-1,200,201,202,-1,202,201,203,-1,202,203,204,-1,204,203,205,-1,204,205,206,-1,206,205,207,-1,206,207,208,-1,208,207,209,-1,208,209,210,-1,210,209,211,-1,210,211,212,-1,212,211,213,-1,212,213,214,-1,214,213,215,-1,
        ]
    }
}
Shape{
    appearance Appearance {
        material  Material 	{
            diffuseColor 0.2235294117647059 0.2235294117647059 0.2235294117647059
            specularColor 0.11372549019607843 0.11372549019607843 0.11372549019607843
            ambientIntensity 0.2235
            transparency 0.0
            shininess 0.5
        }
    }
    geometry IndexedFaceSet {
        ccw TRUE
        solid FALSE
        coord DEF co Coordinate {
            point [
                0.2461 1.2598 0.7087, 0.2461 1.2598 0.7874, 0.7539 1.2598 0.7087, 0.7539 1.2598 0.7874, -0.7539 1.2598 0.7087, -0.7539 1.2598 0.7874, -0.2461 1.2598 0.7087, -0.2461 1.2598 0.7874, -1.6535 1.2598 0.7087, -1.6535 1.2598 0.7874, -1.2461 1.2598 0.7087, -1.2461 1.2598 0.7874, 0.2461 -1.2598 0.7874, 0.2461 -1.2598 0.7087, 0.7539 -1.2598 0.7874, 0.7539 -1.2598 0.7087, -0.7539 -1.2598 0.7874, -0.7539 -1.2598 0.7087, -0.2461 -1.2598 0.7874, -0.2461 -1.2598 0.7087, -1.6535 -1.2598 0.7874, -1.6535 -1.2598 0.7087, -1.2461 -1.2598 0.7874, -1.2461 -1.2598 0.7087, 1.6831 0.34 1.1371, 1.6834 0.3212 1.135, 1.6885 0.2768 1.0991, 1.7097 0.4904 0.9484, 1.7099 0.4716 0.9463, 1.7101 0.5397 0.9453, 1.71 0.2228 0.9457, 1.7101 0.2197 0.9453, 1.7101 0.2488 0.9453, 1.6667 0.1308 1.2538, 1.6666 0.1402 1.2549, 1.6666 0.0923 1.2549, 1.6666 0.1644 1.2547, 1.6669 0.1717 1.2526, 1.6666 0.1717 1.2549, 1.6666 -0.23 1.2549, 1.6684 -0.2103 1.2419, 1.6666 -0.0305 1.2549, 1.6729 -0.1823 1.2099, 1.6778 -0.1642 1.1751, 1.6782 -0.1566 1.1724, 1.68 -0.1315 1.1592, 1.6627 -0.2913 1.2822, 1.6648 -0.2484 1.2672, 1.6578 -0.0305 1.3177, 1.6651 -0.4082 1.2656, 1.663 -0.3688 1.2807, 1.6578 -1.1073 1.3177, 1.6622 -0.3265 1.2859, 1.6666 -0.4256 1.2549, 1.6666 -1.1162 1.2549, 1.6669 -0.4289 1.2529, 1.6812 -0.605 1.1505, 1.6776 -0.5844 1.1768, 1.6724 -0.5199 1.2132, 1.6719 -0.4861 1.2174, 1.6693 -0.449 1.2359, 1.6719 -0.4763 1.2168, 1.6721 -0.4665 1.2157, 1.6768 -0.5787 1.1821, 1.6742 -0.5515 1.201, 1.7072 -0.5621 0.9658, 1.7041 -0.5886 0.9882, 1.7101 -1.1597 0.9453, 1.7093 -0.5312 0.9509, 1.7002 -0.608 1.0155, 1.6958 -0.6203 1.047, 1.6885 -1.1381 1.0991, 1.6911 -0.6245 1.0804, 1.69 -0.6243 1.0883, 1.6885 -0.6223 1.0991, 1.6855 -0.6186 1.1201, 1.7098 -0.5203 0.9476, 1.7101 -0.5192 0.9453, 1.7123 -0.5118 0.9295, 1.7145 -0.4991 0.914, 1.7323 0.0851 0.7874, 1.7167 -0.0305 0.8982, 1.7323 -0.0305 0.7874, 1.7167 -0.4038 0.8982, 1.7175 -0.4186 0.8926, 1.7323 -1.1819 0.7874, 1.7323 -1.1811 0.7874, 1.7167 -1.1663 0.8982, 1.7167 -0.4745 0.8982, 1.7162 -0.4824 0.9015, 1.7178 -0.4392 0.8901, 1.7178 -0.4426 0.8902, 1.7174 -0.4627 0.8933, 1.7101 -0.3591 0.9453, 1.7101 -0.3592 0.9452, 1.7128 -0.3692 0.9263, 1.7148 -0.3825 0.9116, 1.7165 -0.3995 0.8998, 1.698 -0.3751 1.0313, 1.6897 -0.2607 1.0905, 1.6961 -0.39 1.0447, 1.6948 -0.4081 1.0544, 1.6828 -0.1091 1.1391, 1.6863 -0.0924 1.1146, 1.6885 -0.0305 1.0991, 1.6885 -0.0866 1.0991, 1.69 -0.0827 1.0886, 1.7077 -0.1378 0.9624, 1.7093 -0.1642 0.9507, 1.7101 -0.0305 0.9453, 1.71 -0.189 0.9459, 1.7093 -0.2535 0.9512, 1.7087 -0.2579 0.9554, 1.6925 -0.133 1.0707, 1.6902 -0.137 1.0869, 1.6885 -0.1436 1.0991, 1.6885 -0.5686 1.0991, 1.7035 -0.2547 0.9922, 1.703 -0.2493 0.9956, 1.696 -0.2342 1.0457, 1.7027 -0.2434 0.9977, 1.7018 -0.0962 1.004, 1.7047 -0.1113 0.984, 1.7052 -0.1151 0.98, 1.71 -0.2394 0.9459, 1.71 -0.2418 0.9462, 1.7097 -0.2475 0.9478, 1.6956 -0.5636 1.0485, 1.698 -0.5533 1.0311, 1.6992 -0.51 1.0225, 1.7002 -0.538 1.0156, 1.7018 -0.5195 1.0043, 1.6953 -0.4784 1.0505, 1.697 -0.4958 1.0385, 1.6909 -0.5707 1.0821, 1.6927 -0.5697 1.0692, 1.6934 -0.0797 1.0643, 1.6943 -0.0798 1.058, 1.6981 -0.0847 1.0303, 1.6943 -0.4595 1.0576, 1.694 -0.4392 1.0601, 1.694 -0.4287 1.0595, 1.7063 -0.2641 0.9721, 1.7059 -0.264 0.975, 1.7048 -0.3538 0.9831, 1.705 -0.2624 0.9815, 1.7042 -0.2592 0.9873, 1.7026 -0.2377 0.9983, 1.7026 -0.2368 0.9983, 1.7027 -0.2343 0.9977, 1.7079 -0.2614 0.9608, 1.7071 -0.2635 0.9666, 1.7072 -0.3542 0.9661, 1.706 -0.3538 0.9747, 1.6998 -0.1499 1.0188, 1.6979 -0.1405 1.032, 1.6958 -0.1347 1.047, 1.6935 -0.1326 1.0635, 1.7028 -0.2325 0.9975, 1.7028 -0.1941 0.9975, 1.7024 -0.1789 1.0004, 1.7014 -0.1638 1.0072, 1.7 -0.1512 1.0174, 1.6808 -0.44 1.1539, 1.6803 -0.4464 1.1574, 1.6793 -0.4656 1.1642, 1.6775 -0.4293 1.177, 1.6842 -0.2061 1.1294, 1.6842 -0.1992 1.1294, 1.6881 -0.1449 1.1016, 1.6866 -0.1549 1.1126, 1.6853 -0.1681 1.1218, 1.6845 -0.183 1.1274, 1.6732 -0.2491 1.2077, 1.6826 -0.2079 1.1407, 1.6751 -0.235 1.1941, 1.6786 -0.2181 1.1693, 1.6694 -0.3256 1.2351, 1.6694 -0.3318 1.235, 1.67 -0.3602 1.2302, 1.671 -0.2735 1.2233, 1.6697 -0.3006 1.2325, 1.6797 -0.5151 1.1613, 1.6811 -0.5341 1.1513, 1.679 -0.494 1.1662, 1.683 -0.549 1.1382, 1.6854 -0.5609 1.1213, 1.6717 -0.3878 1.2183, 1.6743 -0.411 1.2003, 1.679 -0.4853 1.1666, 1.688 -0.5682 1.1025, 1.6789 0.4713 1.1675, 1.6789 0.4272 1.1675, 1.6834 0.4836 1.135, 1.6885 0.4272 1.0991, 1.6834 0.5007 1.135, 1.6885 0.5397 1.0991, 1.6708 0.4272 1.225, 1.6667 0.4384 1.2539, 1.6666 0.4272 1.2549, 1.6667 0.455 1.2539, 1.6666 0.5397 1.2549, 1.6834 0.3926 1.135, 1.6885 0.3893 1.0991, 1.6834 0.4098 1.135, 1.6789 0.4213 1.1675, 1.6815 0.2164 1.1486, 1.6815 0.2488 1.1486, 1.6759 0.2164 1.1886, 1.6759 0.2488 1.1886, 1.6666 0.2488 1.2549, 1.6667 0.2628 1.2539, 1.6666 0.2768 1.2549, 1.6686 0.2628 1.2403, 1.6759 0.2594 1.1886, 1.6815 0.2655 1.1486, 1.674 0.2594 1.2022, 1.6686 0.2488 1.2403, 1.674 0.2488 1.2022, 1.6686 0.2164 1.2403, 1.674 0.2164 1.2022, 1.6834 0.2009 1.135, 1.6885 0.1939 1.0991, 1.6834 0.2488 1.135, 1.6885 0.2488 1.0991, 1.6834 0.2655 1.135, 1.6666 0.1939 1.2549, 1.6667 0.2009 1.2539, 1.6667 0.2488 1.2539, 1.6671 0.1769 1.2511, 1.6694 0.1769 1.235, 1.683 0.1717 1.1379, 1.6885 0.1717 1.0991, 1.6829 0.1748 1.1389, 1.6827 0.1769 1.1399, 1.6807 0.1769 1.1546, 1.6818 0.1515 1.1469, 1.6814 0.1651 1.1494, 1.6691 0.1717 1.2372, 1.681 0.1717 1.1524, 1.6693 0.1755 1.2357, 1.6803 0.1173 1.157, 1.6811 0.1251 1.1514, 1.6686 0.1633 1.2403, 1.6705 0.1143 1.2272, 1.6717 0.1087 1.2188, 1.6731 0.1049 1.2082, 1.6684 0.1486 1.2421, 1.6684 0.1439 1.2419, 1.6702 0.1158 1.2289, 1.6687 0.1335 1.2399, 1.6693 0.124 1.2356, 1.6753 0.1032 1.1931, 1.6759 0.1033 1.1887, 1.6776 0.1053 1.1768, 1.6816 0.1337 1.1482, 1.6818 0.1459 1.1467, 1.6789 0.1091 1.1673, 1.68 0.115 1.1592, 1.6664 0.1484 1.256, 1.6664 0.1488 1.256, 1.6578 0.1717 1.3177, 1.6666 0.1611 1.2549, 1.6705 0.0956 1.2272, 1.6689 0.1043 1.2384, 1.6685 0.1071 1.2411, 1.6674 0.1183 1.2489, 1.6666 0.0851 1.2549, 1.6723 0.0899 1.2139, 1.6715 0.0923 1.2196, 1.6792 0.0923 1.1651, 1.6779 0.0889 1.1745, 1.6885 0.0851 1.0991, 1.6754 0.0869 1.1922, 1.6745 0.0871 1.1984, 1.6833 0.1234 1.136, 1.6825 0.112 1.1413, 1.6885 0.0923 1.0991, 1.6814 0.1023 1.1492, 1.6811 0.1005 1.1513, 1.6797 0.0935 1.1617, 1.6835 0.1619 1.1347, 1.6837 0.1436 1.133, 1.6837 0.1364 1.1333, 1.6578 0.9165 1.3177, 1.6578 1.1073 1.3177, 1.6533 1.1029 1.3495, 1.6666 0.9165 1.2549, 1.6666 1.1162 1.2549, 1.7101 0.9165 0.9453, 1.6885 1.1381 1.0991, 1.6885 0.9165 1.0991, 1.7101 1.1597 0.9453, 1.7167 0.9165 0.8982, 1.7167 1.1663 0.8982, 1.7323 1.1811 0.7874, 1.7323 1.1819 0.7874, 1.6533 -0.0305 1.3495, 1.6533 -1.1029 1.3495, 1.7043 0.1037 0.9868, 1.7009 0.1061 1.0108, 1.7049 0.1007 0.9825, 1.7056 0.0987 0.9773, 1.7101 0.1717 0.9453, 1.7099 0.1666 0.9463, 1.7099 0.1516 0.9463, 1.7101 0.0923 0.9453, 1.7084 0.1001 0.9575, 1.7077 0.0983 0.9626, 1.6978 0.1445 1.0324, 1.6981 0.1509 1.0306, 1.6985 0.1559 1.0277, 1.699 0.1599 1.024, 1.7081 0.1516 0.9595, 1.7081 0.1512 0.9595, 1.7088 0.1477 0.9545, 1.7095 0.1428 0.9498, 1.7037 0.1083 0.9908, 1.7032 0.1148 0.994, 1.7 0.1165 1.0173, 1.7029 0.1261 0.9968, 1.6995 0.126 1.0203, 1.7097 0.1096 0.9478, 1.7093 0.105 0.951, 1.709 0.1028 0.9533, 1.6988 0.1061 1.0253, 1.6986 0.109 1.027, 1.698 0.1202 1.0313, 1.6977 0.1356 1.0332, 1.7024 0.1516 1.0003, 1.7015 0.1512 1.0062, 1.7007 0.1497 1.0118, 1.7068 0.0977 0.9691, 1.7065 0.0977 0.9708, 1.6997 0.163 1.0192, 1.7007 0.1654 1.0125, 1.7023 0.1666 1.001, 1.7003 0.148 1.015, 1.7 0.1457 1.0174, 1.6997 0.1431 1.0192, 1.6995 0.1398 1.0205, 1.6994 0.1342 1.0211, 1.7098 0.1392 0.9476, 1.7101 0.1333 0.9453, 1.7167 0.1717 0.8982, 1.7101 0.1332 0.9453, 1.7102 0.1249 0.9443, 1.7167 0.0923 0.8982, 1.7102 0.1222 0.9444, 1.7101 0.1165 0.9453, 1.7101 0.1152 0.9455, 1.7099 0.1939 0.9469, 1.7095 0.187 0.9493, 1.7074 0.187 0.9647, 1.7012 0.1871 1.0084, 1.7005 0.1877 1.0137, 1.7027 0.1894 0.998, 1.7021 0.1877 1.0025, 1.7078 0.1924 0.9613, 1.7079 0.1939 0.9607, 1.7035 0.1939 0.9923, 1.7031 0.1913 0.9949, 1.7035 0.1938 0.9924, 1.71 0.1975 0.9456, 1.7101 0.1939 0.9453, 1.7101 0.2006 0.9453, 1.7167 0.1939 0.8982, 1.7102 0.2103 0.9443, 1.6983 0.2408 1.0295, 1.7003 0.2408 1.015, 1.6987 0.1967 1.0265, 1.6984 0.2003 1.0287, 1.7075 0.2442 0.9635, 1.7082 0.2424 0.9588, 1.7087 0.2396 0.9549, 1.6998 0.1895 1.0185, 1.6992 0.1922 1.0225, 1.699 0.1939 1.024, 1.6979 0.2083 1.0318, 1.6977 0.2205 1.0332, 1.6979 0.231 1.0323, 1.7047 0.2399 0.9835, 1.7053 0.2426 0.9795, 1.7059 0.2443 0.9751, 1.7067 0.2449 0.9694, 1.7093 0.2353 0.9511, 1.7096 0.2309 0.9485, 1.6994 0.219 1.0211, 1.6995 0.2146 1.0208, 1.701 0.2026 1.0097, 1.6996 0.2105 1.0197, 1.6999 0.2072 1.018, 1.7013 0.2027 1.0077, 1.7016 0.2033 1.0054, 1.7019 0.2044 1.0034, 1.7022 0.2059 1.0018, 1.7026 0.2112 0.9985, 1.6996 0.2296 1.0198, 1.7032 0.2205 0.9945, 1.7001 0.2381 1.0166, 1.7035 0.2263 0.9922, 1.7043 0.2363 0.9867, 1.7002 0.2049 1.016, 1.7004 0.2036 1.0141, 1.7007 0.2029 1.0121, 1.7083 0.2018 0.9577, 1.7047 0.2099 0.9837, 1.7041 0.2009 0.9877, 1.7085 0.2117 0.9565, 1.7085 0.2124 0.9565, 1.7053 0.2197 0.9796, 1.7084 0.2201 0.9573, 1.7069 0.2295 0.968, 1.7066 0.2293 0.9698, 1.7082 0.224 0.9588, 1.7081 0.2254 0.9596, 1.7079 0.2271 0.9611, 1.7076 0.2284 0.963, 1.7073 0.2292 0.9651, 1.7063 0.2287 0.9722, 1.706 0.2275 0.9741, 1.7058 0.2256 0.9761, 1.6932 0.3513 1.0653, 1.6932 0.3893 1.0653, 1.7099 0.4159 0.9463, 1.7099 0.3893 0.9463, 1.7101 0.3893 0.9453, 1.7099 0.3513 0.9463, 1.707 0.292 0.9674, 1.708 0.2938 0.9604, 1.708 0.2942 0.9604, 1.698 0.3351 1.0313, 1.698 0.3195 1.0313, 1.7009 0.2768 1.0106, 1.707 0.2961 0.9673, 1.7076 0.2949 0.9633, 1.7101 0.2768 0.9453, 1.7065 0.2768 0.9706, 1.698 0.2528 1.0313, 1.698 0.2696 1.0313, 1.7099 0.2864 0.9465, 1.7101 0.2859 0.9453, 1.7121 0.2798 0.9311, 1.7167 0.2488 0.8982, 1.7154 0.2559 0.9075, 1.7135 0.2559 0.9208, 1.7137 0.2591 0.9197, 1.7138 0.2644 0.9191, 1.7138 0.2649 0.9191, 1.7137 0.2685 0.9196, 1.7135 0.2717 0.9209, 1.7133 0.2739 0.9225, 1.7129 0.2767 0.9256, 1.7128 0.2768 0.9257, 1.7152 0.2768 0.909, 1.7155 0.2715 0.907, 1.7167 0.2768 0.8982, 1.7156 0.2656 0.9063, 1.7155 0.2603 0.9066, 1.7118 0.2962 0.9335, 1.7135 0.2898 0.921, 1.7167 0.3893 0.8982, 1.7101 0.3009 0.9453, 1.7145 0.2843 0.9142, 1.7147 0.2827 0.9128, 1.7152 0.2774 0.9092, 1.708 0.3668 0.9599, 1.708 0.3893 0.9599, 1.7024 0.3668 0.9999, 1.7024 0.3893 0.9999, 1.708 0.4159 0.9599, 1.7101 0.4272 0.9453, 1.6932 0.4132 1.0653, 1.6952 0.4132 1.0516, 1.7024 0.4098 0.9999, 1.7005 0.4098 1.0135, 1.6952 0.3893 1.0516, 1.7005 0.3893 1.0135, 1.6952 0.3668 1.0516, 1.7005 0.3668 1.0135, 1.7167 0.0851 0.8982, 1.7323 0.0923 0.7874, 1.7323 0.1717 0.7874, 1.7323 0.4272 0.7874, 1.7323 0.3893 0.7874, 1.7323 0.2768 0.7874, 1.7323 0.2488 0.7874, 1.7323 0.1939 0.7874, 1.7167 0.4272 0.8982, 1.7167 0.5397 0.8982, 1.7323 0.5397 0.7874, 1.7323 0.9165 0.7874, 1.7101 0.0851 0.9453, 1.7099 0.0833 0.9463, 1.7099 0.0187 0.9463, 1.708 0.0833 0.9599, 1.6952 0.0805 1.0516, 1.6932 0.0187 1.0653, 1.6932 0.0805 1.0653, 1.7024 0.0342 0.9999, 1.708 0.0342 0.9599, 1.7024 0.0771 0.9999, 1.7005 0.0771 1.0135, 1.7005 0.0342 1.0135, 1.6952 0.0342 1.0516, 1.7099 0.4386 0.9463, 1.7044 0.5331 0.9859, 1.7061 0.5272 0.9736, 1.7076 0.5183 0.963, 1.7079 0.5161 0.9611, 1.709 0.5044 0.9534, 1.6932 0.4386 1.0653, 1.6932 0.4729 1.0653, 1.6935 0.4912 1.0633, 1.6943 0.5057 1.058, 1.6954 0.5183 1.0495, 1.696 0.5224 1.0456, 1.6975 0.5298 1.0352, 1.699 0.5343 1.0239, 1.7014 0.5364 1.0073, 1.7024 0.536 0.9998, 1.7099 0.5602 0.9463, 1.7099 0.543 0.9463, 1.7099 0.634 0.9463, 1.7054 0.6217 0.9789, 1.7054 0.5717 0.9789, 1.6932 0.5888 1.0653, 1.6932 0.6054 1.0653, 1.7099 0.6511 0.9463, 1.6667 0.0342 1.2539, 1.6815 0.0342 1.1486, 1.6815 0.082 1.1486, 1.6834 0.0187 1.135, 1.6667 0.0187 1.2539, 1.6834 0.082 1.135, 1.6779 0.3827 1.1745, 1.6796 0.3768 1.1622, 1.6834 0.2882 1.135, 1.6759 0.3856 1.1885, 1.6709 0.3794 1.2239, 1.6725 0.3839 1.2126, 1.6666 0.3893 1.2549, 1.6749 0.386 1.196, 1.6811 0.3679 1.1517, 1.6814 0.3657 1.1498, 1.6824 0.354 1.1421, 1.6667 0.2882 1.2539, 1.6667 0.3224 1.2539, 1.667 0.3408 1.2519, 1.6677 0.3553 1.2467, 1.6689 0.3679 1.2382, 1.6695 0.372 1.2342, 1.6578 0.0923 1.3177, 1.6578 0.0851 1.3177, 1.6578 0.5397 1.3177, 1.6578 0.4272 1.3177, 1.6578 0.3893 1.3177, 1.6578 0.2768 1.3177, 1.6578 0.2488 1.3177, 1.6578 0.1939 1.3177, 1.6533 0.9165 1.3495, 1.6533 0.5397 1.3495, 1.6533 0.4272 1.3495, 1.6533 0.3893 1.3495, 1.6533 0.2768 1.3495, 1.6533 0.2488 1.3495, 1.6533 0.1939 1.3495, 1.6533 0.1717 1.3495, 1.6533 0.0923 1.3495, 1.6533 0.0851 1.3495, 1.7323 -1.1811 0.7087, 1.7323 1.1811 0.7087, 1.2461 1.2598 0.7874, 1.6535 1.2598 0.7874, 1.2461 1.2598 0.7087, 1.6535 1.2598 0.7087, -1.7323 1.1811 0.7087, -1.7323 -1.1811 0.7087, -1.7323 1.1811 0.7874, -1.7323 -1.1811 0.7874, 1.2461 -1.2598 0.7087, 1.6535 -1.2598 0.7087, 1.2461 -1.2598 0.7874, 1.6535 -1.2598 0.7874, -0.9857 -0.785 1.4173, -1.0029 -0.8265 1.4173, 1.5753 -1.1029 1.4173, -1.0302 -0.862 1.4173, -1.1961 -0.9065 1.4173, -1.2375 -0.8893 1.4173, -1.5753 -1.1029 1.4173, -1.1961 -0.5747 1.4173, -1.5753 1.1029 1.4173, -1.2375 -0.5919 1.4173, -1.2731 -0.6191 1.4173, -1.2731 -0.862 1.4173, -1.3003 -0.8265 1.4173, -1.3175 -0.785 1.4173, -1.1516 -0.5688 1.4173, -1.1072 -0.5747 1.4173, 1.5753 1.1029 1.4173, -1.0657 -0.5919 1.4173, -1.0302 -0.6191 1.4173, -1.0657 -0.8893 1.4173, -1.1072 -0.9065 1.4173, -1.1516 -0.9123 1.4173, -1.0029 -0.6547 1.4173, -0.9857 -0.6961 1.4173, -0.9799 -0.7406 1.4173, -1.3234 -0.7406 1.4173, -1.3175 -0.6961 1.4173, -1.3003 -0.6547 1.4173, -1.5753 -1.1029 0.0787, -1.5753 1.1029 0.0787, 1.5753 -1.1029 0.0787, 1.5753 1.1029 0.0787, 1.5753 -1.1808 0.1465, 1.6543 -1.2598 0.7086, -1.5753 -1.1808 0.1465, -1.6543 -1.2598 0.7086, 1.7323 -1.1819 0.7086, 1.6533 -1.1029 0.1465, 1.6533 1.1029 0.1465, 1.7323 1.1819 0.7086, -1.7323 1.1819 0.7086, -1.6533 1.1029 0.1465, -1.6533 -1.1029 0.1465, -1.7323 -1.1819 0.7086, -1.5753 1.1808 0.1465, -1.6543 1.2598 0.7086, 1.5753 1.1808 0.1465, 1.6543 1.2598 0.7086, 1.5753 1.1808 1.3495, 1.6543 1.2598 0.7874, -1.5753 1.1808 1.3495, -1.6543 1.2598 0.7874, -1.7323 -1.1819 0.7874, -1.6533 -1.1029 1.3495, -1.6533 1.1029 1.3495, -1.7323 1.1819 0.7874, -1.5753 -1.1808 1.3495, -1.6543 -1.2598 0.7874, 1.5753 -1.1808 1.3495, 1.6543 -1.2598 0.7874, 1.5753 -1.1762 0.1289, -1.5753 -1.1762 0.1289, 1.5753 -1.176 0.1284, -1.5753 -1.176 0.1284, 1.5753 -1.1674 0.1123, -1.5753 -1.1674 0.1123, 1.5753 -1.1671 0.112, -1.5753 -1.1671 0.112, 1.5753 -1.1548 0.0983, -1.5753 -1.1548 0.0983, 1.5753 -1.1545 0.0981, -1.5753 -1.1545 0.0981, 1.5753 -1.1392 0.0876, -1.5753 -1.1392 0.0876, 1.5753 -1.139 0.0876, -1.5753 -1.139 0.0876, 1.5753 -1.1216 0.081, -1.5753 -1.1216 0.081, 1.5753 -1.1215 0.081, -1.5753 -1.1215 0.081, 1.5801 -1.1209 0.081, 1.6115 -1.1029 0.0876, 1.6117 -1.1029 0.0876, 1.6104 -1.1123 0.0876, 1.6269 -1.1029 0.0981, 1.6272 -1.1029 0.0983, 1.6255 -1.1163 0.0983, 1.6376 -1.1196 0.1123, 1.6462 -1.1219 0.1289, 1.6389 -1.1396 0.1289, 1.5952 -1.1779 0.1441, 1.6139 -1.1699 0.1426, 1.5954 -1.1778 0.1441, 1.5943 -1.1737 0.1289, 1.6503 -1.1228 0.1441, 1.6502 -1.1229 0.1441, 1.6423 -1.1414 0.1426, 1.6423 -1.1415 0.1426, 1.6299 -1.1575 0.1421, 1.6487 -1.1029 0.1289, 1.6484 -1.1029 0.1284, 1.6398 -1.1029 0.1123, 1.6395 -1.1029 0.112, 1.592 -1.1652 0.1123, 1.6312 -1.1351 0.1123, 1.6272 -1.1548 0.1289, 1.5887 -1.153 0.0983, 1.6203 -1.1288 0.0983, 1.6209 -1.1485 0.1123, 1.5847 -1.138 0.0876, 1.612 -1.1396 0.0983, 1.6068 -1.121 0.0876, 1.5934 -1.1077 0.081, 1.614 -1.1698 0.1426, 1.612 -1.1664 0.1289, 1.6076 -1.1587 0.1123, 1.6013 -1.1478 0.0983, 1.5935 -1.1343 0.0876, 1.5847 -1.1191 0.081, 1.5939 -1.1029 0.081, 1.594 -1.1029 0.081, 1.601 -1.1286 0.0876, 1.5915 -1.1122 0.081, 1.5885 -1.1161 0.081, -1.5939 -1.1029 0.081, -1.5934 -1.1077 0.081, -1.5847 -1.138 0.0876, -1.5887 -1.153 0.0983, -1.592 -1.1652 0.1123, -1.5943 -1.1737 0.1289, -1.612 -1.1664 0.1289, -1.6503 -1.1228 0.1441, -1.6487 -1.1029 0.1289, -1.6423 -1.1414 0.1426, -1.6502 -1.1229 0.1441, -1.6462 -1.1219 0.1289, -1.5952 -1.1779 0.1441, -1.5954 -1.1778 0.1441, -1.6139 -1.1699 0.1426, -1.614 -1.1698 0.1426, -1.6299 -1.1575 0.1421, -1.6484 -1.1029 0.1284, -1.6376 -1.1196 0.1123, -1.6076 -1.1587 0.1123, -1.6272 -1.1548 0.1289, -1.6398 -1.1029 0.1123, -1.6395 -1.1029 0.112, -1.6255 -1.1163 0.0983, -1.6013 -1.1478 0.0983, -1.6209 -1.1485 0.1123, -1.6272 -1.1029 0.0983, -1.6269 -1.1029 0.0981, -1.6104 -1.1123 0.0876, -1.612 -1.1396 0.0983, -1.5935 -1.1343 0.0876, -1.5801 -1.1209 0.081, -1.6423 -1.1415 0.1426, -1.6389 -1.1396 0.1289, -1.6312 -1.1351 0.1123, -1.6203 -1.1288 0.0983, -1.6068 -1.121 0.0876, -1.5915 -1.1122 0.081, -1.601 -1.1286 0.0876, -1.5847 -1.1191 0.081, -1.5885 -1.1161 0.081, -1.6117 -1.1029 0.0876, -1.6115 -1.1029 0.0876, -1.594 -1.1029 0.081, 1.6487 1.1029 0.1289, 1.6484 1.1029 0.1284, 1.6398 1.1029 0.1123, 1.6395 1.1029 0.112, 1.6272 1.1029 0.0983, 1.6269 1.1029 0.0981, 1.6117 1.1029 0.0876, 1.6115 1.1029 0.0876, 1.594 1.1029 0.081, 1.5939 1.1029 0.081, 1.6931 -1.2492 0.7067, 1.6929 -1.2493 0.7067, 1.6744 -1.257 0.7074, 1.6739 -1.2571 0.7075, 1.7092 -1.2368 0.7064, 1.7216 -1.2207 0.7067, 1.7217 -1.2205 0.7067, 1.7295 -1.202 0.7074, 1.7295 -1.2015 0.7075, -1.7216 -1.2207 0.7067, -1.7217 -1.2205 0.7067, -1.7295 -1.202 0.7074, -1.7295 -1.2015 0.7075, -1.7092 -1.2368 0.7064, -1.6931 -1.2492 0.7067, -1.6929 -1.2493 0.7067, -1.6744 -1.257 0.7074, -1.6739 -1.2571 0.7075, -1.6487 1.1029 0.1289, -1.6484 1.1029 0.1284, -1.6398 1.1029 0.1123, -1.6395 1.1029 0.112, -1.6272 1.1029 0.0983, -1.6269 1.1029 0.0981, -1.6117 1.1029 0.0876, -1.6115 1.1029 0.0876, -1.594 1.1029 0.081, -1.5939 1.1029 0.081, -1.5753 1.1762 0.1289, 1.5753 1.1762 0.1289, -1.5753 1.176 0.1284, 1.5753 1.176 0.1284, -1.5753 1.1674 0.1123, 1.5753 1.1674 0.1123, -1.5753 1.1671 0.112, 1.5753 1.1671 0.112, -1.5753 1.1548 0.0983, 1.5753 1.1548 0.0983, -1.5753 1.1545 0.0981, 1.5753 1.1545 0.0981, -1.5753 1.1392 0.0876, 1.5753 1.1392 0.0876, -1.5753 1.139 0.0876, 1.5753 1.139 0.0876, -1.5753 1.1216 0.081, 1.5753 1.1216 0.081, -1.5753 1.1215 0.081, 1.5753 1.1215 0.081, 1.5936 1.107 0.081, 1.587 1.1175 0.081, 1.5899 1.1145 0.081, 1.5834 1.1383 0.0876, 1.5869 1.1535 0.0983, 1.5897 1.1657 0.1123, 1.5916 1.1744 0.1289, 1.6071 1.169 0.1289, 1.6423 1.1414 0.1426, 1.6446 1.1362 0.1431, 1.6414 1.1347 0.1289, 1.6503 1.1228 0.1441, 1.6507 1.1201 0.1445, 1.6468 1.1192 0.1289, 1.6211 1.1602 0.1289, 1.6231 1.1628 0.1423, 1.6299 1.1575 0.1421, 1.6087 1.1721 0.1431, 1.6139 1.1699 0.1426, 1.5952 1.1779 0.1441, 1.5925 1.1783 0.1445, 1.6382 1.1172 0.1123, 1.6033 1.161 0.1123, 1.6259 1.1144 0.0983, 1.5978 1.1496 0.0983, 1.6155 1.1533 0.1123, 1.6327 1.1486 0.1289, 1.6352 1.1506 0.1423, 1.6107 1.111 0.0876, 1.6257 1.1431 0.1123, 1.6077 1.1435 0.0983, 1.5911 1.1356 0.0876, 1.5795 1.1211 0.081, 1.6037 1.1255 0.0876, 1.6334 1.1308 0.1123, 1.6221 1.1254 0.0983, 1.6081 1.1186 0.0876, 1.5922 1.111 0.081, 1.6159 1.1352 0.0983, 1.598 1.1313 0.0876, 1.5834 1.1197 0.081, 1.7295 -1.2015 0.7886, 1.7295 -1.202 0.7886, 1.7217 -1.2205 0.7894, 1.7216 -1.2207 0.7894, 1.7092 -1.2368 0.7896, 1.6931 -1.2492 0.7894, 1.6929 -1.2493 0.7894, 1.6744 -1.257 0.7886, 1.6739 -1.2571 0.7886, -1.7295 -1.2015 0.7886, -1.7295 -1.202 0.7886, -1.7217 -1.2205 0.7894, -1.7216 -1.2207 0.7894, -1.7092 -1.2368 0.7896, -1.6931 -1.2492 0.7894, -1.6929 -1.2493 0.7894, -1.6744 -1.257 0.7886, -1.6739 -1.2571 0.7886, -1.5801 1.1209 0.081, -1.6104 1.1123 0.0876, -1.6255 1.1163 0.0983, -1.6376 1.1196 0.1123, -1.6462 1.1219 0.1289, -1.6389 1.1396 0.1289, -1.5952 1.1779 0.1441, -1.6139 1.1699 0.1426, -1.5954 1.1778 0.1441, -1.5943 1.1737 0.1289, -1.6503 1.1228 0.1441, -1.6502 1.1229 0.1441, -1.6423 1.1414 0.1426, -1.6423 1.1415 0.1426, -1.6299 1.1575 0.1421, -1.592 1.1652 0.1123, -1.6312 1.1351 0.1123, -1.6272 1.1548 0.1289, -1.5887 1.153 0.0983, -1.6203 1.1288 0.0983, -1.6209 1.1485 0.1123, -1.5847 1.138 0.0876, -1.612 1.1396 0.0983, -1.6068 1.121 0.0876, -1.5934 1.1077 0.081, -1.614 1.1698 0.1426, -1.612 1.1664 0.1289, -1.6076 1.1587 0.1123, -1.6013 1.1478 0.0983, -1.5935 1.1343 0.0876, -1.5847 1.1191 0.081, -1.601 1.1286 0.0876, -1.5915 1.1122 0.081, -1.5885 1.1161 0.081, 1.7295 1.2015 0.7075, 1.7295 1.202 0.7074, 1.7217 1.2205 0.7067, 1.7216 1.2207 0.7067, 1.7092 1.2368 0.7064, 1.6739 1.2571 0.7075, 1.6744 1.257 0.7074, 1.6929 1.2493 0.7067, 1.6931 1.2492 0.7067, 1.6507 -1.1201 1.3516, 1.6503 -1.1228 1.3519, 1.6446 -1.1362 1.353, 1.6423 -1.1414 1.3534, 1.6352 -1.1506 1.3537, 1.5925 -1.1783 1.3516, 1.5952 -1.1779 1.3519, 1.6087 -1.1721 1.353, 1.6139 -1.1699 1.3534, 1.6231 -1.1628 1.3537, 1.6299 -1.1575 1.3539, -1.5753 -1.1762 1.3671, 1.5753 -1.1762 1.3671, -1.5753 -1.176 1.3676, 1.5753 -1.176 1.3676, -1.5753 -1.1674 1.3838, 1.5753 -1.1674 1.3838, -1.5753 -1.1671 1.3841, 1.5753 -1.1671 1.3841, -1.5753 -1.1548 1.3978, 1.5753 -1.1548 1.3978, -1.5753 -1.1545 1.398, 1.5753 -1.1545 1.398, -1.5753 -1.1392 1.4084, 1.5753 -1.1392 1.4084, -1.5753 -1.139 1.4085, 1.5753 -1.139 1.4085, -1.5753 -1.1216 1.4151, 1.5753 -1.1216 1.4151, -1.5753 -1.1215 1.4151, 1.5753 -1.1215 1.4151, -1.5952 -1.1779 1.3519, -1.5954 -1.1778 1.3519, -1.6139 -1.1699 1.3534, -1.614 -1.1698 1.3534, -1.6299 -1.1575 1.3539, -1.6423 -1.1415 1.3534, -1.6423 -1.1414 1.3534, -1.6502 -1.1229 1.3519, -1.6503 -1.1228 1.3519, -1.6931 1.2492 0.7067, -1.6929 1.2493 0.7067, -1.6744 1.257 0.7074, -1.6739 1.2571 0.7075, -1.7092 1.2368 0.7064, -1.7216 1.2207 0.7067, -1.7217 1.2205 0.7067, -1.7295 1.202 0.7074, -1.7295 1.2015 0.7075, 1.7295 1.2015 0.7886, 1.7295 1.202 0.7886, 1.7217 1.2205 0.7894, 1.7216 1.2207 0.7894, 1.7092 1.2368 0.7896, 1.6931 1.2492 0.7894, 1.6929 1.2493 0.7894, 1.6744 1.257 0.7886, 1.6739 1.2571 0.7886, 1.6484 -1.1029 1.3676, 1.6398 -1.1029 1.3838, 1.6382 -1.1172 1.3838, 1.6395 -1.1029 1.3841, 1.6272 -1.1029 1.3978, 1.6259 -1.1144 1.3978, 1.6107 -1.111 1.4084, 1.5936 -1.107 1.4151, 1.5922 -1.111 1.4151, 1.5834 -1.1197 1.4151, 1.587 -1.1175 1.4151, 1.5795 -1.1211 1.4151, 1.5939 -1.1029 1.4151, 1.6468 -1.1192 1.3671, 1.6414 -1.1347 1.3671, 1.6327 -1.1486 1.3671, 1.6211 -1.1602 1.3671, 1.6071 -1.169 1.3671, 1.5916 -1.1744 1.3671, 1.6269 -1.1029 1.398, 1.6117 -1.1029 1.4084, 1.6115 -1.1029 1.4085, 1.594 -1.1029 1.4151, 1.6037 -1.1255 1.4084, 1.598 -1.1313 1.4084, 1.5911 -1.1356 1.4084, 1.5834 -1.1383 1.4084, 1.6081 -1.1186 1.4084, 1.5899 -1.1145 1.4151, 1.6221 -1.1254 1.3978, 1.6159 -1.1352 1.3978, 1.6077 -1.1435 1.3978, 1.5978 -1.1496 1.3978, 1.5869 -1.1535 1.3978, 1.6334 -1.1308 1.3838, 1.6257 -1.1431 1.3838, 1.6155 -1.1533 1.3838, 1.6033 -1.161 1.3838, 1.5897 -1.1657 1.3838, 1.6487 -1.1029 1.3671, -1.5887 -1.153 1.3978, -1.5847 -1.138 1.4084, -1.5801 -1.1209 1.4151, -1.5847 -1.1191 1.4151, -1.5915 -1.1122 1.4151, -1.5885 -1.1161 1.4151, -1.5934 -1.1077 1.4151, -1.5943 -1.1737 1.3671, -1.612 -1.1664 1.3671, -1.6272 -1.1548 1.3671, -1.6389 -1.1396 1.3671, -1.6462 -1.1219 1.3671, -1.6487 -1.1029 1.3671, -1.5939 -1.1029 1.4151, -1.5935 -1.1343 1.4084, -1.601 -1.1286 1.4084, -1.6068 -1.121 1.4084, -1.6104 -1.1123 1.4084, -1.594 -1.1029 1.4151, -1.6115 -1.1029 1.4085, -1.6117 -1.1029 1.4084, -1.6269 -1.1029 1.398, -1.6013 -1.1478 1.3978, -1.612 -1.1396 1.3978, -1.6203 -1.1288 1.3978, -1.6255 -1.1163 1.3978, -1.592 -1.1652 1.3838, -1.6076 -1.1587 1.3838, -1.6209 -1.1485 1.3838, -1.6312 -1.1351 1.3838, -1.6376 -1.1196 1.3838, -1.6272 -1.1029 1.3978, -1.6395 -1.1029 1.3841, -1.6398 -1.1029 1.3838, -1.6484 -1.1029 1.3676, -1.7295 1.2015 0.7886, -1.7295 1.202 0.7886, -1.7217 1.2205 0.7894, -1.7216 1.2207 0.7894, -1.7092 1.2368 0.7896, -1.6931 1.2492 0.7894, -1.6929 1.2493 0.7894, -1.6744 1.257 0.7886, -1.6739 1.2571 0.7886, 1.5952 1.1779 1.3519, 1.5954 1.1778 1.3519, 1.6139 1.1699 1.3534, 1.614 1.1698 1.3534, 1.6299 1.1575 1.3539, 1.6423 1.1415 1.3534, 1.6423 1.1414 1.3534, 1.6502 1.1229 1.3519, 1.6503 1.1228 1.3519, 1.6487 1.1029 1.3671, 1.6484 1.1029 1.3676, 1.6398 1.1029 1.3838, 1.6395 1.1029 1.3841, 1.6272 1.1029 1.3978, 1.6269 1.1029 1.398, 1.6117 1.1029 1.4084, 1.6115 1.1029 1.4085, 1.594 1.1029 1.4151, 1.5939 1.1029 1.4151, -1.6487 1.1029 1.3671, -1.6484 1.1029 1.3676, -1.6398 1.1029 1.3838, -1.6395 1.1029 1.3841, -1.6272 1.1029 1.3978, -1.6269 1.1029 1.398, -1.6117 1.1029 1.4084, -1.6115 1.1029 1.4085, -1.594 1.1029 1.4151, -1.5939 1.1029 1.4151, -1.6507 1.1201 1.3516, -1.6503 1.1228 1.3519, -1.6446 1.1362 1.353, -1.6423 1.1414 1.3534, -1.6352 1.1506 1.3537, -1.5925 1.1783 1.3516, -1.5952 1.1779 1.3519, -1.6087 1.1721 1.353, -1.6139 1.1699 1.3534, -1.6231 1.1628 1.3537, -1.6299 1.1575 1.3539, 1.5753 1.1671 1.3841, 1.5753 1.1548 1.3978, 1.5887 1.153 1.3978, 1.5847 1.138 1.4084, 1.5801 1.1209 1.4151, 1.5847 1.1191 1.4151, 1.5915 1.1122 1.4151, 1.5885 1.1161 1.4151, 1.5934 1.1077 1.4151, 1.5753 1.1215 1.4151, 1.5943 1.1737 1.3671, 1.612 1.1664 1.3671, 1.6272 1.1548 1.3671, 1.6389 1.1396 1.3671, 1.6462 1.1219 1.3671, 1.5753 1.1545 1.398, 1.5753 1.1392 1.4084, 1.5753 1.139 1.4085, 1.5753 1.1216 1.4151, 1.5935 1.1343 1.4084, 1.601 1.1286 1.4084, 1.6068 1.121 1.4084, 1.6104 1.1123 1.4084, 1.6013 1.1478 1.3978, 1.612 1.1396 1.3978, 1.6203 1.1288 1.3978, 1.6255 1.1163 1.3978, 1.5753 1.176 1.3676, 1.5753 1.1674 1.3838, 1.592 1.1652 1.3838, 1.6076 1.1587 1.3838, 1.6209 1.1485 1.3838, 1.6312 1.1351 1.3838, 1.6376 1.1196 1.3838, 1.5753 1.1762 1.3671, -1.6382 1.1172 1.3838, -1.6259 1.1144 1.3978, -1.6107 1.111 1.4084, -1.5936 1.107 1.4151, -1.5922 1.111 1.4151, -1.5834 1.1197 1.4151, -1.587 1.1175 1.4151, -1.5795 1.1211 1.4151, -1.6468 1.1192 1.3671, -1.6414 1.1347 1.3671, -1.6327 1.1486 1.3671, -1.6211 1.1602 1.3671, -1.6071 1.169 1.3671, -1.5916 1.1744 1.3671, -1.5753 1.1762 1.3671, -1.5753 1.1215 1.4151, -1.6037 1.1255 1.4084, -1.598 1.1313 1.4084, -1.5911 1.1356 1.4084, -1.5834 1.1383 1.4084, -1.6081 1.1186 1.4084, -1.5899 1.1145 1.4151, -1.5753 1.1216 1.4151, -1.5753 1.139 1.4085, -1.5753 1.1392 1.4084, -1.5753 1.1545 1.398, -1.6221 1.1254 1.3978, -1.6159 1.1352 1.3978, -1.6077 1.1435 1.3978, -1.5978 1.1496 1.3978, -1.5869 1.1535 1.3978, -1.6334 1.1308 1.3838, -1.6257 1.1431 1.3838, -1.6155 1.1533 1.3838, -1.6033 1.161 1.3838, -1.5897 1.1657 1.3838, -1.5753 1.1548 1.3978, -1.5753 1.1671 1.3841, -1.5753 1.1674 1.3838, -1.5753 1.176 1.3676
            ]
        }
        coordIndex [
            0,1,2,-1,2,1,3,-1,4,5,6,-1,6,5,7,-1,8,9,10,-1,10,9,11,-1,12,13,14,-1,14,13,15,-1,16,17,18,-1,18,17,19,-1,20,21,22,-1,22,21,23,-1,24,25,26,-1,27,28,29,-1,30,31,32,-1,33,34,35,-1,36,37,38,-1,39,40,41,-1,41,40,42,-1,42,43,41,-1,41,43,44,-1,41,44,45,-1,46,47,48,-1,49,50,51,-1,46,48,52,-1,49,51,53,-1,53,51,54,-1,53,54,55,-1,54,56,57,-1,54,58,55,-1,55,58,59,-1,55,59,60,-1,60,59,61,-1,60,61,62,-1,57,63,54,-1,54,63,64,-1,54,64,58,-1,65,66,67,-1,65,67,68,-1,66,69,67,-1,67,69,70,-1,67,70,71,-1,71,70,72,-1,72,73,71,-1,71,73,74,-1,71,74,54,-1,54,74,75,-1,54,75,56,-1,76,68,77,-1,77,68,67,-1,77,67,78,-1,78,67,79,-1,80,81,82,-1,82,81,83,-1,82,83,84,-1,85,86,87,-1,87,86,88,-1,87,88,67,-1,67,88,89,-1,67,89,79,-1,84,90,82,-1,82,90,91,-1,82,91,86,-1,86,91,92,-1,86,92,88,-1,93,94,81,-1,81,94,95,-1,95,96,81,-1,81,96,97,-1,81,97,83,-1,98,99,100,-1,100,99,101,-1,45,102,41,-1,41,102,103,-1,41,103,104,-1,104,103,105,-1,104,105,106,-1,107,108,109,-1,109,108,110,-1,93,111,112,-1,113,114,99,-1,99,114,115,-1,99,115,116,-1,117,118,119,-1,119,118,120,-1,121,122,109,-1,109,122,123,-1,109,123,107,-1,124,125,93,-1,93,125,126,-1,93,126,111,-1,127,128,129,-1,129,128,130,-1,129,130,131,-1,132,116,133,-1,133,116,134,-1,133,134,129,-1,129,134,135,-1,129,135,127,-1,106,136,104,-1,104,136,137,-1,104,137,109,-1,109,137,138,-1,109,138,121,-1,132,139,116,-1,116,139,140,-1,116,140,99,-1,99,140,141,-1,99,141,101,-1,142,143,144,-1,144,143,145,-1,144,145,119,-1,119,145,146,-1,119,146,117,-1,120,147,119,-1,119,147,148,-1,119,148,149,-1,112,150,93,-1,93,150,151,-1,93,151,152,-1,152,151,142,-1,152,142,153,-1,153,142,144,-1,154,155,119,-1,119,155,156,-1,119,156,99,-1,99,156,157,-1,99,157,113,-1,149,158,119,-1,119,158,159,-1,119,159,160,-1,160,161,119,-1,119,161,162,-1,119,162,154,-1,115,163,116,-1,116,163,164,-1,116,164,165,-1,166,163,167,-1,167,163,115,-1,167,115,168,-1,168,115,169,-1,169,170,168,-1,168,170,171,-1,168,171,172,-1,173,174,175,-1,175,174,176,-1,174,177,167,-1,167,177,178,-1,167,178,179,-1,173,180,174,-1,174,180,181,-1,174,181,177,-1,182,183,184,-1,184,183,185,-1,184,185,186,-1,179,187,167,-1,167,187,188,-1,167,188,166,-1,165,189,116,-1,116,189,184,-1,116,184,190,-1,190,184,186,-1,191,192,193,-1,193,192,194,-1,193,194,195,-1,195,194,196,-1,197,198,199,-1,199,198,200,-1,199,200,201,-1,202,203,204,-1,204,203,194,-1,204,194,205,-1,205,194,192,-1,206,207,208,-1,208,207,209,-1,210,211,212,-1,212,211,213,-1,209,207,214,-1,214,207,215,-1,214,215,216,-1,213,217,218,-1,218,217,219,-1,218,219,220,-1,221,222,223,-1,223,222,224,-1,223,224,225,-1,225,224,26,-1,225,26,215,-1,226,227,210,-1,210,227,228,-1,210,228,211,-1,38,37,226,-1,226,37,229,-1,226,229,230,-1,231,232,233,-1,233,232,222,-1,233,222,234,-1,234,222,235,-1,236,237,238,-1,238,237,239,-1,238,239,240,-1,240,239,235,-1,240,235,230,-1,230,235,222,-1,230,222,226,-1,226,222,221,-1,226,221,227,-1,238,241,242,-1,243,244,238,-1,238,244,245,-1,238,245,246,-1,243,247,244,-1,244,247,248,-1,244,248,249,-1,249,248,250,-1,249,250,251,-1,246,252,238,-1,238,252,253,-1,238,253,254,-1,242,255,238,-1,238,255,256,-1,238,256,236,-1,254,257,238,-1,238,257,258,-1,238,258,241,-1,259,260,261,-1,261,260,262,-1,35,263,264,-1,264,265,35,-1,35,265,266,-1,35,266,33,-1,267,268,35,-1,35,268,269,-1,35,269,263,-1,270,271,272,-1,272,271,273,-1,272,273,267,-1,267,273,274,-1,267,274,268,-1,275,276,277,-1,276,278,277,-1,277,278,279,-1,277,279,280,-1,231,281,232,-1,232,281,282,-1,232,282,277,-1,277,282,283,-1,277,283,275,-1,284,285,286,-1,287,288,285,-1,289,290,291,-1,291,290,288,-1,292,293,294,-1,294,293,295,-1,294,295,296,-1,297,298,51,-1,299,300,301,-1,301,300,302,-1,303,304,305,-1,306,307,308,-1,309,310,232,-1,232,310,311,-1,232,311,312,-1,313,314,305,-1,305,314,315,-1,305,315,316,-1,299,317,300,-1,300,317,318,-1,300,318,319,-1,319,318,320,-1,319,320,321,-1,322,323,306,-1,306,323,324,-1,306,324,307,-1,325,326,277,-1,277,326,327,-1,277,327,232,-1,232,327,328,-1,232,328,309,-1,329,330,320,-1,320,330,331,-1,308,332,306,-1,306,332,333,-1,306,333,277,-1,277,333,302,-1,277,302,325,-1,325,302,300,-1,312,334,232,-1,232,334,335,-1,232,335,336,-1,331,337,320,-1,320,337,338,-1,320,338,339,-1,339,340,320,-1,320,340,341,-1,320,341,321,-1,316,342,305,-1,305,342,343,-1,305,343,303,-1,303,343,344,-1,345,346,347,-1,346,348,347,-1,347,348,349,-1,347,349,306,-1,306,349,350,-1,306,350,322,-1,351,352,303,-1,303,352,353,-1,354,355,232,-1,356,357,353,-1,358,359,360,-1,356,353,361,-1,357,354,353,-1,353,354,232,-1,353,232,303,-1,303,232,336,-1,303,336,304,-1,358,360,353,-1,353,360,362,-1,353,362,361,-1,363,364,365,-1,365,364,366,-1,365,366,367,-1,368,369,32,-1,370,371,222,-1,372,373,32,-1,32,373,374,-1,355,375,232,-1,232,375,376,-1,232,376,222,-1,222,376,377,-1,222,377,370,-1,371,378,222,-1,222,378,379,-1,222,379,224,-1,224,379,380,-1,224,380,368,-1,381,382,369,-1,369,382,383,-1,369,383,32,-1,32,383,384,-1,32,384,372,-1,374,385,32,-1,32,385,386,-1,32,386,30,-1,387,388,389,-1,389,388,390,-1,389,390,391,-1,389,392,387,-1,387,392,393,-1,387,393,394,-1,394,395,387,-1,387,395,396,-1,387,396,397,-1,397,396,398,-1,397,398,399,-1,399,398,400,-1,399,400,369,-1,369,400,401,-1,369,401,381,-1,402,403,391,-1,391,403,404,-1,391,404,389,-1,405,406,359,-1,359,406,407,-1,359,407,360,-1,405,408,406,-1,406,408,409,-1,406,409,410,-1,410,409,411,-1,410,412,413,-1,411,414,410,-1,410,414,415,-1,410,415,416,-1,416,417,410,-1,410,417,418,-1,410,418,412,-1,413,419,410,-1,410,419,420,-1,410,420,421,-1,422,423,203,-1,424,425,426,-1,426,425,427,-1,428,429,430,-1,431,26,432,-1,432,26,433,-1,432,433,434,-1,434,433,428,-1,434,428,435,-1,435,428,430,-1,436,437,32,-1,32,437,438,-1,368,32,224,-1,224,32,438,-1,224,438,26,-1,26,438,439,-1,26,439,433,-1,440,437,441,-1,441,437,436,-1,441,436,442,-1,443,444,445,-1,446,447,32,-1,367,366,31,-1,31,366,443,-1,31,443,32,-1,32,443,445,-1,32,445,446,-1,447,448,32,-1,32,448,449,-1,32,449,450,-1,450,451,32,-1,32,451,452,-1,32,452,436,-1,436,452,453,-1,436,453,442,-1,454,455,456,-1,456,455,457,-1,456,457,443,-1,443,457,458,-1,443,458,444,-1,459,460,461,-1,459,461,462,-1,460,463,461,-1,461,463,464,-1,461,464,456,-1,456,464,465,-1,456,465,454,-1,466,467,468,-1,468,467,469,-1,470,424,471,-1,203,423,194,-1,194,423,472,-1,194,472,473,-1,469,467,474,-1,474,467,470,-1,474,470,475,-1,473,476,477,-1,477,476,478,-1,477,478,479,-1,80,480,81,-1,81,480,109,-1,81,109,93,-1,93,109,110,-1,93,110,124,-1,481,482,347,-1,347,482,344,-1,347,344,345,-1,345,344,343,-1,483,461,484,-1,484,461,456,-1,484,456,485,-1,485,456,443,-1,485,443,486,-1,486,443,366,-1,486,366,487,-1,482,487,344,-1,344,487,366,-1,344,366,303,-1,303,366,364,-1,303,364,351,-1,351,364,363,-1,424,426,471,-1,471,426,488,-1,471,488,489,-1,489,488,490,-1,489,490,491,-1,29,293,289,-1,289,293,292,-1,289,292,290,-1,492,493,494,-1,493,492,495,-1,495,492,272,-1,495,272,496,-1,480,492,109,-1,109,492,494,-1,109,494,104,-1,104,494,497,-1,104,497,272,-1,272,497,498,-1,272,498,496,-1,499,500,501,-1,501,500,495,-1,501,495,502,-1,502,495,496,-1,502,496,503,-1,503,496,504,-1,80,481,480,-1,480,481,347,-1,480,347,492,-1,492,347,306,-1,492,306,272,-1,272,306,277,-1,272,277,270,-1,270,277,280,-1,28,471,29,-1,29,471,489,-1,29,489,293,-1,293,489,491,-1,293,491,295,-1,28,505,471,-1,471,505,194,-1,471,194,470,-1,470,194,473,-1,470,473,475,-1,475,473,477,-1,506,507,29,-1,29,507,508,-1,508,509,29,-1,29,509,510,-1,29,510,27,-1,505,511,194,-1,194,511,512,-1,194,512,196,-1,196,512,513,-1,196,513,514,-1,514,515,196,-1,196,515,516,-1,196,516,517,-1,517,518,196,-1,196,518,519,-1,196,519,29,-1,29,519,520,-1,29,520,506,-1,521,522,29,-1,523,524,525,-1,29,522,196,-1,196,522,526,-1,196,526,527,-1,525,521,523,-1,523,521,29,-1,523,29,528,-1,528,29,289,-1,528,289,527,-1,527,289,291,-1,527,291,196,-1,529,530,531,-1,532,533,41,-1,41,533,529,-1,41,529,267,-1,267,529,531,-1,267,531,272,-1,272,531,534,-1,272,534,104,-1,104,534,532,-1,104,532,41,-1,535,536,203,-1,25,537,26,-1,26,537,212,-1,26,212,215,-1,215,212,213,-1,215,213,216,-1,216,213,218,-1,535,203,538,-1,539,540,541,-1,541,540,542,-1,536,543,203,-1,203,543,544,-1,203,544,545,-1,545,24,203,-1,203,24,26,-1,203,26,422,-1,422,26,431,-1,422,431,427,-1,427,431,462,-1,427,462,426,-1,426,462,461,-1,426,461,488,-1,488,461,483,-1,488,483,490,-1,537,546,212,-1,212,546,547,-1,212,547,541,-1,541,547,548,-1,541,548,549,-1,549,550,541,-1,541,550,551,-1,541,551,539,-1,197,199,202,-1,202,199,541,-1,202,541,203,-1,203,541,542,-1,203,542,538,-1,288,287,291,-1,291,287,201,-1,291,201,196,-1,196,201,200,-1,196,200,195,-1,259,261,34,-1,34,261,552,-1,34,552,35,-1,35,552,553,-1,35,553,267,-1,267,553,48,-1,267,48,41,-1,41,48,47,-1,41,47,39,-1,285,284,287,-1,287,284,554,-1,287,554,201,-1,201,554,555,-1,201,555,199,-1,199,555,556,-1,199,556,541,-1,541,556,557,-1,541,557,212,-1,212,557,558,-1,212,558,210,-1,210,558,559,-1,210,559,226,-1,226,559,261,-1,226,261,38,-1,38,261,262,-1,38,262,36,-1,286,560,284,-1,284,560,561,-1,284,561,554,-1,554,561,562,-1,554,562,555,-1,555,562,563,-1,555,563,556,-1,556,563,564,-1,556,564,557,-1,557,564,565,-1,557,565,558,-1,558,565,566,-1,558,566,559,-1,559,566,567,-1,559,567,261,-1,261,567,568,-1,261,568,552,-1,552,568,569,-1,552,569,553,-1,553,569,297,-1,553,297,48,-1,48,297,51,-1,48,51,52,-1,52,51,50,-1,570,571,86,-1,86,571,295,-1,572,573,574,-1,574,573,575,-1,576,577,578,-1,578,577,579,-1,580,581,582,-1,582,581,583,-1,584,585,586,-1,586,585,587,-1,588,589,590,-1,591,592,593,-1,593,592,594,-1,589,595,590,-1,590,595,596,-1,590,596,597,-1,591,598,592,-1,592,598,599,-1,592,599,600,-1,600,599,601,-1,600,601,602,-1,587,603,586,-1,586,603,604,-1,586,604,590,-1,590,604,605,-1,590,605,588,-1,602,606,600,-1,600,606,607,-1,600,607,586,-1,586,607,608,-1,586,608,584,-1,597,609,590,-1,590,609,610,-1,590,610,592,-1,592,610,611,-1,592,611,594,-1,612,613,614,-1,614,613,615,-1,580,616,581,-1,581,616,617,-1,580,15,616,-1,616,15,13,-1,616,13,618,-1,618,13,19,-1,618,19,17,-1,17,23,618,-1,618,23,21,-1,618,21,619,-1,620,621,570,-1,570,621,622,-1,570,622,571,-1,571,622,623,-1,624,625,576,-1,576,625,626,-1,576,626,577,-1,577,626,627,-1,10,628,8,-1,8,628,629,-1,10,4,628,-1,628,4,6,-1,628,6,630,-1,630,6,0,-1,630,0,2,-1,2,574,630,-1,630,574,575,-1,630,575,631,-1,572,632,573,-1,573,632,633,-1,572,3,632,-1,632,3,1,-1,632,1,634,-1,634,1,7,-1,634,7,5,-1,5,11,634,-1,634,11,9,-1,634,9,635,-1,636,637,579,-1,579,637,638,-1,579,638,578,-1,578,638,639,-1,22,640,20,-1,20,640,641,-1,22,16,640,-1,640,16,18,-1,640,18,642,-1,642,18,12,-1,642,12,14,-1,14,582,642,-1,642,582,583,-1,642,583,643,-1,616,618,644,-1,644,618,645,-1,644,645,646,-1,646,645,647,-1,646,647,648,-1,648,647,649,-1,648,649,650,-1,650,649,651,-1,650,651,652,-1,652,651,653,-1,652,653,654,-1,654,653,655,-1,654,655,656,-1,656,655,657,-1,656,657,658,-1,658,657,659,-1,658,659,660,-1,660,659,661,-1,660,661,662,-1,661,663,662,-1,662,663,612,-1,662,612,614,-1,662,614,664,-1,665,666,667,-1,668,669,670,-1,671,672,673,-1,674,616,644,-1,675,676,677,-1,677,676,674,-1,678,679,672,-1,672,679,680,-1,672,680,673,-1,673,680,681,-1,673,681,682,-1,621,678,683,-1,683,678,672,-1,683,672,684,-1,684,672,671,-1,684,671,685,-1,685,671,686,-1,674,644,677,-1,677,644,646,-1,677,646,687,-1,669,686,670,-1,670,686,671,-1,670,671,688,-1,688,671,673,-1,688,673,689,-1,689,673,682,-1,646,648,687,-1,687,648,650,-1,687,650,690,-1,666,668,667,-1,667,668,670,-1,667,670,691,-1,691,670,688,-1,691,688,692,-1,692,688,689,-1,650,652,690,-1,690,652,654,-1,690,654,693,-1,692,694,691,-1,691,694,695,-1,691,695,667,-1,667,695,696,-1,667,696,665,-1,697,675,698,-1,698,675,677,-1,698,677,699,-1,699,677,687,-1,699,687,700,-1,700,687,690,-1,700,690,701,-1,701,690,693,-1,701,693,702,-1,702,693,664,-1,702,664,614,-1,614,703,696,-1,696,703,704,-1,696,704,665,-1,694,705,695,-1,695,705,706,-1,695,706,696,-1,696,706,614,-1,705,707,706,-1,706,707,614,-1,654,656,693,-1,693,656,658,-1,693,658,664,-1,664,658,660,-1,664,660,662,-1,682,697,689,-1,689,697,698,-1,689,698,692,-1,692,698,699,-1,692,699,694,-1,694,699,700,-1,694,700,705,-1,705,700,701,-1,705,701,707,-1,707,701,702,-1,707,702,614,-1,708,612,709,-1,659,657,710,-1,655,653,711,-1,712,713,714,-1,715,626,716,-1,717,718,719,-1,719,718,715,-1,720,721,713,-1,713,721,722,-1,713,722,714,-1,714,722,723,-1,714,723,724,-1,618,720,645,-1,645,720,713,-1,645,713,647,-1,647,713,712,-1,647,712,649,-1,649,712,651,-1,715,716,719,-1,719,716,725,-1,719,725,726,-1,653,651,711,-1,711,651,712,-1,711,712,727,-1,727,712,714,-1,727,714,728,-1,728,714,724,-1,725,729,726,-1,726,729,730,-1,726,730,731,-1,657,655,710,-1,710,655,711,-1,710,711,732,-1,732,711,727,-1,732,727,733,-1,733,727,728,-1,730,734,731,-1,731,734,735,-1,731,735,736,-1,733,737,732,-1,732,737,738,-1,732,738,710,-1,710,738,739,-1,710,739,659,-1,740,717,741,-1,741,717,719,-1,741,719,742,-1,742,719,726,-1,742,726,743,-1,743,726,731,-1,743,731,744,-1,744,731,736,-1,744,736,745,-1,745,736,709,-1,745,709,612,-1,612,663,739,-1,739,663,661,-1,739,661,659,-1,737,746,738,-1,738,746,747,-1,738,747,739,-1,739,747,612,-1,746,748,747,-1,747,748,612,-1,735,749,736,-1,736,749,750,-1,736,750,709,-1,709,750,751,-1,709,751,708,-1,724,740,728,-1,728,740,741,-1,728,741,733,-1,733,741,742,-1,733,742,737,-1,737,742,743,-1,737,743,746,-1,746,743,744,-1,746,744,748,-1,748,744,745,-1,748,745,612,-1,622,621,752,-1,752,621,683,-1,752,683,753,-1,753,683,684,-1,753,684,754,-1,754,684,685,-1,754,685,755,-1,755,685,686,-1,755,686,756,-1,756,686,669,-1,756,669,757,-1,757,669,668,-1,757,668,758,-1,758,668,666,-1,758,666,759,-1,759,666,665,-1,759,665,760,-1,760,665,704,-1,760,704,761,-1,704,703,761,-1,761,703,614,-1,761,614,615,-1,762,763,674,-1,674,763,764,-1,674,764,616,-1,616,764,765,-1,616,765,617,-1,674,676,762,-1,762,676,675,-1,762,675,766,-1,766,675,697,-1,697,682,766,-1,766,682,681,-1,766,681,767,-1,767,681,680,-1,767,680,768,-1,768,680,679,-1,768,679,769,-1,769,679,678,-1,769,678,770,-1,770,678,621,-1,770,621,620,-1,771,772,715,-1,715,772,773,-1,715,773,626,-1,626,773,774,-1,626,774,627,-1,715,718,771,-1,771,718,717,-1,771,717,775,-1,775,717,740,-1,740,724,775,-1,775,724,723,-1,775,723,776,-1,776,723,722,-1,776,722,777,-1,777,722,721,-1,777,721,778,-1,778,721,720,-1,778,720,779,-1,779,720,618,-1,779,618,619,-1,626,625,716,-1,716,625,780,-1,716,780,725,-1,725,780,781,-1,725,781,729,-1,729,781,782,-1,729,782,730,-1,730,782,783,-1,730,783,734,-1,734,783,784,-1,734,784,735,-1,735,784,785,-1,735,785,749,-1,749,785,786,-1,749,786,750,-1,750,786,787,-1,750,787,751,-1,751,787,788,-1,751,788,708,-1,788,789,708,-1,708,789,613,-1,708,613,612,-1,628,630,790,-1,790,630,791,-1,790,791,792,-1,792,791,793,-1,792,793,794,-1,794,793,795,-1,794,795,796,-1,796,795,797,-1,796,797,798,-1,798,797,799,-1,798,799,800,-1,800,799,801,-1,800,801,802,-1,802,801,803,-1,802,803,804,-1,804,803,805,-1,804,805,806,-1,806,805,807,-1,806,807,808,-1,807,809,808,-1,808,809,615,-1,808,615,613,-1,761,615,810,-1,811,812,615,-1,805,803,813,-1,801,799,814,-1,815,816,817,-1,818,819,820,-1,821,822,823,-1,823,822,622,-1,824,825,826,-1,817,827,828,-1,827,817,829,-1,829,817,816,-1,829,816,830,-1,630,830,791,-1,791,830,816,-1,791,816,793,-1,793,816,815,-1,793,815,795,-1,795,815,797,-1,622,752,823,-1,823,752,753,-1,823,753,831,-1,799,797,814,-1,814,797,815,-1,814,815,832,-1,832,815,817,-1,832,817,824,-1,824,817,828,-1,824,828,825,-1,753,754,831,-1,831,754,755,-1,831,755,833,-1,803,801,813,-1,813,801,814,-1,813,814,834,-1,834,814,832,-1,834,832,835,-1,835,832,824,-1,835,824,836,-1,836,824,826,-1,836,826,837,-1,755,756,833,-1,833,756,757,-1,833,757,838,-1,836,839,835,-1,835,839,840,-1,835,840,834,-1,834,840,841,-1,834,841,813,-1,813,841,842,-1,813,842,805,-1,812,811,843,-1,819,821,820,-1,820,821,823,-1,820,823,844,-1,844,823,831,-1,844,831,845,-1,845,831,833,-1,845,833,846,-1,846,833,838,-1,846,838,847,-1,847,838,810,-1,847,810,615,-1,615,809,842,-1,842,809,807,-1,842,807,805,-1,839,848,840,-1,840,848,849,-1,840,849,841,-1,841,849,850,-1,841,850,842,-1,842,850,615,-1,848,843,849,-1,849,843,811,-1,849,811,850,-1,850,811,615,-1,757,758,838,-1,838,758,759,-1,838,759,810,-1,810,759,760,-1,810,760,761,-1,837,818,836,-1,836,818,820,-1,836,820,839,-1,839,820,844,-1,839,844,848,-1,848,844,845,-1,848,845,843,-1,843,845,846,-1,843,846,812,-1,812,846,847,-1,812,847,615,-1,570,86,620,-1,620,86,85,-1,620,85,770,-1,770,85,851,-1,770,851,769,-1,769,851,852,-1,769,852,768,-1,768,852,853,-1,768,853,767,-1,767,853,854,-1,767,854,766,-1,766,854,855,-1,766,855,762,-1,762,855,856,-1,762,856,763,-1,763,856,857,-1,763,857,764,-1,764,857,858,-1,764,858,765,-1,765,858,859,-1,765,859,617,-1,617,859,643,-1,617,643,581,-1,581,643,583,-1,579,577,636,-1,636,577,627,-1,636,627,860,-1,860,627,774,-1,860,774,861,-1,861,774,773,-1,861,773,862,-1,862,773,772,-1,862,772,863,-1,863,772,771,-1,863,771,864,-1,864,771,775,-1,864,775,865,-1,865,775,776,-1,865,776,866,-1,866,776,777,-1,866,777,867,-1,867,777,778,-1,867,778,868,-1,868,778,779,-1,868,779,641,-1,641,779,619,-1,641,619,20,-1,20,619,21,-1,808,613,869,-1,787,786,870,-1,785,784,871,-1,872,873,874,-1,875,628,790,-1,876,877,878,-1,878,877,875,-1,879,880,873,-1,873,880,881,-1,873,881,874,-1,874,881,882,-1,874,882,883,-1,625,879,780,-1,780,879,873,-1,780,873,781,-1,781,873,872,-1,781,872,782,-1,782,872,783,-1,875,790,878,-1,878,790,792,-1,878,792,884,-1,784,783,871,-1,871,783,872,-1,871,872,885,-1,885,872,874,-1,885,874,886,-1,886,874,883,-1,792,794,884,-1,884,794,796,-1,884,796,887,-1,786,785,870,-1,870,785,871,-1,870,871,888,-1,888,871,885,-1,888,885,889,-1,889,885,886,-1,796,798,887,-1,887,798,800,-1,887,800,890,-1,889,891,888,-1,888,891,892,-1,888,892,870,-1,870,892,893,-1,870,893,787,-1,894,876,895,-1,895,876,878,-1,895,878,896,-1,896,878,884,-1,896,884,897,-1,897,884,887,-1,897,887,898,-1,898,887,890,-1,898,890,899,-1,899,890,869,-1,899,869,613,-1,613,789,893,-1,893,789,788,-1,893,788,787,-1,891,900,892,-1,892,900,901,-1,892,901,893,-1,893,901,613,-1,900,902,901,-1,901,902,613,-1,800,802,890,-1,890,802,804,-1,890,804,869,-1,869,804,806,-1,869,806,808,-1,883,894,886,-1,886,894,895,-1,886,895,889,-1,889,895,896,-1,889,896,891,-1,891,896,897,-1,891,897,900,-1,900,897,898,-1,900,898,902,-1,902,898,899,-1,902,899,613,-1,623,622,903,-1,903,622,822,-1,903,822,904,-1,904,822,821,-1,904,821,905,-1,905,821,819,-1,905,819,906,-1,819,818,906,-1,906,818,837,-1,906,837,907,-1,630,631,830,-1,830,631,908,-1,830,908,829,-1,829,908,909,-1,829,909,827,-1,827,909,910,-1,827,910,828,-1,828,910,911,-1,828,911,825,-1,825,911,907,-1,825,907,826,-1,826,907,837,-1,85,298,851,-1,851,298,912,-1,851,912,852,-1,852,912,913,-1,852,913,853,-1,853,913,914,-1,853,914,854,-1,914,915,854,-1,854,915,916,-1,854,916,855,-1,642,643,917,-1,917,643,859,-1,917,859,918,-1,918,859,858,-1,918,858,919,-1,919,858,857,-1,919,857,920,-1,920,857,856,-1,920,856,921,-1,921,856,855,-1,921,855,922,-1,922,855,916,-1,640,642,923,-1,923,642,924,-1,923,924,925,-1,925,924,926,-1,925,926,927,-1,927,926,928,-1,927,928,929,-1,929,928,930,-1,929,930,931,-1,931,930,932,-1,931,932,933,-1,933,932,934,-1,933,934,935,-1,935,934,936,-1,935,936,937,-1,937,936,938,-1,937,938,939,-1,939,938,940,-1,939,940,941,-1,940,942,941,-1,941,942,586,-1,941,586,590,-1,865,866,943,-1,943,866,867,-1,943,867,640,-1,640,867,868,-1,640,868,641,-1,943,944,865,-1,865,944,945,-1,865,945,864,-1,864,945,946,-1,946,947,864,-1,864,947,948,-1,864,948,863,-1,863,948,949,-1,863,949,862,-1,862,949,950,-1,862,950,861,-1,861,950,951,-1,861,951,860,-1,860,951,637,-1,860,637,636,-1,952,953,875,-1,875,953,954,-1,875,954,628,-1,628,954,955,-1,628,955,629,-1,875,877,952,-1,952,877,876,-1,952,876,956,-1,956,876,894,-1,894,883,956,-1,956,883,882,-1,956,882,957,-1,957,882,881,-1,957,881,958,-1,958,881,880,-1,958,880,959,-1,959,880,879,-1,959,879,960,-1,960,879,625,-1,960,625,624,-1,295,571,296,-1,296,571,623,-1,296,623,961,-1,961,623,903,-1,961,903,962,-1,962,903,904,-1,962,904,963,-1,963,904,905,-1,963,905,964,-1,964,905,906,-1,964,906,965,-1,965,906,907,-1,965,907,966,-1,966,907,911,-1,966,911,967,-1,967,911,910,-1,967,910,968,-1,968,910,909,-1,968,909,969,-1,969,909,908,-1,969,908,633,-1,633,908,631,-1,633,631,573,-1,573,631,575,-1,970,971,972,-1,973,974,975,-1,976,977,978,-1,586,979,980,-1,981,979,586,-1,978,977,586,-1,982,586,977,-1,912,983,913,-1,913,983,984,-1,913,984,914,-1,914,984,915,-1,915,984,985,-1,915,985,916,-1,916,985,922,-1,922,985,986,-1,922,986,921,-1,921,986,920,-1,920,986,987,-1,920,987,919,-1,919,987,918,-1,918,987,988,-1,918,988,917,-1,917,988,924,-1,917,924,642,-1,942,981,586,-1,989,990,976,-1,976,990,991,-1,976,991,977,-1,977,991,992,-1,977,992,982,-1,993,980,994,-1,994,980,979,-1,994,979,995,-1,995,979,981,-1,995,981,996,-1,974,989,975,-1,975,989,976,-1,975,976,997,-1,997,976,978,-1,997,978,998,-1,998,978,586,-1,942,940,981,-1,981,940,938,-1,981,938,996,-1,996,938,936,-1,996,936,934,-1,999,993,1000,-1,1000,993,994,-1,1000,994,1001,-1,1001,994,995,-1,1001,995,1002,-1,1002,995,996,-1,1002,996,1003,-1,1003,996,934,-1,972,999,1004,-1,1004,999,1000,-1,1004,1000,1005,-1,1005,1000,1001,-1,1005,1001,1006,-1,1006,1001,1002,-1,1006,1002,1007,-1,1007,1002,1003,-1,1007,1003,1008,-1,971,973,972,-1,972,973,975,-1,972,975,999,-1,999,975,997,-1,999,997,993,-1,993,997,998,-1,993,998,980,-1,980,998,586,-1,912,298,983,-1,983,298,1009,-1,983,1009,970,-1,934,932,1003,-1,1003,932,930,-1,1003,930,1008,-1,1008,930,928,-1,1008,928,926,-1,970,972,983,-1,983,972,1004,-1,983,1004,984,-1,984,1004,1005,-1,984,1005,985,-1,985,1005,1006,-1,985,1006,986,-1,986,1006,1007,-1,986,1007,987,-1,987,1007,1008,-1,987,1008,988,-1,988,1008,926,-1,988,926,924,-1,929,931,1010,-1,1011,1012,1013,-1,590,1014,1015,-1,1016,1014,590,-1,1013,1012,590,-1,941,590,1012,-1,1017,944,943,-1,944,1017,945,-1,945,1017,1018,-1,945,1018,946,-1,946,1018,1019,-1,946,1019,947,-1,947,1019,1020,-1,947,1020,948,-1,948,1020,949,-1,949,1020,1021,-1,949,1021,950,-1,950,1021,951,-1,951,1021,1022,-1,951,1022,637,-1,1023,1016,590,-1,933,935,1011,-1,1011,935,937,-1,1011,937,1012,-1,1012,937,939,-1,1012,939,941,-1,1024,1015,1025,-1,1025,1015,1014,-1,1025,1014,1026,-1,1026,1014,1016,-1,1026,1016,1027,-1,1023,1028,1016,-1,1016,1028,1029,-1,1016,1029,1027,-1,1027,1029,1030,-1,1027,1030,1031,-1,1010,1024,1032,-1,1032,1024,1025,-1,1032,1025,1033,-1,1033,1025,1026,-1,1033,1026,1034,-1,1034,1026,1027,-1,1034,1027,1035,-1,1035,1027,1031,-1,925,927,1036,-1,1036,927,929,-1,929,1010,1036,-1,1036,1010,1032,-1,1036,1032,1037,-1,1037,1032,1033,-1,1037,1033,1038,-1,1038,1033,1034,-1,1038,1034,1039,-1,1039,1034,1035,-1,1039,1035,1040,-1,931,933,1010,-1,1010,933,1011,-1,1010,1011,1024,-1,1024,1011,1013,-1,1024,1013,1015,-1,1015,1013,590,-1,925,1017,923,-1,923,1017,943,-1,923,943,640,-1,1031,1041,1035,-1,1035,1041,1042,-1,1035,1042,1040,-1,1040,1042,1043,-1,1040,1043,1044,-1,925,1036,1017,-1,1017,1036,1037,-1,1017,1037,1018,-1,1018,1037,1038,-1,1018,1038,1019,-1,1019,1038,1039,-1,1019,1039,1020,-1,1020,1039,1040,-1,1020,1040,1021,-1,1021,1040,1044,-1,1021,1044,1022,-1,576,578,624,-1,624,578,639,-1,624,639,960,-1,960,639,1045,-1,960,1045,959,-1,959,1045,1046,-1,959,1046,958,-1,958,1046,1047,-1,958,1047,957,-1,957,1047,1048,-1,957,1048,956,-1,956,1048,1049,-1,956,1049,952,-1,952,1049,1050,-1,952,1050,953,-1,953,1050,1051,-1,953,1051,954,-1,954,1051,1052,-1,954,1052,955,-1,955,1052,1053,-1,955,1053,629,-1,629,1053,635,-1,629,635,8,-1,8,635,9,-1,966,967,1054,-1,1054,967,968,-1,1054,968,632,-1,632,968,969,-1,632,969,633,-1,1054,1055,966,-1,966,1055,1056,-1,966,1056,965,-1,965,1056,1057,-1,1057,1058,965,-1,965,1058,1059,-1,965,1059,964,-1,964,1059,1060,-1,964,1060,963,-1,963,1060,1061,-1,963,1061,962,-1,962,1061,1062,-1,962,1062,961,-1,961,1062,286,-1,961,286,296,-1,298,286,1009,-1,1009,286,1063,-1,1009,1063,970,-1,970,1063,1064,-1,970,1064,971,-1,971,1064,1065,-1,971,1065,973,-1,973,1065,1066,-1,973,1066,974,-1,974,1066,1067,-1,974,1067,989,-1,989,1067,1068,-1,989,1068,990,-1,990,1068,1069,-1,990,1069,991,-1,991,1069,1070,-1,991,1070,992,-1,992,1070,1071,-1,992,1071,982,-1,1071,1072,982,-1,982,1072,600,-1,982,600,586,-1,638,637,1073,-1,1073,637,1022,-1,1073,1022,1074,-1,1074,1022,1044,-1,1074,1044,1075,-1,1075,1044,1043,-1,1075,1043,1076,-1,1076,1043,1042,-1,1076,1042,1077,-1,1077,1042,1041,-1,1077,1041,1078,-1,1078,1041,1031,-1,1078,1031,1079,-1,1079,1031,1030,-1,1079,1030,1080,-1,1080,1030,1029,-1,1080,1029,1081,-1,1081,1029,1028,-1,1081,1028,1082,-1,1028,1023,1082,-1,1082,1023,590,-1,1082,590,592,-1,639,638,1045,-1,1045,638,1083,-1,1045,1083,1046,-1,1046,1083,1084,-1,1046,1084,1047,-1,1047,1084,1085,-1,1047,1085,1048,-1,1085,1086,1048,-1,1048,1086,1087,-1,1048,1087,1049,-1,634,635,1088,-1,1088,635,1053,-1,1088,1053,1089,-1,1089,1053,1052,-1,1089,1052,1090,-1,1090,1052,1051,-1,1090,1051,1091,-1,1091,1051,1050,-1,1091,1050,1092,-1,1092,1050,1049,-1,1092,1049,1093,-1,1093,1049,1087,-1,1094,1095,1096,-1,1097,1098,1099,-1,600,1100,1101,-1,1102,1100,600,-1,1099,1098,600,-1,1103,600,1098,-1,1104,1055,1054,-1,1055,1104,1056,-1,1056,1104,1105,-1,1056,1105,1057,-1,1057,1105,1106,-1,1057,1106,1058,-1,1058,1106,1107,-1,1058,1107,1059,-1,1059,1107,1060,-1,1060,1107,1108,-1,1060,1108,1061,-1,1061,1108,1062,-1,1062,1108,1063,-1,1062,1063,286,-1,1072,1102,600,-1,1109,1110,1097,-1,1097,1110,1111,-1,1097,1111,1098,-1,1098,1111,1112,-1,1098,1112,1103,-1,1113,1101,1114,-1,1114,1101,1100,-1,1114,1100,1115,-1,1115,1100,1102,-1,1115,1102,1116,-1,1072,1071,1102,-1,1102,1071,1070,-1,1102,1070,1116,-1,1116,1070,1069,-1,1116,1069,1068,-1,1096,1113,1117,-1,1117,1113,1114,-1,1117,1114,1118,-1,1118,1114,1115,-1,1118,1115,1119,-1,1119,1115,1116,-1,1119,1116,1120,-1,1120,1116,1068,-1,1121,1122,1123,-1,1123,1122,1094,-1,1094,1096,1123,-1,1123,1096,1117,-1,1123,1117,1124,-1,1124,1117,1118,-1,1124,1118,1125,-1,1125,1118,1119,-1,1125,1119,1126,-1,1126,1119,1120,-1,1126,1120,1127,-1,1095,1109,1096,-1,1096,1109,1097,-1,1096,1097,1113,-1,1113,1097,1099,-1,1113,1099,1101,-1,1101,1099,600,-1,1121,1104,1128,-1,1128,1104,1054,-1,1128,1054,632,-1,1068,1067,1120,-1,1120,1067,1066,-1,1120,1066,1127,-1,1127,1066,1065,-1,1127,1065,1064,-1,1121,1123,1104,-1,1104,1123,1124,-1,1104,1124,1105,-1,1105,1124,1125,-1,1105,1125,1106,-1,1106,1125,1126,-1,1106,1126,1107,-1,1107,1126,1127,-1,1107,1127,1108,-1,1108,1127,1064,-1,1108,1064,1063,-1,1074,1075,1129,-1,1076,1077,1130,-1,1131,1132,1133,-1,592,1134,1135,-1,1136,1134,592,-1,1133,1132,592,-1,1082,592,1132,-1,1083,1137,1084,-1,1084,1137,1138,-1,1084,1138,1085,-1,1085,1138,1086,-1,1086,1138,1139,-1,1086,1139,1087,-1,1087,1139,1093,-1,1093,1139,1140,-1,1093,1140,1092,-1,1092,1140,1091,-1,1091,1140,1141,-1,1091,1141,1090,-1,1090,1141,1089,-1,1089,1141,1142,-1,1089,1142,1088,-1,1088,1142,1143,-1,1088,1143,634,-1,1144,1136,592,-1,1078,1079,1131,-1,1131,1079,1080,-1,1131,1080,1132,-1,1132,1080,1081,-1,1132,1081,1082,-1,1145,1135,1146,-1,1146,1135,1134,-1,1146,1134,1147,-1,1147,1134,1136,-1,1147,1136,1148,-1,1077,1078,1130,-1,1130,1078,1131,-1,1130,1131,1149,-1,1149,1131,1133,-1,1149,1133,1150,-1,1150,1133,592,-1,1144,1151,1136,-1,1136,1151,1152,-1,1136,1152,1148,-1,1148,1152,1153,-1,1148,1153,1154,-1,1155,1145,1156,-1,1156,1145,1146,-1,1156,1146,1157,-1,1157,1146,1147,-1,1157,1147,1158,-1,1158,1147,1148,-1,1158,1148,1159,-1,1159,1148,1154,-1,1129,1155,1160,-1,1160,1155,1156,-1,1160,1156,1161,-1,1161,1156,1157,-1,1161,1157,1162,-1,1162,1157,1158,-1,1162,1158,1163,-1,1163,1158,1159,-1,1163,1159,1164,-1,1075,1076,1129,-1,1129,1076,1130,-1,1129,1130,1155,-1,1155,1130,1149,-1,1155,1149,1145,-1,1145,1149,1150,-1,1145,1150,1135,-1,1135,1150,592,-1,1083,638,1137,-1,1137,638,1073,-1,1137,1073,1074,-1,1154,1165,1159,-1,1159,1165,1166,-1,1159,1166,1164,-1,1164,1166,1167,-1,1164,1167,1168,-1,1074,1129,1137,-1,1137,1129,1160,-1,1137,1160,1138,-1,1138,1160,1161,-1,1138,1161,1139,-1,1139,1161,1162,-1,1139,1162,1140,-1,1140,1162,1163,-1,1140,1163,1141,-1,1141,1163,1164,-1,1141,1164,1142,-1,1142,1164,1168,-1,1142,1168,1143,-1,632,634,1128,-1,1128,634,1143,-1,1128,1143,1121,-1,1121,1143,1168,-1,1121,1168,1122,-1,1122,1168,1167,-1,1122,1167,1094,-1,1094,1167,1166,-1,1094,1166,1095,-1,1095,1166,1165,-1,1095,1165,1109,-1,1109,1165,1154,-1,1109,1154,1110,-1,1110,1154,1153,-1,1110,1153,1111,-1,1111,1153,1152,-1,1111,1152,1112,-1,1112,1152,1151,-1,1112,1151,1103,-1,1151,1144,1103,-1,1103,1144,592,-1,1103,592,600,-1,
        ]
    }
}
Shape{
    appearance Appearance {
        material  Material 	{
            diffuseColor 0.0 0.0 0.0
            specularColor 0.0 0.0 0.0
            ambientIntensity 0.0
            transparency 0.0
            shininess 0.5
        }
    }
    geometry IndexedFaceSet {
        ccw TRUE
        solid FALSE
        coord DEF co Coordinate {
            point [
                -0.9799 -0.7406 1.378, -0.9799 -0.7406 1.4173, -0.9857 -0.6961 1.378, -0.9857 -0.6961 1.4173, -1.0029 -0.6547 1.378, -1.0029 -0.6547 1.4173, -1.0302 -0.6191 1.378, -1.0302 -0.6191 1.4173, -1.0657 -0.5919 1.378, -1.0657 -0.5919 1.4173, -1.1072 -0.5747 1.378, -1.1072 -0.5747 1.4173, -1.1516 -0.5688 1.378, -1.1516 -0.5688 1.4173, -1.1961 -0.5747 1.378, -1.1961 -0.5747 1.4173, -1.2375 -0.5919 1.378, -1.2375 -0.5919 1.4173, -1.2731 -0.6191 1.378, -1.2731 -0.6191 1.4173, -1.3003 -0.6547 1.378, -1.3003 -0.6547 1.4173, -1.3175 -0.6961 1.378, -1.3175 -0.6961 1.4173, -1.3234 -0.7406 1.378, -1.3234 -0.7406 1.4173, -1.3175 -0.785 1.378, -1.3175 -0.785 1.4173, -1.3003 -0.8265 1.378, -1.3003 -0.8265 1.4173, -1.2731 -0.862 1.378, -1.2731 -0.862 1.4173, -1.2375 -0.8893 1.378, -1.2375 -0.8893 1.4173, -1.1961 -0.9065 1.378, -1.1961 -0.9065 1.4173, -1.1516 -0.9123 1.378, -1.1516 -0.9123 1.4173, -1.1072 -0.9065 1.378, -1.1072 -0.9065 1.4173, -1.0657 -0.8893 1.378, -1.0657 -0.8893 1.4173, -1.0302 -0.862 1.378, -1.0302 -0.862 1.4173, -1.0029 -0.8265 1.378, -1.0029 -0.8265 1.4173, -0.9857 -0.785 1.378, -0.9857 -0.785 1.4173, -1.1516 -0.7406 1.378
            ]
        }
        coordIndex [
            0,1,2,-1,2,1,3,-1,2,3,4,-1,4,3,5,-1,4,5,6,-1,6,5,7,-1,6,7,8,-1,8,7,9,-1,8,9,10,-1,10,9,11,-1,10,11,12,-1,12,11,13,-1,12,13,14,-1,14,13,15,-1,14,15,16,-1,16,15,17,-1,16,17,18,-1,18,17,19,-1,18,19,20,-1,20,19,21,-1,20,21,22,-1,22,21,23,-1,22,23,24,-1,24,23,25,-1,24,25,26,-1,26,25,27,-1,26,27,28,-1,28,27,29,-1,28,29,30,-1,30,29,31,-1,30,31,32,-1,32,31,33,-1,32,33,34,-1,34,33,35,-1,34,35,36,-1,36,35,37,-1,36,37,38,-1,38,37,39,-1,38,39,40,-1,40,39,41,-1,40,41,42,-1,42,41,43,-1,42,43,44,-1,44,43,45,-1,44,45,46,-1,46,45,47,-1,46,47,0,-1,0,47,1,-1,44,46,48,-1,48,46,0,-1,48,0,2,-1,38,40,48,-1,48,40,42,-1,48,42,44,-1,32,34,48,-1,48,34,36,-1,48,36,38,-1,26,28,48,-1,48,28,30,-1,48,30,32,-1,20,22,48,-1,48,22,24,-1,48,24,26,-1,14,16,48,-1,48,16,18,-1,48,18,20,-1,8,10,48,-1,48,10,12,-1,48,12,14,-1,2,4,48,-1,48,4,6,-1,48,6,8,-1,
        ]
    }
}
Shape{
    appearance Appearance {
        material  Material 	{
            diffuseColor 1.0 1.0 1.0
            specularColor 0.5019607843137255 0.5019607843137255 0.5019607843137255
            ambientIntensity 1.0
            transparency 0.0
            shininess 0.5
        }
    }
    geometry IndexedFaceSet {
        ccw TRUE
        solid FALSE
        coord DEF co Coordinate {
            point [
                1.6816 0.082 1.1486, 1.6835 0.082 1.135, 1.6815 0.082 1.1486, 1.6834 0.082 1.135, 1.6816 0.0342 1.1486, 1.6815 0.0342 1.1486, 1.6668 0.0342 1.254, 1.6667 0.0342 1.2539, 1.6668 0.0187 1.254, 1.6667 0.0187 1.2539, 1.6835 0.0187 1.135, 1.6834 0.0187 1.135, 1.6827 0.1769 1.1399, 1.6828 0.1769 1.1399, 1.6829 0.1748 1.1389, 1.6838 0.1436 1.133, 1.6837 0.1436 1.133, 1.6835 0.1619 1.1347, 1.6835 0.1619 1.1347, 1.683 0.1717 1.1379, 1.6829 0.1748 1.1389, 1.6807 0.1769 1.1547, 1.6807 0.1769 1.1546, 1.681 0.1717 1.1524, 1.6814 0.1651 1.1494, 1.6814 0.1651 1.1494, 1.6818 0.1515 1.1469, 1.6818 0.1515 1.1469, 1.6818 0.1459 1.1467, 1.6818 0.1459 1.1467, 1.6816 0.1337 1.1482, 1.6816 0.1337 1.1482, 1.6811 0.1251 1.1514, 1.6812 0.1251 1.1514, 1.6803 0.1173 1.157, 1.6804 0.1173 1.157, 1.68 0.115 1.1592, 1.6801 0.115 1.1592, 1.6789 0.1091 1.1673, 1.6789 0.1091 1.1673, 1.6776 0.1053 1.1768, 1.6776 0.1053 1.1768, 1.6759 0.1033 1.1887, 1.6759 0.1033 1.1887, 1.6753 0.1032 1.1931, 1.6753 0.1032 1.1931, 1.6731 0.1049 1.2082, 1.6732 0.1049 1.2082, 1.6717 0.1087 1.2188, 1.6717 0.1087 1.2188, 1.6705 0.1143 1.2272, 1.6705 0.1143 1.2272, 1.6702 0.1158 1.2289, 1.6703 0.1158 1.2289, 1.6693 0.124 1.2356, 1.6693 0.124 1.2356, 1.6687 0.1335 1.2399, 1.6687 0.1335 1.2399, 1.6684 0.1439 1.2419, 1.6684 0.1439 1.2419, 1.6684 0.1486 1.2421, 1.6684 0.1486 1.2421, 1.6694 0.1769 1.235, 1.6694 0.1769 1.235, 1.6693 0.1755 1.2358, 1.6686 0.1633 1.2403, 1.6687 0.1633 1.2403, 1.6691 0.1717 1.2372, 1.6693 0.1755 1.2357, 1.6672 0.1769 1.2511, 1.6671 0.1769 1.2511, 1.6664 0.1484 1.256, 1.6665 0.1484 1.256, 1.6665 0.1488 1.256, 1.6669 0.1717 1.2526, 1.6667 0.1644 1.2547, 1.6666 0.1644 1.2547, 1.6666 0.1611 1.2549, 1.6664 0.1488 1.256, 1.6666 0.1402 1.2549, 1.6668 0.1308 1.2538, 1.6667 0.1308 1.2538, 1.6674 0.1183 1.2489, 1.6675 0.1183 1.249, 1.6685 0.1071 1.2411, 1.6686 0.1071 1.2411, 1.6689 0.1043 1.2384, 1.6689 0.1043 1.2384, 1.6705 0.0956 1.2272, 1.6705 0.0956 1.2272, 1.6715 0.0923 1.2196, 1.6724 0.0899 1.214, 1.6723 0.0899 1.2139, 1.6745 0.0871 1.1984, 1.6746 0.0871 1.1984, 1.6754 0.0869 1.1922, 1.6754 0.0869 1.1922, 1.6779 0.0889 1.1745, 1.6779 0.0889 1.1745, 1.6792 0.0923 1.1651, 1.6797 0.0935 1.1617, 1.6797 0.0935 1.1617, 1.6811 0.1005 1.1513, 1.6812 0.1005 1.1513, 1.6814 0.1023 1.1492, 1.6815 0.1023 1.1492, 1.6825 0.112 1.1413, 1.6826 0.112 1.1413, 1.6833 0.1234 1.136, 1.6833 0.1234 1.136, 1.6837 0.1364 1.1333, 1.6837 0.1364 1.1333, 1.6816 0.2655 1.1486, 1.6835 0.2655 1.135, 1.6815 0.2655 1.1486, 1.6834 0.2655 1.135, 1.6815 0.2164 1.1486, 1.6816 0.2164 1.1486, 1.6815 0.2488 1.1486, 1.6759 0.2164 1.1886, 1.6759 0.2164 1.1886, 1.6759 0.2594 1.1886, 1.6759 0.2594 1.1886, 1.6759 0.2488 1.1886, 1.674 0.2594 1.2022, 1.674 0.2594 1.2022, 1.674 0.2164 1.2022, 1.674 0.2164 1.2022, 1.674 0.2488 1.2022, 1.6687 0.2164 1.2403, 1.6686 0.2164 1.2403, 1.6686 0.2628 1.2403, 1.6687 0.2628 1.2403, 1.6686 0.2488 1.2403, 1.6668 0.2628 1.254, 1.6667 0.2628 1.2539, 1.6667 0.2009 1.2539, 1.6668 0.2009 1.254, 1.6667 0.2488 1.2539, 1.6835 0.2009 1.135, 1.6834 0.2009 1.135, 1.6834 0.2488 1.135, 1.676 0.3693 1.1881, 1.676 0.3856 1.1885, 1.675 0.3697 1.1956, 1.6749 0.386 1.196, 1.673 0.3682 1.2093, 1.6726 0.3839 1.2126, 1.6718 0.365 1.2183, 1.671 0.3794 1.2239, 1.6708 0.3604 1.2251, 1.6695 0.372 1.2342, 1.6702 0.3565 1.2291, 1.669 0.3679 1.2382, 1.6694 0.3477 1.2349, 1.6678 0.3553 1.2467, 1.6689 0.3373 1.2386, 1.667 0.3408 1.2519, 1.6687 0.3218 1.2403, 1.6668 0.3224 1.254, 1.6687 0.3037 1.2403, 1.6668 0.2882 1.254, 1.6816 0.3037 1.1486, 1.6835 0.2882 1.135, 1.6816 0.3211 1.1486, 1.6835 0.3212 1.135, 1.6813 0.3364 1.1502, 1.6832 0.34 1.1371, 1.6808 0.3467 1.1538, 1.6825 0.354 1.1421, 1.6801 0.3546 1.159, 1.6814 0.3657 1.1498, 1.6798 0.3568 1.161, 1.6811 0.3679 1.1517, 1.6788 0.3628 1.1683, 1.6796 0.3768 1.1622, 1.6775 0.3669 1.1772, 1.6779 0.3827 1.1746, 1.6834 0.3212 1.135, 1.6834 0.2882 1.135, 1.6831 0.34 1.1371, 1.6824 0.354 1.1421, 1.6814 0.3657 1.1498, 1.6811 0.3679 1.1517, 1.6796 0.3768 1.1622, 1.6779 0.3827 1.1745, 1.6759 0.3856 1.1885, 1.6749 0.386 1.196, 1.6725 0.3839 1.2126, 1.6709 0.3794 1.2239, 1.6695 0.372 1.2342, 1.6689 0.3679 1.2382, 1.6677 0.3553 1.2467, 1.667 0.3408 1.2519, 1.6667 0.3224 1.2539, 1.6667 0.2882 1.2539, 1.6686 0.3218 1.2403, 1.6686 0.3037 1.2403, 1.6815 0.3037 1.1486, 1.6815 0.3211 1.1486, 1.6798 0.3568 1.161, 1.6801 0.3546 1.159, 1.6808 0.3467 1.1538, 1.6813 0.3364 1.1502, 1.6749 0.3697 1.1956, 1.676 0.3693 1.188, 1.6775 0.3669 1.1771, 1.6787 0.3628 1.1683, 1.6702 0.3565 1.2291, 1.6708 0.3604 1.2251, 1.6717 0.365 1.2183, 1.673 0.3682 1.2093, 1.6689 0.3373 1.2386, 1.6694 0.3477 1.2348
            ]
        }
        coordIndex [
            0,1,2,-1,2,1,3,-1,4,0,5,-1,5,0,2,-1,6,4,7,-1,7,4,5,-1,8,6,9,-1,9,6,7,-1,10,8,11,-1,11,8,9,-1,1,10,3,-1,3,10,11,-1,6,8,4,-1,4,8,10,-1,4,10,0,-1,0,10,1,-1,12,13,14,-1,15,16,17,-1,15,17,18,-1,18,17,19,-1,18,19,14,-1,14,19,20,-1,14,20,12,-1,21,13,22,-1,22,13,12,-1,21,22,23,-1,21,23,24,-1,23,25,24,-1,24,25,26,-1,24,26,27,-1,27,26,28,-1,27,28,29,-1,29,28,30,-1,29,30,31,-1,31,30,32,-1,31,32,33,-1,33,32,34,-1,33,34,35,-1,35,34,36,-1,35,36,37,-1,37,36,38,-1,37,38,39,-1,39,38,40,-1,39,40,41,-1,41,40,42,-1,41,42,43,-1,43,42,44,-1,43,44,45,-1,45,44,46,-1,45,46,47,-1,47,46,48,-1,47,48,49,-1,49,48,50,-1,49,50,51,-1,51,50,52,-1,51,52,53,-1,53,52,54,-1,53,54,55,-1,55,54,56,-1,55,56,57,-1,57,56,58,-1,57,58,59,-1,59,58,60,-1,59,60,61,-1,62,63,64,-1,61,60,65,-1,61,65,66,-1,66,65,67,-1,66,67,64,-1,64,67,68,-1,64,68,62,-1,69,63,70,-1,70,63,62,-1,71,72,73,-1,69,70,74,-1,69,74,75,-1,74,76,75,-1,75,76,77,-1,75,77,73,-1,73,77,78,-1,73,78,71,-1,72,71,79,-1,72,79,80,-1,79,81,80,-1,80,81,82,-1,80,82,83,-1,83,82,84,-1,83,84,85,-1,85,84,86,-1,85,86,87,-1,87,86,88,-1,87,88,89,-1,89,88,90,-1,89,90,91,-1,90,92,91,-1,91,92,93,-1,91,93,94,-1,94,93,95,-1,94,95,96,-1,96,95,97,-1,96,97,98,-1,98,97,99,-1,98,99,100,-1,99,101,100,-1,100,101,102,-1,100,102,103,-1,103,102,104,-1,103,104,105,-1,105,104,106,-1,105,106,107,-1,107,106,108,-1,107,108,109,-1,109,108,110,-1,109,110,111,-1,111,110,16,-1,111,16,15,-1,64,63,69,-1,47,49,89,-1,64,69,66,-1,66,69,75,-1,66,75,61,-1,61,75,73,-1,61,73,59,-1,59,73,72,-1,59,72,57,-1,57,72,80,-1,57,80,55,-1,13,21,14,-1,14,21,24,-1,14,24,18,-1,18,24,27,-1,18,27,15,-1,15,27,29,-1,15,29,111,-1,111,29,31,-1,111,31,109,-1,109,31,33,-1,109,33,107,-1,107,33,35,-1,107,35,105,-1,105,35,37,-1,105,37,103,-1,103,37,39,-1,103,39,100,-1,89,49,87,-1,80,83,55,-1,55,83,85,-1,55,85,53,-1,53,85,87,-1,53,87,51,-1,51,87,49,-1,96,45,94,-1,94,45,47,-1,94,47,91,-1,91,47,89,-1,100,39,98,-1,98,39,41,-1,98,41,96,-1,96,41,43,-1,96,43,45,-1,112,113,114,-1,114,113,115,-1,116,117,118,-1,118,117,112,-1,118,112,114,-1,119,117,120,-1,120,117,116,-1,121,122,123,-1,123,122,119,-1,123,119,120,-1,124,122,125,-1,125,122,121,-1,126,127,128,-1,128,127,124,-1,128,124,125,-1,129,127,130,-1,130,127,126,-1,131,132,133,-1,133,132,129,-1,133,129,130,-1,134,132,135,-1,135,132,131,-1,136,137,138,-1,138,137,134,-1,138,134,135,-1,139,137,140,-1,140,137,136,-1,115,113,141,-1,141,113,139,-1,141,139,140,-1,139,113,112,-1,112,117,139,-1,139,117,119,-1,139,119,137,-1,132,134,129,-1,129,134,137,-1,129,137,127,-1,127,137,119,-1,127,119,124,-1,124,119,122,-1,142,143,144,-1,144,143,145,-1,144,145,146,-1,146,145,147,-1,146,147,148,-1,148,147,149,-1,148,149,150,-1,150,149,151,-1,150,151,152,-1,152,151,153,-1,152,153,154,-1,154,153,155,-1,154,155,156,-1,156,155,157,-1,156,157,158,-1,158,157,159,-1,158,159,160,-1,160,159,161,-1,160,161,162,-1,162,161,163,-1,162,163,164,-1,164,163,165,-1,164,165,166,-1,166,165,167,-1,166,167,168,-1,168,167,169,-1,168,169,170,-1,170,169,171,-1,170,171,172,-1,172,171,173,-1,172,173,174,-1,174,173,175,-1,174,175,176,-1,176,175,177,-1,176,177,142,-1,142,177,143,-1,165,163,178,-1,178,163,179,-1,165,178,180,-1,165,180,167,-1,167,180,181,-1,167,181,169,-1,169,181,182,-1,169,182,171,-1,171,182,183,-1,171,183,173,-1,173,183,184,-1,173,184,175,-1,175,184,185,-1,175,185,177,-1,177,185,186,-1,177,186,143,-1,143,186,187,-1,143,187,145,-1,145,187,188,-1,145,188,147,-1,147,188,189,-1,147,189,149,-1,149,189,190,-1,149,190,151,-1,151,190,191,-1,151,191,153,-1,153,191,192,-1,153,192,155,-1,155,192,193,-1,155,193,157,-1,157,193,194,-1,157,194,159,-1,161,159,195,-1,195,159,194,-1,163,161,179,-1,179,161,195,-1,158,160,196,-1,196,160,197,-1,160,162,197,-1,197,162,198,-1,162,164,198,-1,198,164,199,-1,172,200,201,-1,172,201,170,-1,170,201,202,-1,170,202,168,-1,168,202,203,-1,168,203,166,-1,166,203,199,-1,166,199,164,-1,144,204,205,-1,144,205,142,-1,142,205,206,-1,142,206,176,-1,176,206,207,-1,176,207,174,-1,174,207,200,-1,174,200,172,-1,152,208,209,-1,152,209,150,-1,150,209,210,-1,150,210,148,-1,148,210,211,-1,148,211,146,-1,146,211,204,-1,146,204,144,-1,158,196,212,-1,158,212,156,-1,156,212,213,-1,156,213,154,-1,154,213,208,-1,154,208,152,-1,
        ]
    }
}
Shape{
    appearance Appearance {
        material  Material 	{
            diffuseColor 0.2235294117647059 0.2235294117647059 0.2235294117647059
            specularColor 0.11372549019607843 0.11372549019607843 0.11372549019607843
            ambientIntensity 0.2235
            transparency 0.0
            shininess 0.5
        }
    }
    geometry IndexedFaceSet {
        ccw TRUE
        solid FALSE
        coord DEF co Coordinate {
            point [
                1.6686 0.3037 1.2403, 1.6815 0.3037 1.1486, 1.6686 0.3218 1.2403, 1.6815 0.3211 1.1486, 1.6813 0.3364 1.1502, 1.6808 0.3467 1.1538, 1.6801 0.3546 1.159, 1.6798 0.3568 1.161, 1.6787 0.3628 1.1683, 1.6775 0.3669 1.1771, 1.676 0.3693 1.188, 1.6749 0.3697 1.1956, 1.673 0.3682 1.2093, 1.6717 0.365 1.2183, 1.6708 0.3604 1.2251, 1.6702 0.3565 1.2291, 1.6689 0.3373 1.2386, 1.6694 0.3477 1.2348
            ]
        }
        coordIndex [
            0,1,2,-1,2,1,3,-1,2,3,4,-1,4,5,2,-1,2,5,6,-1,2,6,7,-1,7,8,2,-1,2,8,9,-1,2,9,10,-1,10,11,2,-1,2,11,12,-1,2,12,13,-1,13,14,2,-1,2,14,15,-1,2,15,16,-1,16,15,17,-1,
        ]
    }
}
Shape{
    appearance Appearance {
        material  Material 	{
            diffuseColor 1.0 1.0 1.0
            specularColor 0.5019607843137255 0.5019607843137255 0.5019607843137255
            ambientIntensity 1.0
            transparency 0.0
            shininess 0.5
        }
    }
    geometry IndexedFaceSet {
        ccw TRUE
        solid FALSE
        coord DEF co Coordinate {
            point [
                1.677 0.4262 1.181, 1.6789 0.4213 1.1675, 1.677 0.4665 1.181, 1.6789 0.4713 1.1675, 1.6701 0.4442 1.2304, 1.6668 0.4384 1.254, 1.6835 0.3926 1.135, 1.6835 0.4098 1.135, 1.6696 0.4452 1.234, 1.6689 0.4461 1.2387, 1.6668 0.455 1.254, 1.6689 0.4465 1.2387, 1.6696 0.4475 1.2337, 1.6701 0.4484 1.2304, 1.6835 0.5007 1.135, 1.6835 0.4836 1.135, 1.6667 0.455 1.2539, 1.6834 0.5007 1.135, 1.6667 0.4384 1.2539, 1.6834 0.3926 1.135, 1.6708 0.4272 1.225, 1.6834 0.4098 1.135, 1.6789 0.4213 1.1675, 1.6789 0.4713 1.1675, 1.6789 0.4272 1.1675, 1.6834 0.4836 1.135, 1.677 0.4262 1.181, 1.677 0.4665 1.181, 1.67 0.4484 1.2304, 1.6689 0.4465 1.2387, 1.6696 0.4475 1.2337, 1.6689 0.4461 1.2387, 1.67 0.4442 1.2304, 1.6695 0.4452 1.234
            ]
        }
        coordIndex [
            0,1,2,-1,2,1,3,-1,4,5,0,-1,0,5,6,-1,0,6,1,-1,1,6,7,-1,4,8,5,-1,5,8,9,-1,5,9,10,-1,10,9,11,-1,10,11,12,-1,12,13,10,-1,10,13,2,-1,10,2,14,-1,14,2,3,-1,14,3,15,-1,10,14,16,-1,16,14,17,-1,5,10,18,-1,18,10,16,-1,19,6,20,-1,20,6,5,-1,20,5,18,-1,7,6,21,-1,21,6,19,-1,1,7,22,-1,22,7,21,-1,23,3,24,-1,24,3,1,-1,24,1,22,-1,15,3,25,-1,25,3,23,-1,14,15,17,-1,17,15,25,-1,0,2,26,-1,26,2,27,-1,2,13,27,-1,27,13,28,-1,11,29,30,-1,11,30,12,-1,12,30,28,-1,12,28,13,-1,11,9,29,-1,29,9,31,-1,4,32,33,-1,4,33,8,-1,8,33,31,-1,8,31,9,-1,4,0,32,-1,32,0,26,-1,
        ]
    }
}
Shape{
    appearance Appearance {
        material  Material 	{
            diffuseColor 0.2235294117647059 0.2235294117647059 0.2235294117647059
            specularColor 0.11372549019607843 0.11372549019607843 0.11372549019607843
            ambientIntensity 0.2235
            transparency 0.0
            shininess 0.5
        }
    }
    geometry IndexedFaceSet {
        ccw TRUE
        solid FALSE
        coord DEF co Coordinate {
            point [
                1.6689 0.4465 1.2387, 1.6689 0.4461 1.2387, 1.6696 0.4475 1.2337, 1.6695 0.4452 1.234, 1.67 0.4484 1.2304, 1.67 0.4442 1.2304, 1.677 0.4665 1.181, 1.677 0.4262 1.181
            ]
        }
        coordIndex [
            0,1,2,-1,2,1,3,-1,2,3,4,-1,4,3,5,-1,4,5,6,-1,6,5,7,-1,
        ]
    }
}
Shape{
    appearance Appearance {
        material  Material 	{
            diffuseColor 1.0 1.0 1.0
            specularColor 0.5019607843137255 0.5019607843137255 0.5019607843137255
            ambientIntensity 1.0
            transparency 0.0
            shininess 0.5
        }
    }
    geometry IndexedFaceSet {
        ccw TRUE
        solid FALSE
        coord DEF co Coordinate {
            point [
                1.7081 0.0833 0.9599, 1.71 0.0833 0.9463, 1.708 0.0833 0.9599, 1.7099 0.0833 0.9463, 1.7081 0.0342 0.9599, 1.708 0.0342 0.9599, 1.7025 0.0342 0.9999, 1.7024 0.0342 0.9999, 1.7025 0.0771 0.9999, 1.7024 0.0771 0.9999, 1.7005 0.0771 1.0135, 1.7005 0.0771 1.0135, 1.7005 0.0342 1.0135, 1.7005 0.0342 1.0135, 1.6952 0.0342 1.0516, 1.6952 0.0342 1.0516, 1.6952 0.0805 1.0516, 1.6952 0.0805 1.0516, 1.6933 0.0805 1.0653, 1.6932 0.0805 1.0653, 1.6933 0.0187 1.0653, 1.6932 0.0187 1.0653, 1.71 0.0187 0.9463, 1.7099 0.0187 0.9463, 1.7081 0.1512 0.9595, 1.7081 0.1516 0.9595, 1.7062 0.1506 0.9733, 1.7053 0.1515 0.9799, 1.7023 0.1666 1.001, 1.7051 0.1516 0.9808, 1.704 0.1516 0.989, 1.71 0.1516 0.9463, 1.71 0.1666 0.9463, 1.7075 0.1143 0.9642, 1.709 0.1028 0.9533, 1.7078 0.116 0.9617, 1.7093 0.105 0.951, 1.708 0.1173 0.9604, 1.7098 0.1096 0.9478, 1.7083 0.1203 0.9584, 1.7101 0.1152 0.9455, 1.7085 0.1237 0.9571, 1.7103 0.1222 0.9444, 1.7086 0.1288 0.9566, 1.7033 0.1148 0.994, 1.7049 0.119 0.9826, 1.7047 0.1226 0.9843, 1.707 0.1484 0.9679, 1.7076 0.1451 0.9635, 1.7088 0.1477 0.9545, 1.7078 0.1433 0.9617, 1.7095 0.1428 0.9498, 1.7082 0.1391 0.9589, 1.7098 0.1392 0.9476, 1.7085 0.1345 0.9572, 1.7101 0.1332 0.9453, 1.7103 0.1249 0.9443, 1.7029 0.1261 0.9968, 1.7044 0.1315 0.9863, 1.7024 0.1516 1.0003, 1.6989 0.1061 1.0253, 1.7009 0.1061 1.0109, 1.6986 0.109 1.027, 1.7 0.1165 1.0174, 1.698 0.1202 1.0314, 1.6996 0.126 1.0204, 1.6978 0.1356 1.0332, 1.6995 0.1342 1.0211, 1.6979 0.1445 1.0324, 1.6996 0.1398 1.0205, 1.6982 0.1509 1.0306, 1.6997 0.1431 1.0192, 1.6985 0.1559 1.0277, 1.7 0.1457 1.0174, 1.6991 0.1599 1.024, 1.7003 0.148 1.015, 1.6997 0.163 1.0192, 1.7008 0.1497 1.0118, 1.7007 0.1654 1.0125, 1.7016 0.1512 1.0062, 1.7063 0.1131 0.9727, 1.7065 0.0977 0.9709, 1.7066 0.1129 0.9703, 1.7068 0.0977 0.9691, 1.7071 0.1133 0.9669, 1.7077 0.0983 0.9627, 1.7084 0.1001 0.9575, 1.7051 0.1169 0.9811, 1.7037 0.1083 0.9908, 1.7054 0.1151 0.9788, 1.7043 0.1037 0.9868, 1.7058 0.1138 0.9761, 1.7049 0.1007 0.9825, 1.7056 0.0987 0.9773, 1.6977 0.1356 1.0332, 1.698 0.1202 1.0313, 1.6986 0.109 1.027, 1.6988 0.1061 1.0253, 1.7009 0.1061 1.0108, 1.7 0.1165 1.0173, 1.6995 0.126 1.0203, 1.6994 0.1342 1.0211, 1.6995 0.1398 1.0205, 1.6997 0.1431 1.0192, 1.7 0.1457 1.0174, 1.7003 0.148 1.015, 1.7007 0.1497 1.0118, 1.7015 0.1512 1.0062, 1.7024 0.1516 1.0003, 1.7029 0.1261 0.9968, 1.7032 0.1148 0.994, 1.7037 0.1083 0.9908, 1.7043 0.1037 0.9868, 1.7049 0.1007 0.9825, 1.7056 0.0987 0.9773, 1.7065 0.0977 0.9708, 1.7068 0.0977 0.9691, 1.7077 0.0983 0.9626, 1.7084 0.1001 0.9575, 1.709 0.1028 0.9533, 1.7093 0.105 0.951, 1.7102 0.1249 0.9443, 1.7097 0.1096 0.9478, 1.7101 0.1152 0.9455, 1.7101 0.1165 0.9453, 1.7102 0.1222 0.9444, 1.7101 0.1332 0.9453, 1.7101 0.1333 0.9453, 1.7098 0.1392 0.9476, 1.7095 0.1428 0.9498, 1.7088 0.1477 0.9545, 1.7081 0.1512 0.9595, 1.7081 0.1516 0.9595, 1.7099 0.1516 0.9463, 1.7099 0.1666 0.9463, 1.7023 0.1666 1.001, 1.7007 0.1654 1.0125, 1.6997 0.163 1.0192, 1.699 0.1599 1.024, 1.6985 0.1559 1.0277, 1.6981 0.1509 1.0306, 1.6978 0.1445 1.0324, 1.7051 0.1169 0.9811, 1.7049 0.119 0.9826, 1.7046 0.1226 0.9843, 1.7043 0.1315 0.9863, 1.7066 0.1129 0.9703, 1.7062 0.1131 0.9727, 1.7058 0.1138 0.9761, 1.7054 0.1151 0.9788, 1.708 0.1173 0.9604, 1.7078 0.116 0.9616, 1.7074 0.1143 0.9642, 1.7071 0.1133 0.9669, 1.7085 0.1288 0.9565, 1.7084 0.1237 0.9571, 1.7083 0.1203 0.9583, 1.7075 0.1451 0.9635, 1.7078 0.1433 0.9617, 1.7082 0.1391 0.9589, 1.7084 0.1345 0.9572, 1.7051 0.1516 0.9808, 1.7052 0.1515 0.9799, 1.7062 0.1506 0.9732, 1.7069 0.1484 0.9679, 1.704 0.1516 0.989
            ]
        }
        coordIndex [
            0,1,2,-1,2,1,3,-1,4,0,5,-1,5,0,2,-1,6,4,7,-1,7,4,5,-1,8,6,9,-1,9,6,7,-1,10,8,11,-1,11,8,9,-1,12,10,13,-1,13,10,11,-1,14,12,15,-1,15,12,13,-1,16,14,17,-1,17,14,15,-1,18,16,19,-1,19,16,17,-1,20,18,21,-1,21,18,19,-1,22,20,23,-1,23,20,21,-1,1,22,3,-1,3,22,23,-1,22,1,0,-1,0,4,22,-1,22,4,6,-1,22,6,20,-1,16,18,14,-1,14,18,20,-1,14,20,12,-1,12,20,6,-1,12,6,10,-1,10,6,8,-1,24,25,26,-1,27,28,29,-1,29,28,30,-1,31,32,25,-1,25,32,28,-1,25,28,26,-1,26,28,27,-1,33,34,35,-1,35,34,36,-1,35,36,37,-1,37,36,38,-1,37,38,39,-1,39,38,40,-1,39,40,41,-1,41,40,42,-1,41,42,43,-1,44,45,46,-1,26,47,24,-1,24,47,48,-1,24,48,49,-1,49,48,50,-1,49,50,51,-1,51,50,52,-1,51,52,53,-1,53,52,54,-1,53,54,55,-1,55,54,43,-1,55,43,56,-1,56,43,42,-1,44,46,57,-1,57,46,58,-1,57,58,59,-1,60,61,62,-1,62,61,63,-1,62,63,64,-1,64,63,65,-1,64,65,66,-1,66,65,67,-1,66,67,68,-1,68,67,69,-1,68,69,70,-1,70,69,71,-1,70,71,72,-1,72,71,73,-1,72,73,74,-1,74,73,75,-1,74,75,76,-1,76,75,77,-1,76,77,78,-1,78,77,79,-1,78,79,28,-1,28,79,59,-1,28,59,30,-1,30,59,58,-1,80,81,82,-1,82,81,83,-1,82,83,84,-1,84,83,85,-1,84,85,33,-1,33,85,86,-1,33,86,34,-1,45,44,87,-1,87,44,88,-1,87,88,89,-1,89,88,90,-1,89,90,91,-1,91,90,92,-1,91,92,80,-1,80,92,93,-1,80,93,81,-1,66,94,95,-1,66,95,64,-1,64,95,96,-1,64,96,62,-1,62,96,97,-1,62,97,60,-1,61,60,98,-1,98,60,97,-1,61,98,99,-1,61,99,63,-1,63,99,100,-1,63,100,65,-1,65,100,101,-1,65,101,67,-1,67,101,102,-1,67,102,69,-1,69,102,103,-1,69,103,71,-1,71,103,104,-1,71,104,73,-1,73,104,105,-1,73,105,75,-1,75,105,106,-1,75,106,77,-1,77,106,107,-1,77,107,79,-1,79,107,108,-1,79,108,59,-1,57,59,109,-1,109,59,108,-1,57,109,110,-1,57,110,44,-1,44,110,111,-1,44,111,88,-1,88,111,112,-1,88,112,90,-1,90,112,113,-1,90,113,92,-1,92,113,114,-1,92,114,93,-1,93,114,115,-1,93,115,81,-1,81,115,116,-1,81,116,83,-1,83,116,117,-1,83,117,85,-1,85,117,118,-1,85,118,86,-1,86,118,119,-1,86,119,34,-1,34,119,120,-1,34,120,36,-1,121,56,42,-1,36,120,122,-1,36,122,38,-1,38,122,123,-1,38,123,40,-1,40,123,124,-1,40,124,42,-1,42,124,125,-1,42,125,121,-1,56,121,126,-1,56,126,55,-1,55,126,127,-1,55,127,53,-1,127,128,53,-1,53,128,129,-1,53,129,51,-1,51,129,130,-1,51,130,49,-1,49,130,131,-1,49,131,24,-1,25,24,132,-1,132,24,131,-1,31,25,133,-1,133,25,132,-1,32,31,134,-1,134,31,133,-1,28,32,135,-1,135,32,134,-1,28,135,136,-1,28,136,78,-1,78,136,137,-1,78,137,76,-1,76,137,138,-1,76,138,74,-1,74,138,139,-1,74,139,72,-1,72,139,140,-1,72,140,70,-1,70,140,141,-1,70,141,68,-1,68,141,94,-1,68,94,66,-1,87,142,143,-1,87,143,45,-1,45,143,144,-1,45,144,46,-1,46,144,145,-1,46,145,58,-1,82,146,147,-1,82,147,80,-1,80,147,148,-1,80,148,91,-1,91,148,149,-1,91,149,89,-1,89,149,142,-1,89,142,87,-1,37,150,151,-1,37,151,35,-1,35,151,152,-1,35,152,33,-1,33,152,153,-1,33,153,84,-1,84,153,146,-1,84,146,82,-1,43,154,155,-1,43,155,41,-1,41,155,156,-1,41,156,39,-1,39,156,150,-1,39,150,37,-1,48,157,158,-1,48,158,50,-1,50,158,159,-1,50,159,52,-1,52,159,160,-1,52,160,54,-1,54,160,154,-1,54,154,43,-1,29,161,162,-1,29,162,27,-1,27,162,163,-1,27,163,26,-1,26,163,164,-1,26,164,47,-1,47,164,157,-1,47,157,48,-1,29,30,161,-1,161,30,165,-1,30,58,165,-1,165,58,145,-1,
        ]
    }
}
Shape{
    appearance Appearance {
        material  Material 	{
            diffuseColor 0.2235294117647059 0.2235294117647059 0.2235294117647059
            specularColor 0.11372549019607843 0.11372549019607843 0.11372549019607843
            ambientIntensity 0.2235
            transparency 0.0
            shininess 0.5
        }
    }
    geometry IndexedFaceSet {
        ccw TRUE
        solid FALSE
        coord DEF co Coordinate {
            point [
                1.704 0.1516 0.989, 1.7043 0.1315 0.9863, 1.7051 0.1516 0.9808, 1.7046 0.1226 0.9843, 1.7049 0.119 0.9826, 1.7051 0.1169 0.9811, 1.7052 0.1515 0.9799, 1.7062 0.1506 0.9732, 1.7054 0.1151 0.9788, 1.7069 0.1484 0.9679, 1.7078 0.116 0.9616, 1.708 0.1173 0.9604, 1.7078 0.1433 0.9617, 1.7074 0.1143 0.9642, 1.7082 0.1391 0.9589, 1.7084 0.1345 0.9572, 1.7085 0.1288 0.9565, 1.7058 0.1138 0.9761, 1.7062 0.1131 0.9727, 1.7075 0.1451 0.9635, 1.7066 0.1129 0.9703, 1.7071 0.1133 0.9669, 1.7083 0.1203 0.9583, 1.7084 0.1237 0.9571
            ]
        }
        coordIndex [
            0,1,2,-1,2,1,3,-1,3,4,2,-1,2,4,5,-1,2,5,6,-1,6,5,7,-1,7,5,8,-1,7,8,9,-1,10,11,12,-1,10,12,13,-1,14,12,15,-1,15,12,16,-1,8,17,9,-1,9,17,18,-1,9,18,19,-1,19,18,20,-1,19,20,12,-1,12,20,21,-1,12,21,13,-1,11,22,12,-1,12,22,23,-1,12,23,16,-1,
        ]
    }
}
Shape{
    appearance Appearance {
        material  Material 	{
            diffuseColor 1.0 1.0 1.0
            specularColor 0.5019607843137255 0.5019607843137255 0.5019607843137255
            ambientIntensity 1.0
            transparency 0.0
            shininess 0.5
        }
    }
    geometry IndexedFaceSet {
        ccw TRUE
        solid FALSE
        coord DEF co Coordinate {
            point [
                1.7074 0.187 0.9647, 1.7074 0.187 0.9647, 1.7079 0.1924 0.9613, 1.7086 0.2117 0.9565, 1.7085 0.2117 0.9565, 1.7083 0.2018 0.9577, 1.7084 0.2018 0.9577, 1.7079 0.1939 0.9607, 1.7078 0.1924 0.9613, 1.7096 0.187 0.9493, 1.7095 0.187 0.9493, 1.7101 0.1975 0.9457, 1.7099 0.1939 0.9469, 1.7102 0.2103 0.9443, 1.7103 0.2103 0.9443, 1.7101 0.2006 0.9453, 1.71 0.1975 0.9456, 1.7101 0.2228 0.9457, 1.7101 0.2197 0.9453, 1.71 0.2228 0.9457, 1.7096 0.2309 0.9485, 1.7097 0.2309 0.9485, 1.7093 0.2353 0.9511, 1.7093 0.2353 0.9511, 1.7087 0.2396 0.9549, 1.7088 0.2396 0.9549, 1.7082 0.2424 0.9588, 1.7082 0.2424 0.9588, 1.7075 0.2442 0.9635, 1.7076 0.2442 0.9635, 1.7067 0.2449 0.9694, 1.7067 0.2449 0.9694, 1.7059 0.2443 0.9751, 1.7059 0.2443 0.9751, 1.7053 0.2426 0.9795, 1.7053 0.2426 0.9795, 1.7047 0.2399 0.9835, 1.7048 0.2399 0.9835, 1.7043 0.2363 0.9867, 1.7043 0.2363 0.9867, 1.7035 0.2263 0.9922, 1.7035 0.2263 0.9922, 1.7032 0.2205 0.9945, 1.7032 0.2205 0.9945, 1.7026 0.2112 0.9985, 1.7027 0.2112 0.9985, 1.7022 0.2059 1.0018, 1.7022 0.2059 1.0018, 1.7019 0.2044 1.0034, 1.702 0.2044 1.0034, 1.7016 0.2033 1.0054, 1.7017 0.2033 1.0054, 1.7013 0.2027 1.0077, 1.7014 0.2027 1.0077, 1.701 0.2026 1.0097, 1.7011 0.2026 1.0097, 1.7007 0.2029 1.0121, 1.7007 0.2029 1.0121, 1.7004 0.2036 1.0141, 1.7005 0.2036 1.0141, 1.7002 0.2049 1.016, 1.7002 0.2049 1.016, 1.6999 0.2072 1.018, 1.6999 0.2072 1.018, 1.6996 0.2105 1.0197, 1.6997 0.2105 1.0197, 1.6995 0.2146 1.0208, 1.6995 0.2146 1.0208, 1.6994 0.219 1.0211, 1.6995 0.219 1.0211, 1.6996 0.2296 1.0198, 1.6997 0.2296 1.0199, 1.7001 0.2381 1.0166, 1.7001 0.2381 1.0166, 1.7003 0.2408 1.015, 1.7003 0.2408 1.015, 1.6983 0.2408 1.0295, 1.6983 0.2408 1.0295, 1.6979 0.231 1.0323, 1.6979 0.231 1.0323, 1.6977 0.2205 1.0332, 1.6978 0.2205 1.0332, 1.6979 0.2083 1.0318, 1.698 0.2083 1.0318, 1.6984 0.2003 1.0287, 1.6984 0.2003 1.0287, 1.6987 0.1967 1.0265, 1.6987 0.1967 1.0265, 1.6993 0.1922 1.0225, 1.699 0.1939 1.024, 1.6992 0.1922 1.0225, 1.6998 0.1895 1.0185, 1.6998 0.1895 1.0185, 1.7005 0.1877 1.0137, 1.7005 0.1877 1.0137, 1.7012 0.1871 1.0084, 1.7013 0.1871 1.0084, 1.7021 0.1877 1.0025, 1.7021 0.1877 1.0025, 1.7027 0.1894 0.998, 1.7027 0.1894 0.998, 1.7031 0.1913 0.9949, 1.7032 0.1913 0.9949, 1.7047 0.2099 0.9837, 1.7047 0.2099 0.9837, 1.7042 0.2009 0.9877, 1.7035 0.1938 0.9924, 1.7035 0.1938 0.9924, 1.7035 0.1939 0.9923, 1.7041 0.2009 0.9877, 1.7053 0.2197 0.9796, 1.7053 0.2197 0.9796, 1.7058 0.2256 0.9761, 1.7058 0.2256 0.9761, 1.706 0.2275 0.9741, 1.7061 0.2275 0.9741, 1.7063 0.2287 0.9722, 1.7064 0.2287 0.9722, 1.7066 0.2293 0.9698, 1.7067 0.2293 0.9698, 1.7069 0.2295 0.968, 1.7069 0.2295 0.968, 1.7073 0.2292 0.9651, 1.7073 0.2292 0.9651, 1.7076 0.2284 0.963, 1.7076 0.2284 0.963, 1.7079 0.2271 0.9611, 1.7079 0.2271 0.9611, 1.7081 0.2254 0.9596, 1.7081 0.2254 0.9596, 1.7082 0.224 0.9588, 1.7082 0.224 0.9588, 1.7084 0.2201 0.9573, 1.7084 0.2201 0.9574, 1.7085 0.2124 0.9565, 1.7086 0.2124 0.9565, 1.698 0.3195 1.0313, 1.698 0.3351 1.0313, 1.698 0.3195 1.0313, 1.698 0.3351 1.0313, 1.707 0.2961 0.9673, 1.707 0.2961 0.9673, 1.7076 0.2949 0.9633, 1.7076 0.2949 0.9634, 1.708 0.2942 0.9604, 1.708 0.2942 0.9604, 1.708 0.2938 0.9604, 1.708 0.2938 0.9604, 1.707 0.292 0.9674, 1.707 0.292 0.9674, 1.698 0.2696 1.0313, 1.698 0.2696 1.0313, 1.7009 0.2768 1.0106, 1.698 0.2528 1.0313, 1.698 0.2528 1.0313, 1.7099 0.2864 0.9465, 1.71 0.2864 0.9465, 1.7065 0.2768 0.9706, 1.7121 0.2798 0.9311, 1.7121 0.2798 0.9311, 1.7101 0.2859 0.9453, 1.7129 0.2767 0.9256, 1.7128 0.2768 0.9257, 1.7129 0.2767 0.9256, 1.7133 0.2739 0.9225, 1.7133 0.2739 0.9225, 1.7135 0.2717 0.9209, 1.7136 0.2717 0.9209, 1.7137 0.2685 0.9196, 1.7137 0.2685 0.9196, 1.7138 0.2649 0.9191, 1.7138 0.2649 0.9191, 1.7138 0.2644 0.9191, 1.7138 0.2644 0.9191, 1.7137 0.2591 0.9197, 1.7137 0.2591 0.9197, 1.7135 0.2559 0.9208, 1.7136 0.2559 0.9208, 1.7154 0.2559 0.9075, 1.7154 0.2559 0.9075, 1.7155 0.2603 0.9066, 1.7156 0.2603 0.9066, 1.7156 0.2656 0.9063, 1.7156 0.2656 0.9063, 1.7155 0.2715 0.907, 1.7155 0.2715 0.907, 1.7152 0.2768 0.909, 1.7152 0.2774 0.9092, 1.7152 0.2774 0.9092, 1.7147 0.2827 0.9128, 1.7147 0.2827 0.9128, 1.7145 0.2843 0.9142, 1.7145 0.2843 0.9142, 1.7135 0.2898 0.921, 1.7136 0.2898 0.921, 1.7118 0.2962 0.9335, 1.7118 0.2962 0.9335, 1.7101 0.3009 0.9453, 1.7081 0.4159 0.9599, 1.71 0.4159 0.9463, 1.708 0.4159 0.9599, 1.7099 0.4159 0.9463, 1.708 0.3668 0.9599, 1.7081 0.3668 0.9599, 1.708 0.3893 0.9599, 1.7025 0.3668 0.9999, 1.7024 0.3668 0.9999, 1.7024 0.4098 0.9999, 1.7025 0.4098 0.9999, 1.7024 0.3893 0.9999, 1.7005 0.4098 1.0135, 1.7005 0.4098 1.0135, 1.7005 0.3668 1.0135, 1.7005 0.3668 1.0135, 1.7005 0.3893 1.0135, 1.6952 0.3668 1.0516, 1.6952 0.3668 1.0516, 1.6952 0.4132 1.0516, 1.6952 0.4132 1.0516, 1.6952 0.3893 1.0516, 1.6933 0.4132 1.0653, 1.6932 0.4132 1.0653, 1.6932 0.3513 1.0653, 1.6933 0.3513 1.0653, 1.6932 0.3893 1.0653, 1.71 0.3513 0.9463, 1.7099 0.3513 0.9463, 1.7099 0.3893 0.9463, 1.7025 0.5197 0.9994, 1.7025 0.536 0.9998, 1.7015 0.5201 1.0069, 1.7014 0.5364 1.0073, 1.6996 0.5186 1.0206, 1.6991 0.5343 1.0239, 1.6983 0.5154 1.0296, 1.6975 0.5298 1.0352, 1.6973 0.5108 1.0364, 1.696 0.5224 1.0456, 1.6968 0.5069 1.0404, 1.6955 0.5183 1.0495, 1.696 0.4981 1.0462, 1.6943 0.5057 1.058, 1.6954 0.4877 1.0499, 1.6936 0.4912 1.0633, 1.6952 0.4722 1.0516, 1.6933 0.4729 1.0653, 1.6952 0.4541 1.0516, 1.6933 0.4386 1.0653, 1.7081 0.4541 0.9599, 1.71 0.4386 0.9463, 1.7081 0.4715 0.9599, 1.71 0.4716 0.9463, 1.7079 0.4868 0.9615, 1.7097 0.4904 0.9484, 1.7073 0.4971 0.9651, 1.709 0.5044 0.9534, 1.7066 0.505 0.9703, 1.7079 0.5161 0.9611, 1.7063 0.5072 0.9723, 1.7076 0.5183 0.963, 1.7053 0.5132 0.9796, 1.7062 0.5272 0.9736, 1.7041 0.5173 0.9885, 1.7044 0.5331 0.9859, 1.7099 0.4716 0.9463, 1.7099 0.4386 0.9463, 1.7097 0.4904 0.9484, 1.709 0.5044 0.9534, 1.7079 0.5161 0.9611, 1.7076 0.5183 0.963, 1.7061 0.5272 0.9736, 1.7044 0.5331 0.9859, 1.7024 0.536 0.9998, 1.7014 0.5364 1.0073, 1.699 0.5343 1.0239, 1.6975 0.5298 1.0352, 1.696 0.5224 1.0456, 1.6954 0.5183 1.0495, 1.6943 0.5057 1.058, 1.6935 0.4912 1.0633, 1.6932 0.4729 1.0653, 1.6932 0.4386 1.0653, 1.6952 0.4722 1.0516, 1.6952 0.4541 1.0516, 1.708 0.4541 0.9599, 1.708 0.4715 0.9599, 1.7063 0.5072 0.9723, 1.7066 0.505 0.9703, 1.7073 0.4971 0.9651, 1.7078 0.4868 0.9615, 1.7014 0.5201 1.0069, 1.7025 0.5197 0.9994, 1.704 0.5173 0.9885, 1.7053 0.5132 0.9796, 1.6967 0.5069 1.0404, 1.6973 0.5108 1.0364, 1.6982 0.5154 1.0296, 1.6995 0.5186 1.0206, 1.6954 0.4877 1.0499, 1.6959 0.4981 1.0462
            ]
        }
        coordIndex [
            0,1,2,-1,3,4,5,-1,3,5,6,-1,6,5,7,-1,6,7,2,-1,2,7,8,-1,2,8,0,-1,9,1,10,-1,10,1,0,-1,11,9,12,-1,12,9,10,-1,13,14,15,-1,15,14,11,-1,15,11,16,-1,16,11,12,-1,17,14,18,-1,18,14,13,-1,18,19,17,-1,17,19,20,-1,17,20,21,-1,21,20,22,-1,21,22,23,-1,23,22,24,-1,23,24,25,-1,25,24,26,-1,25,26,27,-1,27,26,28,-1,27,28,29,-1,29,28,30,-1,29,30,31,-1,31,30,32,-1,31,32,33,-1,33,32,34,-1,33,34,35,-1,35,34,36,-1,35,36,37,-1,37,36,38,-1,37,38,39,-1,39,38,40,-1,39,40,41,-1,41,40,42,-1,41,42,43,-1,43,42,44,-1,43,44,45,-1,45,44,46,-1,45,46,47,-1,47,46,48,-1,47,48,49,-1,49,48,50,-1,49,50,51,-1,51,50,52,-1,51,52,53,-1,53,52,54,-1,53,54,55,-1,55,54,56,-1,55,56,57,-1,57,56,58,-1,57,58,59,-1,59,58,60,-1,59,60,61,-1,61,60,62,-1,61,62,63,-1,63,62,64,-1,63,64,65,-1,65,64,66,-1,65,66,67,-1,67,66,68,-1,67,68,69,-1,69,68,70,-1,69,70,71,-1,71,70,72,-1,71,72,73,-1,73,72,74,-1,73,74,75,-1,76,75,77,-1,77,75,74,-1,76,77,78,-1,76,78,79,-1,79,78,80,-1,79,80,81,-1,81,80,82,-1,81,82,83,-1,83,82,84,-1,83,84,85,-1,85,84,86,-1,85,86,87,-1,88,87,89,-1,89,87,86,-1,89,90,88,-1,88,90,91,-1,88,91,92,-1,92,91,93,-1,92,93,94,-1,94,93,95,-1,94,95,96,-1,96,95,97,-1,96,97,98,-1,98,97,99,-1,98,99,100,-1,100,99,101,-1,100,101,102,-1,103,104,105,-1,102,101,106,-1,102,106,107,-1,107,106,108,-1,107,108,105,-1,105,108,109,-1,105,109,103,-1,104,103,110,-1,104,110,111,-1,111,110,112,-1,111,112,113,-1,113,112,114,-1,113,114,115,-1,115,114,116,-1,115,116,117,-1,117,116,118,-1,117,118,119,-1,119,118,120,-1,119,120,121,-1,121,120,122,-1,121,122,123,-1,123,122,124,-1,123,124,125,-1,125,124,126,-1,125,126,127,-1,127,126,128,-1,127,128,129,-1,129,128,130,-1,129,130,131,-1,131,130,132,-1,131,132,133,-1,133,132,134,-1,133,134,135,-1,135,134,4,-1,135,4,3,-1,61,63,85,-1,85,63,83,-1,125,25,27,-1,111,43,104,-1,104,43,45,-1,125,27,123,-1,123,27,29,-1,123,29,121,-1,121,29,31,-1,121,31,119,-1,119,31,33,-1,119,33,117,-1,117,33,35,-1,117,35,115,-1,115,35,37,-1,115,37,113,-1,113,37,39,-1,113,39,111,-1,111,39,41,-1,111,41,43,-1,25,125,23,-1,23,125,127,-1,23,127,21,-1,14,3,11,-1,11,3,6,-1,11,6,9,-1,9,6,2,-1,9,2,1,-1,63,65,83,-1,83,65,67,-1,83,67,81,-1,81,67,69,-1,81,69,79,-1,79,69,71,-1,79,71,76,-1,76,71,73,-1,76,73,75,-1,127,129,21,-1,21,129,131,-1,21,131,17,-1,17,131,133,-1,17,133,14,-1,14,133,135,-1,14,135,3,-1,85,87,61,-1,61,87,88,-1,61,88,59,-1,59,88,92,-1,59,92,57,-1,57,92,94,-1,57,94,55,-1,55,94,96,-1,55,96,53,-1,53,96,98,-1,53,98,51,-1,51,98,100,-1,51,100,49,-1,49,100,102,-1,49,102,47,-1,47,102,107,-1,47,107,45,-1,45,107,105,-1,45,105,104,-1,136,137,138,-1,138,137,139,-1,140,136,141,-1,141,136,138,-1,140,141,142,-1,140,142,143,-1,143,142,144,-1,143,144,145,-1,146,145,147,-1,147,145,144,-1,148,146,149,-1,149,146,147,-1,150,151,152,-1,152,151,148,-1,152,148,149,-1,153,151,154,-1,154,151,150,-1,155,156,157,-1,157,156,153,-1,157,153,154,-1,158,159,160,-1,160,159,156,-1,160,156,155,-1,161,159,162,-1,162,159,158,-1,162,163,161,-1,161,163,164,-1,161,164,165,-1,165,164,166,-1,165,166,167,-1,167,166,168,-1,167,168,169,-1,169,168,170,-1,169,170,171,-1,171,170,172,-1,171,172,173,-1,173,172,174,-1,173,174,175,-1,175,174,176,-1,175,176,177,-1,178,177,179,-1,179,177,176,-1,178,179,180,-1,178,180,181,-1,181,180,182,-1,181,182,183,-1,183,182,184,-1,183,184,185,-1,185,184,186,-1,185,186,187,-1,186,188,187,-1,187,188,189,-1,187,189,190,-1,190,189,191,-1,190,191,192,-1,192,191,193,-1,192,193,194,-1,194,193,195,-1,194,195,196,-1,139,137,197,-1,197,137,196,-1,197,196,195,-1,143,145,196,-1,137,136,196,-1,196,136,140,-1,196,140,143,-1,151,153,148,-1,148,153,156,-1,148,156,146,-1,165,167,187,-1,183,173,181,-1,181,173,175,-1,181,175,178,-1,178,175,177,-1,145,146,196,-1,196,146,156,-1,196,156,194,-1,187,167,185,-1,185,167,169,-1,185,169,183,-1,183,169,171,-1,183,171,173,-1,156,159,194,-1,194,159,161,-1,194,161,192,-1,192,161,165,-1,192,165,190,-1,190,165,187,-1,198,199,200,-1,200,199,201,-1,202,203,204,-1,204,203,198,-1,204,198,200,-1,205,203,206,-1,206,203,202,-1,207,208,209,-1,209,208,205,-1,209,205,206,-1,210,208,211,-1,211,208,207,-1,212,213,214,-1,214,213,210,-1,214,210,211,-1,215,213,216,-1,216,213,212,-1,217,218,219,-1,219,218,215,-1,219,215,216,-1,220,218,221,-1,221,218,217,-1,222,223,224,-1,224,223,220,-1,224,220,221,-1,225,223,226,-1,226,223,222,-1,201,199,227,-1,227,199,225,-1,227,225,226,-1,218,220,215,-1,215,220,223,-1,215,223,213,-1,199,198,225,-1,225,198,203,-1,225,203,205,-1,208,210,205,-1,205,210,213,-1,205,213,225,-1,225,213,223,-1,228,229,230,-1,230,229,231,-1,230,231,232,-1,232,231,233,-1,232,233,234,-1,234,233,235,-1,234,235,236,-1,236,235,237,-1,236,237,238,-1,238,237,239,-1,238,239,240,-1,240,239,241,-1,240,241,242,-1,242,241,243,-1,242,243,244,-1,244,243,245,-1,244,245,246,-1,246,245,247,-1,246,247,248,-1,248,247,249,-1,248,249,250,-1,250,249,251,-1,250,251,252,-1,252,251,253,-1,252,253,254,-1,254,253,255,-1,254,255,256,-1,256,255,257,-1,256,257,258,-1,258,257,259,-1,258,259,260,-1,260,259,261,-1,260,261,262,-1,262,261,263,-1,262,263,228,-1,228,263,229,-1,251,249,264,-1,264,249,265,-1,251,264,266,-1,251,266,253,-1,253,266,267,-1,253,267,255,-1,255,267,268,-1,255,268,257,-1,257,268,269,-1,257,269,259,-1,259,269,270,-1,259,270,261,-1,261,270,271,-1,261,271,263,-1,263,271,272,-1,263,272,229,-1,229,272,273,-1,229,273,231,-1,231,273,274,-1,231,274,233,-1,233,274,275,-1,233,275,235,-1,235,275,276,-1,235,276,237,-1,237,276,277,-1,237,277,239,-1,239,277,278,-1,239,278,241,-1,241,278,279,-1,241,279,243,-1,243,279,280,-1,243,280,245,-1,247,245,281,-1,281,245,280,-1,249,247,265,-1,265,247,281,-1,244,246,282,-1,282,246,283,-1,246,248,283,-1,283,248,284,-1,248,250,284,-1,284,250,285,-1,258,286,287,-1,258,287,256,-1,256,287,288,-1,256,288,254,-1,254,288,289,-1,254,289,252,-1,252,289,285,-1,252,285,250,-1,230,290,291,-1,230,291,228,-1,228,291,292,-1,228,292,262,-1,262,292,293,-1,262,293,260,-1,260,293,286,-1,260,286,258,-1,238,294,295,-1,238,295,236,-1,236,295,296,-1,236,296,234,-1,234,296,297,-1,234,297,232,-1,232,297,290,-1,232,290,230,-1,244,282,298,-1,244,298,242,-1,242,298,299,-1,242,299,240,-1,240,299,294,-1,240,294,238,-1,
        ]
    }
}
Shape{
    appearance Appearance {
        material  Material 	{
            diffuseColor 0.2235294117647059 0.2235294117647059 0.2235294117647059
            specularColor 0.11372549019607843 0.11372549019607843 0.11372549019607843
            ambientIntensity 0.2235
            transparency 0.0
            shininess 0.5
        }
    }
    geometry IndexedFaceSet {
        ccw TRUE
        solid FALSE
        coord DEF co Coordinate {
            point [
                1.6952 0.4541 1.0516, 1.708 0.4541 0.9599, 1.6952 0.4722 1.0516, 1.708 0.4715 0.9599, 1.7078 0.4868 0.9615, 1.7073 0.4971 0.9651, 1.7066 0.505 0.9703, 1.7063 0.5072 0.9723, 1.7053 0.5132 0.9796, 1.704 0.5173 0.9885, 1.7025 0.5197 0.9994, 1.7014 0.5201 1.0069, 1.6995 0.5186 1.0206, 1.6982 0.5154 1.0296, 1.6973 0.5108 1.0364, 1.6967 0.5069 1.0404, 1.6954 0.4877 1.0499, 1.6959 0.4981 1.0462
            ]
        }
        coordIndex [
            0,1,2,-1,2,1,3,-1,2,3,4,-1,4,5,2,-1,2,5,6,-1,2,6,7,-1,7,8,2,-1,2,8,9,-1,2,9,10,-1,10,11,2,-1,2,11,12,-1,2,12,13,-1,13,14,2,-1,2,14,15,-1,2,15,16,-1,16,15,17,-1,
        ]
    }
}
Shape{
    appearance Appearance {
        material  Material 	{
            diffuseColor 1.0 1.0 1.0
            specularColor 0.5019607843137255 0.5019607843137255 0.5019607843137255
            ambientIntensity 1.0
            transparency 0.0
            shininess 0.5
        }
    }
    geometry IndexedFaceSet {
        ccw TRUE
        solid FALSE
        coord DEF co Coordinate {
            point [
                1.7035 0.5766 0.9923, 1.7054 0.5717 0.9789, 1.7035 0.6169 0.9923, 1.7054 0.6217 0.9789, 1.6966 0.5946 1.0417, 1.6933 0.5888 1.0653, 1.71 0.543 0.9463, 1.71 0.5602 0.9463, 1.6961 0.5956 1.0453, 1.6954 0.5965 1.0501, 1.6933 0.6054 1.0653, 1.6954 0.5969 1.0501, 1.6961 0.5979 1.045, 1.6966 0.5988 1.0417, 1.71 0.6511 0.9463, 1.71 0.634 0.9463, 1.6932 0.6054 1.0653, 1.7099 0.6511 0.9463, 1.6932 0.5888 1.0653, 1.7099 0.543 0.9463, 1.7099 0.5602 0.9463, 1.7054 0.5717 0.9789, 1.7054 0.6217 0.9789, 1.7099 0.634 0.9463, 1.7035 0.5766 0.9923, 1.7035 0.6169 0.9923, 1.6965 0.5988 1.0417, 1.6954 0.5969 1.0501, 1.6961 0.5979 1.045, 1.6954 0.5965 1.0501, 1.6965 0.5946 1.0417, 1.696 0.5956 1.0453
            ]
        }
        coordIndex [
            0,1,2,-1,2,1,3,-1,4,5,0,-1,0,5,6,-1,0,6,1,-1,1,6,7,-1,4,8,5,-1,5,8,9,-1,5,9,10,-1,10,9,11,-1,10,11,12,-1,12,13,10,-1,10,13,2,-1,10,2,14,-1,14,2,3,-1,14,3,15,-1,10,14,16,-1,16,14,17,-1,5,10,18,-1,18,10,16,-1,6,5,19,-1,19,5,18,-1,7,6,20,-1,20,6,19,-1,1,7,21,-1,21,7,20,-1,3,1,22,-1,22,1,21,-1,15,3,23,-1,23,3,22,-1,14,15,17,-1,17,15,23,-1,0,2,24,-1,24,2,25,-1,2,13,25,-1,25,13,26,-1,11,27,28,-1,11,28,12,-1,12,28,26,-1,12,26,13,-1,11,9,27,-1,27,9,29,-1,4,30,31,-1,4,31,8,-1,8,31,29,-1,8,29,9,-1,4,0,30,-1,30,0,24,-1,
        ]
    }
}
Shape{
    appearance Appearance {
        material  Material 	{
            diffuseColor 0.2235294117647059 0.2235294117647059 0.2235294117647059
            specularColor 0.11372549019607843 0.11372549019607843 0.11372549019607843
            ambientIntensity 0.2235
            transparency 0.0
            shininess 0.5
        }
    }
    geometry IndexedFaceSet {
        ccw TRUE
        solid FALSE
        coord DEF co Coordinate {
            point [
                1.6954 0.5969 1.0501, 1.6954 0.5965 1.0501, 1.6961 0.5979 1.045, 1.696 0.5956 1.0453, 1.6965 0.5988 1.0417, 1.6965 0.5946 1.0417, 1.7035 0.6169 0.9923, 1.7035 0.5766 0.9923
            ]
        }
        coordIndex [
            0,1,2,-1,2,1,3,-1,2,3,4,-1,4,3,5,-1,4,5,6,-1,6,5,7,-1,
        ]
    }
}
Shape{
    appearance Appearance {
        material  Material 	{
            diffuseColor 1.0 1.0 1.0
            specularColor 0.5019607843137255 0.5019607843137255 0.5019607843137255
            ambientIntensity 1.0
            transparency 0.0
            shininess 0.5
        }
    }
    geometry IndexedFaceSet {
        ccw TRUE
        solid FALSE
        coord DEF co Coordinate {
            point [
                1.7123 -0.5118 0.9295, 1.7145 -0.4991 0.914, 1.7018 -0.5195 1.0043, 1.6827 -0.2079 1.1408, 1.6843 -0.2061 1.1294, 1.6778 -0.1642 1.1751, 1.6812 -0.5341 1.1513, 1.6798 -0.5151 1.1613, 1.6725 -0.5199 1.2132, 1.7128 -0.3692 0.9263, 1.7101 -0.3592 0.9452, 1.7072 -0.3542 0.9661, 1.6719 -0.4861 1.2174, 1.696 -0.2342 1.0457, 1.6897 -0.2607 1.0905, 1.7048 -0.3538 0.9831, 1.698 -0.3751 1.0313, 1.706 -0.3538 0.9747, 1.7165 -0.3995 0.8998, 1.7149 -0.3825 0.9116, 1.7095 -0.4624 0.9494, 1.7102 -0.4557 0.9447, 1.7163 -0.4824 0.9015, 1.7106 -0.4478 0.9418, 1.7043 -0.4094 0.9868, 1.7054 -0.4072 0.9792, 1.7065 -0.4069 0.971, 1.7077 -0.4087 0.9628, 1.7087 -0.4125 0.9554, 1.6721 -0.4665 1.2157, 1.6808 -0.44 1.1539, 1.6776 -0.4293 1.177, 1.7003 -0.538 1.0156, 1.7094 -0.5312 0.9509, 1.7098 -0.5203 0.9476, 1.6693 -0.449 1.2359, 1.6743 -0.411 1.2003, 1.6669 -0.4289 1.2529, 1.6718 -0.3878 1.2183, 1.6651 -0.4082 1.2656, 1.6791 -0.494 1.1662, 1.679 -0.4853 1.1666, 1.672 -0.4763 1.2168, 1.6794 -0.4656 1.1642, 1.6803 -0.4464 1.1574, 1.7066 -0.4732 0.9705, 1.7077 -0.4714 0.9627, 1.7087 -0.4678 0.9556, 1.7174 -0.4627 0.8933, 1.7179 -0.4426 0.8902, 1.7108 -0.44 0.9408, 1.7179 -0.4392 0.8901, 1.7106 -0.4318 0.9418, 1.7175 -0.4186 0.8926, 1.7102 -0.4244 0.9447, 1.7096 -0.4179 0.9492, 1.6843 -0.1992 1.1294, 1.6845 -0.183 1.1275, 1.6782 -0.1566 1.1724, 1.6853 -0.1681 1.1218, 1.6801 -0.1315 1.1592, 1.6866 -0.1549 1.1126, 1.6829 -0.1091 1.1392, 1.6882 -0.1449 1.1016, 1.6863 -0.0924 1.1146, 1.6902 -0.137 1.087, 1.69 -0.0827 1.0886, 1.6925 -0.133 1.0707, 1.6934 -0.0797 1.0643, 1.6935 -0.1326 1.0635, 1.6943 -0.0798 1.058, 1.6958 -0.1347 1.047, 1.71 -0.2418 0.9462, 1.71 -0.2394 0.9459, 1.7028 -0.2325 0.9975, 1.663 -0.3688 1.2807, 1.6701 -0.3602 1.2303, 1.6623 -0.3265 1.2859, 1.688 -0.5682 1.1025, 1.69 -0.6243 1.0883, 1.6909 -0.5707 1.0821, 1.6911 -0.6245 1.0804, 1.6927 -0.5697 1.0692, 1.6958 -0.6203 1.047, 1.6956 -0.5636 1.0485, 1.7003 -0.608 1.0155, 1.6981 -0.5533 1.0311, 1.7041 -0.5886 0.9882, 1.7073 -0.5621 0.9658, 1.7028 -0.1941 0.9975, 1.71 -0.189 0.9459, 1.7024 -0.1789 1.0004, 1.7094 -0.1642 0.9507, 1.7014 -0.1638 1.0073, 1.7077 -0.1378 0.9624, 1.7 -0.1512 1.0174, 1.7053 -0.1151 0.98, 1.6998 -0.1499 1.0188, 1.7047 -0.1113 0.984, 1.698 -0.1405 1.032, 1.7019 -0.0962 1.004, 1.6982 -0.0847 1.0303, 1.6742 -0.5515 1.201, 1.6769 -0.5787 1.1821, 1.683 -0.549 1.1382, 1.6776 -0.5844 1.1768, 1.6854 -0.5609 1.1213, 1.6813 -0.605 1.1505, 1.6856 -0.6186 1.1201, 1.7054 -0.473 0.9787, 1.7043 -0.4707 0.9868, 1.6993 -0.51 1.0225, 1.7033 -0.4664 0.9939, 1.697 -0.4958 1.0385, 1.7027 -0.4623 0.9983, 1.6953 -0.4784 1.0505, 1.702 -0.4556 1.003, 1.6943 -0.4595 1.0576, 1.7016 -0.4481 1.0058, 1.694 -0.4392 1.0601, 1.7015 -0.44 1.0068, 1.6941 -0.4287 1.0595, 1.7016 -0.4343 1.0063, 1.6948 -0.4081 1.0544, 1.7019 -0.4262 1.0038, 1.6962 -0.39 1.0448, 1.7025 -0.4192 0.9995, 1.7033 -0.4134 0.9936, 1.6694 -0.3318 1.235, 1.6694 -0.3256 1.2351, 1.6628 -0.2913 1.2822, 1.6698 -0.3006 1.2325, 1.6649 -0.2484 1.2672, 1.6711 -0.2735 1.2233, 1.6684 -0.2103 1.2419, 1.6733 -0.2491 1.2077, 1.6729 -0.1823 1.2099, 1.6752 -0.235 1.1941, 1.6787 -0.2181 1.1693, 1.7071 -0.2635 0.9666, 1.708 -0.2614 0.9608, 1.7027 -0.2368 0.9983, 1.7087 -0.2579 0.9554, 1.7093 -0.2535 0.9512, 1.7064 -0.2641 0.9721, 1.7027 -0.2377 0.9984, 1.706 -0.264 0.975, 1.7028 -0.2434 0.9977, 1.7031 -0.2493 0.9956, 1.7028 -0.2343 0.9977, 1.7098 -0.2475 0.9478, 1.7035 -0.2547 0.9922, 1.7042 -0.2592 0.9873, 1.705 -0.2624 0.9815, 1.6934 -0.0797 1.0643, 1.69 -0.0827 1.0886, 1.6885 -0.0866 1.0991, 1.6863 -0.0924 1.1146, 1.6828 -0.1091 1.1391, 1.68 -0.1315 1.1592, 1.6782 -0.1566 1.1724, 1.6778 -0.1642 1.1751, 1.6729 -0.1823 1.2099, 1.6684 -0.2103 1.2419, 1.6666 -0.23 1.2549, 1.6648 -0.2484 1.2672, 1.6627 -0.2913 1.2822, 1.6622 -0.3265 1.2859, 1.6669 -0.4289 1.2529, 1.6666 -0.4256 1.2549, 1.6651 -0.4082 1.2656, 1.663 -0.3688 1.2807, 1.6693 -0.449 1.2359, 1.6721 -0.4665 1.2157, 1.6719 -0.4763 1.2168, 1.6719 -0.4861 1.2174, 1.6724 -0.5199 1.2132, 1.6742 -0.5515 1.201, 1.6768 -0.5787 1.1821, 1.6776 -0.5844 1.1768, 1.6911 -0.6245 1.0804, 1.6812 -0.605 1.1505, 1.6855 -0.6186 1.1201, 1.6885 -0.6223 1.0991, 1.69 -0.6243 1.0883, 1.6958 -0.6203 1.047, 1.7002 -0.608 1.0155, 1.7041 -0.5886 0.9882, 1.7072 -0.5621 0.9658, 1.7093 -0.5312 0.9509, 1.7098 -0.5203 0.9476, 1.7101 -0.5192 0.9453, 1.7123 -0.5118 0.9295, 1.7145 -0.4991 0.914, 1.7162 -0.4824 0.9015, 1.7167 -0.4745 0.8982, 1.7174 -0.4627 0.8933, 1.7178 -0.4426 0.8902, 1.7178 -0.4392 0.8901, 1.706 -0.3538 0.9747, 1.7175 -0.4186 0.8926, 1.7167 -0.4038 0.8982, 1.7165 -0.3995 0.8998, 1.7148 -0.3825 0.9116, 1.7128 -0.3692 0.9263, 1.7101 -0.3592 0.9452, 1.7101 -0.3591 0.9453, 1.7072 -0.3542 0.9661, 1.7048 -0.3538 0.9831, 1.696 -0.2342 1.0457, 1.6897 -0.2607 1.0905, 1.698 -0.3751 1.0313, 1.6961 -0.39 1.0447, 1.6948 -0.4081 1.0544, 1.694 -0.4287 1.0595, 1.694 -0.4392 1.0601, 1.6943 -0.4595 1.0576, 1.6953 -0.4784 1.0505, 1.697 -0.4958 1.0385, 1.6992 -0.51 1.0225, 1.7018 -0.5195 1.0043, 1.7002 -0.538 1.0156, 1.698 -0.5533 1.0311, 1.6956 -0.5636 1.0485, 1.6927 -0.5697 1.0692, 1.6909 -0.5707 1.0821, 1.6885 -0.5686 1.0991, 1.688 -0.5682 1.1025, 1.6854 -0.5609 1.1213, 1.683 -0.549 1.1382, 1.6811 -0.5341 1.1513, 1.6797 -0.5151 1.1613, 1.679 -0.494 1.1662, 1.679 -0.4853 1.1666, 1.6793 -0.4656 1.1642, 1.6803 -0.4464 1.1574, 1.6808 -0.44 1.1539, 1.6775 -0.4293 1.177, 1.6743 -0.411 1.2003, 1.6717 -0.3878 1.2183, 1.67 -0.3602 1.2302, 1.6694 -0.3318 1.235, 1.6694 -0.3256 1.2351, 1.6697 -0.3006 1.2325, 1.671 -0.2735 1.2233, 1.6732 -0.2491 1.2077, 1.6751 -0.235 1.1941, 1.6786 -0.2181 1.1693, 1.6826 -0.2079 1.1407, 1.6842 -0.2061 1.1294, 1.6842 -0.1992 1.1294, 1.6845 -0.183 1.1274, 1.6853 -0.1681 1.1218, 1.6866 -0.1549 1.1126, 1.6881 -0.1449 1.1016, 1.6885 -0.1436 1.0991, 1.6902 -0.137 1.0869, 1.6925 -0.133 1.0707, 1.6935 -0.1326 1.0635, 1.6958 -0.1347 1.047, 1.6979 -0.1405 1.032, 1.6998 -0.1499 1.0188, 1.7 -0.1512 1.0174, 1.7014 -0.1638 1.0072, 1.7024 -0.1789 1.0004, 1.7028 -0.1941 0.9975, 1.7028 -0.2325 0.9975, 1.7027 -0.2343 0.9977, 1.7026 -0.2368 0.9983, 1.7026 -0.2377 0.9983, 1.7027 -0.2434 0.9977, 1.703 -0.2493 0.9956, 1.7035 -0.2547 0.9922, 1.7042 -0.2592 0.9873, 1.705 -0.2624 0.9815, 1.7059 -0.264 0.975, 1.7063 -0.2641 0.9721, 1.7071 -0.2635 0.9666, 1.7079 -0.2614 0.9608, 1.7087 -0.2579 0.9554, 1.7093 -0.2535 0.9512, 1.7097 -0.2475 0.9478, 1.71 -0.2418 0.9462, 1.71 -0.2394 0.9459, 1.71 -0.189 0.9459, 1.7093 -0.1642 0.9507, 1.7077 -0.1378 0.9624, 1.7052 -0.1151 0.98, 1.7047 -0.1113 0.984, 1.7018 -0.0962 1.004, 1.6981 -0.0847 1.0303, 1.6943 -0.0798 1.058, 1.7014 -0.44 1.0068, 1.7015 -0.4343 1.0063, 1.7019 -0.4262 1.0038, 1.7025 -0.4192 0.9995, 1.7033 -0.4134 0.9936, 1.7043 -0.4094 0.9868, 1.7053 -0.4072 0.9791, 1.7065 -0.4069 0.971, 1.7076 -0.4087 0.9628, 1.7087 -0.4125 0.9554, 1.7095 -0.4179 0.9492, 1.7102 -0.4244 0.9447, 1.7106 -0.4318 0.9418, 1.7107 -0.44 0.9408, 1.7106 -0.4478 0.9418, 1.7102 -0.4557 0.9447, 1.7095 -0.4624 0.9494, 1.7086 -0.4678 0.9556, 1.7077 -0.4714 0.9627, 1.7066 -0.4732 0.9705, 1.7054 -0.473 0.9787, 1.7043 -0.4707 0.9868, 1.7033 -0.4664 0.9939, 1.7026 -0.4623 0.9983, 1.702 -0.4556 1.003, 1.7016 -0.4481 1.0058
            ]
        }
        coordIndex [
            0,1,2,-1,3,4,5,-1,6,7,8,-1,9,10,11,-1,8,7,12,-1,13,14,15,-1,15,14,16,-1,15,16,17,-1,17,16,18,-1,17,18,11,-1,11,18,19,-1,11,19,9,-1,20,1,21,-1,21,1,22,-1,21,22,23,-1,24,25,16,-1,16,25,26,-1,16,26,18,-1,18,26,27,-1,18,27,28,-1,29,30,31,-1,32,33,2,-1,2,33,34,-1,2,34,0,-1,29,31,35,-1,35,31,36,-1,35,36,37,-1,37,36,38,-1,37,38,39,-1,7,40,12,-1,12,40,41,-1,12,41,42,-1,42,41,43,-1,42,43,29,-1,29,43,44,-1,29,44,30,-1,45,2,46,-1,46,2,1,-1,46,1,47,-1,47,1,20,-1,22,48,23,-1,23,48,49,-1,23,49,50,-1,50,49,51,-1,50,51,52,-1,52,51,53,-1,52,53,54,-1,54,53,18,-1,54,18,55,-1,55,18,28,-1,4,56,5,-1,5,56,57,-1,5,57,58,-1,58,57,59,-1,58,59,60,-1,60,59,61,-1,60,61,62,-1,62,61,63,-1,62,63,64,-1,64,63,65,-1,64,65,66,-1,66,65,67,-1,66,67,68,-1,68,67,69,-1,68,69,70,-1,70,69,71,-1,72,73,74,-1,39,38,75,-1,75,38,76,-1,75,76,77,-1,78,79,80,-1,80,79,81,-1,80,81,82,-1,82,81,83,-1,82,83,84,-1,84,83,85,-1,84,85,86,-1,86,85,87,-1,86,87,32,-1,32,87,88,-1,32,88,33,-1,74,73,89,-1,89,73,90,-1,89,90,91,-1,91,90,92,-1,91,92,93,-1,93,92,94,-1,93,94,95,-1,95,94,96,-1,95,96,97,-1,97,96,98,-1,97,98,99,-1,99,98,100,-1,99,100,71,-1,71,100,101,-1,71,101,70,-1,8,102,6,-1,6,102,103,-1,6,103,104,-1,104,103,105,-1,104,105,106,-1,106,105,107,-1,106,107,78,-1,78,107,108,-1,78,108,79,-1,45,109,2,-1,2,109,110,-1,2,110,111,-1,111,110,112,-1,111,112,113,-1,113,112,114,-1,113,114,115,-1,115,114,116,-1,115,116,117,-1,117,116,118,-1,117,118,119,-1,119,118,120,-1,119,120,121,-1,121,120,122,-1,121,122,123,-1,123,122,124,-1,123,124,125,-1,125,124,126,-1,125,126,16,-1,16,126,127,-1,16,127,24,-1,76,128,77,-1,77,128,129,-1,77,129,130,-1,130,129,131,-1,130,131,132,-1,132,131,133,-1,132,133,134,-1,134,133,135,-1,134,135,136,-1,136,135,137,-1,136,137,5,-1,5,137,138,-1,5,138,3,-1,139,140,141,-1,141,140,142,-1,141,142,143,-1,139,141,144,-1,144,141,145,-1,144,145,146,-1,146,145,147,-1,146,147,148,-1,74,149,72,-1,72,149,141,-1,72,141,150,-1,150,141,143,-1,148,151,146,-1,146,151,152,-1,146,152,153,-1,68,154,155,-1,68,155,66,-1,66,155,156,-1,66,156,64,-1,156,157,64,-1,64,157,158,-1,64,158,62,-1,62,158,159,-1,62,159,60,-1,60,159,160,-1,60,160,58,-1,58,160,161,-1,58,161,5,-1,5,161,162,-1,5,162,136,-1,136,162,163,-1,136,163,134,-1,134,163,164,-1,134,164,132,-1,164,165,132,-1,132,165,166,-1,132,166,130,-1,130,166,167,-1,130,167,77,-1,168,37,169,-1,169,37,39,-1,169,39,170,-1,170,39,75,-1,170,75,171,-1,171,75,77,-1,171,77,167,-1,37,168,172,-1,37,172,35,-1,35,172,173,-1,35,173,29,-1,29,173,174,-1,29,174,42,-1,42,174,175,-1,42,175,12,-1,12,175,176,-1,12,176,8,-1,8,176,177,-1,8,177,102,-1,102,177,178,-1,102,178,103,-1,103,178,179,-1,103,179,105,-1,180,81,79,-1,105,179,181,-1,105,181,107,-1,107,181,182,-1,107,182,108,-1,108,182,183,-1,108,183,79,-1,79,183,184,-1,79,184,180,-1,81,180,185,-1,81,185,83,-1,83,185,186,-1,83,186,85,-1,85,186,187,-1,85,187,87,-1,87,187,188,-1,87,188,88,-1,88,188,189,-1,88,189,33,-1,33,189,190,-1,33,190,34,-1,34,190,191,-1,34,191,0,-1,191,192,0,-1,0,192,193,-1,0,193,1,-1,1,193,194,-1,1,194,22,-1,22,194,195,-1,22,195,48,-1,195,196,48,-1,48,196,197,-1,48,197,49,-1,49,197,198,-1,49,198,51,-1,199,17,11,-1,51,198,200,-1,51,200,53,-1,53,200,201,-1,53,201,18,-1,201,202,18,-1,18,202,203,-1,18,203,19,-1,19,203,204,-1,19,204,9,-1,9,204,205,-1,9,205,10,-1,10,205,206,-1,10,206,11,-1,11,206,207,-1,11,207,199,-1,15,17,208,-1,208,17,199,-1,13,15,209,-1,209,15,208,-1,14,13,210,-1,210,13,209,-1,16,14,211,-1,211,14,210,-1,16,211,212,-1,16,212,125,-1,125,212,213,-1,125,213,123,-1,123,213,214,-1,123,214,121,-1,121,214,215,-1,121,215,119,-1,119,215,216,-1,119,216,117,-1,117,216,217,-1,117,217,115,-1,115,217,218,-1,115,218,113,-1,113,218,219,-1,113,219,111,-1,111,219,220,-1,111,220,2,-1,2,220,221,-1,2,221,32,-1,32,221,222,-1,32,222,86,-1,86,222,223,-1,86,223,84,-1,84,223,224,-1,84,224,82,-1,82,224,225,-1,82,225,80,-1,78,80,226,-1,226,80,225,-1,226,227,78,-1,78,227,228,-1,78,228,106,-1,106,228,229,-1,106,229,104,-1,104,229,230,-1,104,230,6,-1,6,230,231,-1,6,231,7,-1,7,231,232,-1,7,232,40,-1,40,232,233,-1,40,233,41,-1,41,233,234,-1,41,234,43,-1,43,234,235,-1,43,235,44,-1,44,235,236,-1,44,236,30,-1,30,236,237,-1,30,237,31,-1,31,237,238,-1,31,238,36,-1,36,238,239,-1,36,239,38,-1,38,239,240,-1,38,240,76,-1,76,240,241,-1,76,241,128,-1,128,241,242,-1,128,242,129,-1,129,242,243,-1,129,243,131,-1,131,243,244,-1,131,244,133,-1,133,244,245,-1,133,245,135,-1,135,245,246,-1,135,246,137,-1,137,246,247,-1,137,247,138,-1,138,247,248,-1,138,248,3,-1,3,248,249,-1,3,249,4,-1,56,4,250,-1,250,4,249,-1,56,250,251,-1,56,251,57,-1,57,251,252,-1,57,252,59,-1,59,252,253,-1,59,253,61,-1,61,253,254,-1,61,254,63,-1,63,254,255,-1,63,255,65,-1,255,256,65,-1,65,256,257,-1,65,257,67,-1,67,257,258,-1,67,258,69,-1,69,258,259,-1,69,259,71,-1,71,259,260,-1,71,260,99,-1,99,260,261,-1,99,261,97,-1,97,261,262,-1,97,262,95,-1,95,262,263,-1,95,263,93,-1,93,263,264,-1,93,264,91,-1,91,264,265,-1,91,265,89,-1,74,89,266,-1,266,89,265,-1,74,266,267,-1,74,267,149,-1,149,267,268,-1,149,268,141,-1,141,268,269,-1,141,269,145,-1,145,269,270,-1,145,270,147,-1,147,270,271,-1,147,271,148,-1,148,271,272,-1,148,272,151,-1,151,272,273,-1,151,273,152,-1,152,273,274,-1,152,274,153,-1,153,274,275,-1,153,275,146,-1,146,275,276,-1,146,276,144,-1,144,276,277,-1,144,277,139,-1,139,277,278,-1,139,278,140,-1,140,278,279,-1,140,279,142,-1,142,279,280,-1,142,280,143,-1,143,280,281,-1,143,281,150,-1,150,281,282,-1,150,282,72,-1,72,282,283,-1,72,283,73,-1,90,73,284,-1,284,73,283,-1,90,284,285,-1,90,285,92,-1,92,285,286,-1,92,286,94,-1,94,286,287,-1,94,287,96,-1,96,287,288,-1,96,288,98,-1,98,288,289,-1,98,289,100,-1,100,289,290,-1,100,290,101,-1,101,290,291,-1,101,291,70,-1,70,291,154,-1,70,154,68,-1,120,292,293,-1,120,293,122,-1,122,293,294,-1,122,294,124,-1,124,294,295,-1,124,295,126,-1,126,295,296,-1,126,296,127,-1,127,296,297,-1,127,297,24,-1,24,297,298,-1,24,298,25,-1,25,298,299,-1,25,299,26,-1,26,299,300,-1,26,300,27,-1,27,300,301,-1,27,301,28,-1,28,301,302,-1,28,302,55,-1,55,302,303,-1,55,303,54,-1,54,303,304,-1,54,304,52,-1,52,304,305,-1,52,305,50,-1,50,305,306,-1,50,306,23,-1,23,306,307,-1,23,307,21,-1,21,307,308,-1,21,308,20,-1,20,308,309,-1,20,309,47,-1,47,309,310,-1,47,310,46,-1,46,310,311,-1,46,311,45,-1,45,311,312,-1,45,312,109,-1,109,312,313,-1,109,313,110,-1,110,313,314,-1,110,314,112,-1,112,314,315,-1,112,315,114,-1,114,315,316,-1,114,316,116,-1,116,316,317,-1,116,317,118,-1,118,317,292,-1,118,292,120,-1,
        ]
    }
}
Shape{
    appearance Appearance {
        material  Material 	{
            diffuseColor 0.2235294117647059 0.2235294117647059 0.2235294117647059
            specularColor 0.11372549019607843 0.11372549019607843 0.11372549019607843
            ambientIntensity 0.2235
            transparency 0.0
            shininess 0.5
        }
    }
    geometry IndexedFaceSet {
        ccw TRUE
        solid FALSE
        coord DEF co Coordinate {
            point [
                1.7107 -0.44 0.9408, 1.7026 -0.4623 0.9983, 1.7033 -0.4664 0.9939, 1.7014 -0.44 1.0068, 1.7015 -0.4343 1.0063, 1.7106 -0.4318 0.9418, 1.7016 -0.4481 1.0058, 1.702 -0.4556 1.003, 1.7095 -0.4179 0.9492, 1.7033 -0.4134 0.9936, 1.7025 -0.4192 0.9995, 1.7077 -0.4714 0.9627, 1.7086 -0.4678 0.9556, 1.7095 -0.4624 0.9494, 1.7102 -0.4244 0.9447, 1.7019 -0.4262 1.0038, 1.7043 -0.4707 0.9868, 1.7054 -0.473 0.9787, 1.7066 -0.4732 0.9705, 1.7102 -0.4557 0.9447, 1.7106 -0.4478 0.9418, 1.7076 -0.4087 0.9628, 1.7065 -0.4069 0.971, 1.7087 -0.4125 0.9554, 1.7053 -0.4072 0.9791, 1.7043 -0.4094 0.9868
            ]
        }
        coordIndex [
            0,1,2,-1,3,0,4,-1,4,0,5,-1,3,6,0,-1,0,6,7,-1,0,7,1,-1,8,9,10,-1,11,12,2,-1,2,12,13,-1,5,14,4,-1,4,14,8,-1,4,8,15,-1,15,8,10,-1,16,17,2,-1,2,17,18,-1,2,18,11,-1,13,19,2,-1,2,19,20,-1,2,20,0,-1,21,22,23,-1,23,22,24,-1,23,24,8,-1,8,24,25,-1,8,25,9,-1,
        ]
    }
}
Shape{
    appearance Appearance {
        material  Material 	{
            diffuseColor 0.6470588235294118 0.6196078431372549 0.5882352941176471
            specularColor 0.45098039215686275 0.43529411764705883 0.4117647058823529
            ambientIntensity 0.6242
            transparency 0.0
            shininess 0.5
        }
    }
    geometry IndexedFaceSet {
        ccw TRUE
        solid FALSE
        coord DEF co Coordinate {
            point [
                -1.2461 -1.631 0.0787, -1.2461 -1.6535 0.0787, -0.7539 -1.631 0.0787, -1.0925 -1.7824 0.0787, -0.7539 -1.6535 0.0787, -0.9075 -1.7824 0.0787, -0.9075 -1.8898 0.0787, -1.0925 -1.8898 0.0787, -0.9075 -1.8898 0.0, -1.0925 -1.8898 0.0, -0.7539 -1.631 0.0, -0.7539 -1.6535 0.0, -1.2461 -1.631 0.0, -0.9075 -1.7824 0.0, -1.2461 -1.6535 0.0, -1.0925 -1.7824 0.0, -1.2461 -1.5947 0.0042, -0.7539 -1.5947 0.0042, -1.2461 -1.5604 0.0168, -0.7539 -1.5604 0.0168, -1.2461 -1.5298 0.0368, -0.7539 -1.5298 0.0368, -1.2461 -1.5047 0.0634, -0.7539 -1.5047 0.0634, -1.2461 -1.4864 0.0951, -0.7539 -1.4864 0.0951, -1.2461 -1.4759 0.1301, -0.7539 -1.4759 0.1301, -0.7539 -1.3854 0.6436, -1.2461 -1.3854 0.6436, -0.7539 -1.3802 0.6611, -1.2461 -1.3802 0.6611, -0.7539 -1.371 0.6769, -1.2461 -1.371 0.6769, -0.7539 -1.3585 0.6902, -1.2461 -1.3585 0.6902, -0.7539 -1.3432 0.7003, -1.2461 -1.3432 0.7003, -0.7539 -1.326 0.7065, -1.2461 -1.326 0.7065, -0.7539 -1.3079 0.7087, -1.2461 -1.3079 0.7087, -0.7539 -1.2598 0.7087, -1.2461 -1.2598 0.7087, -0.7539 -1.3079 0.7874, -0.7539 -1.2598 0.7874, -1.2461 -1.3079 0.7874, -1.2461 -1.2598 0.7874, -1.2461 -1.3442 0.7832, -0.7539 -1.3442 0.7832, -1.2461 -1.3785 0.7707, -0.7539 -1.3785 0.7707, -1.2461 -1.4091 0.7506, -0.7539 -1.4091 0.7506, -1.2461 -1.4342 0.724, -0.7539 -1.4342 0.724, -1.2461 -1.4525 0.6923, -0.7539 -1.4525 0.6923, -1.2461 -1.463 0.6573, -0.7539 -1.463 0.6573, -0.7539 -1.5535 0.1438, -1.2461 -1.5535 0.1438, -0.7539 -1.5587 0.1263, -1.2461 -1.5587 0.1263, -0.7539 -1.5679 0.1105, -1.2461 -1.5679 0.1105, -0.7539 -1.5804 0.0972, -1.2461 -1.5804 0.0972, -0.7539 -1.5957 0.0871, -1.2461 -1.5957 0.0871, -0.7539 -1.6129 0.0809, -1.2461 -1.6129 0.0809, -0.2461 -1.631 0.0787, -0.2461 -1.6535 0.0787, 0.2461 -1.631 0.0787, -0.0925 -1.7824 0.0787, 0.2461 -1.6535 0.0787, 0.0925 -1.7824 0.0787, 0.0925 -1.8898 0.0787, -0.0925 -1.8898 0.0787, 0.0925 -1.8898 0.0, -0.0925 -1.8898 0.0, 0.2461 -1.631 0.0, 0.2461 -1.6535 0.0, -0.2461 -1.631 0.0, 0.0925 -1.7824 0.0, -0.2461 -1.6535 0.0, -0.0925 -1.7824 0.0, -0.2461 -1.5947 0.0042, 0.2461 -1.5947 0.0042, -0.2461 -1.5604 0.0168, 0.2461 -1.5604 0.0168, -0.2461 -1.5298 0.0368, 0.2461 -1.5298 0.0368, -0.2461 -1.5047 0.0634, 0.2461 -1.5047 0.0634, -0.2461 -1.4864 0.0951, 0.2461 -1.4864 0.0951, -0.2461 -1.4759 0.1301, 0.2461 -1.4759 0.1301, 0.2461 -1.3854 0.6436, -0.2461 -1.3854 0.6436, 0.2461 -1.3802 0.6611, -0.2461 -1.3802 0.6611, 0.2461 -1.371 0.6769, -0.2461 -1.371 0.6769, 0.2461 -1.3585 0.6902, -0.2461 -1.3585 0.6902, 0.2461 -1.3432 0.7003, -0.2461 -1.3432 0.7003, 0.2461 -1.326 0.7065, -0.2461 -1.326 0.7065, 0.2461 -1.3079 0.7087, -0.2461 -1.3079 0.7087, 0.2461 -1.2598 0.7087, -0.2461 -1.2598 0.7087, 0.2461 -1.3079 0.7874, 0.2461 -1.2598 0.7874, -0.2461 -1.3079 0.7874, -0.2461 -1.2598 0.7874, -0.2461 -1.3442 0.7832, 0.2461 -1.3442 0.7832, -0.2461 -1.3785 0.7707, 0.2461 -1.3785 0.7707, -0.2461 -1.4091 0.7506, 0.2461 -1.4091 0.7506, -0.2461 -1.4342 0.724, 0.2461 -1.4342 0.724, -0.2461 -1.4525 0.6923, 0.2461 -1.4525 0.6923, -0.2461 -1.463 0.6573, 0.2461 -1.463 0.6573, 0.2461 -1.5535 0.1438, -0.2461 -1.5535 0.1438, 0.2461 -1.5587 0.1263, -0.2461 -1.5587 0.1263, 0.2461 -1.5679 0.1105, -0.2461 -1.5679 0.1105, 0.2461 -1.5804 0.0972, -0.2461 -1.5804 0.0972, 0.2461 -1.5957 0.0871, -0.2461 -1.5957 0.0871, 0.2461 -1.6129 0.0809, -0.2461 -1.6129 0.0809, 0.7539 -1.631 0.0787, 0.7539 -1.6535 0.0787, 1.2461 -1.631 0.0787, 0.9075 -1.7824 0.0787, 1.2461 -1.6535 0.0787, 1.0925 -1.7824 0.0787, 1.0925 -1.8898 0.0787, 0.9075 -1.8898 0.0787, 1.0925 -1.8898 0.0, 0.9075 -1.8898 0.0, 1.2461 -1.631 0.0, 1.2461 -1.6535 0.0, 0.7539 -1.631 0.0, 1.0925 -1.7824 0.0, 0.7539 -1.6535 0.0, 0.9075 -1.7824 0.0, 0.7539 -1.5947 0.0042, 1.2461 -1.5947 0.0042, 0.7539 -1.5604 0.0168, 1.2461 -1.5604 0.0168, 0.7539 -1.5298 0.0368, 1.2461 -1.5298 0.0368, 0.7539 -1.5047 0.0634, 1.2461 -1.5047 0.0634, 0.7539 -1.4864 0.0951, 1.2461 -1.4864 0.0951, 0.7539 -1.4759 0.1301, 1.2461 -1.4759 0.1301, 1.2461 -1.3854 0.6436, 0.7539 -1.3854 0.6436, 1.2461 -1.3802 0.6611, 0.7539 -1.3802 0.6611, 1.2461 -1.371 0.6769, 0.7539 -1.371 0.6769, 1.2461 -1.3585 0.6902, 0.7539 -1.3585 0.6902, 1.2461 -1.3432 0.7003, 0.7539 -1.3432 0.7003, 1.2461 -1.326 0.7065, 0.7539 -1.326 0.7065, 1.2461 -1.3079 0.7087, 0.7539 -1.3079 0.7087, 1.2461 -1.2598 0.7087, 0.7539 -1.2598 0.7087, 1.2461 -1.3079 0.7874, 1.2461 -1.2598 0.7874, 0.7539 -1.3079 0.7874, 0.7539 -1.2598 0.7874, 0.7539 -1.3442 0.7832, 1.2461 -1.3442 0.7832, 0.7539 -1.3785 0.7707, 1.2461 -1.3785 0.7707, 0.7539 -1.4091 0.7506, 1.2461 -1.4091 0.7506, 0.7539 -1.4342 0.724, 1.2461 -1.4342 0.724, 0.7539 -1.4525 0.6923, 1.2461 -1.4525 0.6923, 0.7539 -1.463 0.6573, 1.2461 -1.463 0.6573, 1.2461 -1.5535 0.1438, 0.7539 -1.5535 0.1438, 1.2461 -1.5587 0.1263, 0.7539 -1.5587 0.1263, 1.2461 -1.5679 0.1105, 0.7539 -1.5679 0.1105, 1.2461 -1.5804 0.0972, 0.7539 -1.5804 0.0972, 1.2461 -1.5957 0.0871, 0.7539 -1.5957 0.0871, 1.2461 -1.6129 0.0809, 0.7539 -1.6129 0.0809, -0.7539 1.631 0.0787, -1.2461 1.631 0.0787, -0.7539 1.6129 0.0809, -1.2461 1.6129 0.0809, -0.7539 1.5957 0.0871, -1.2461 1.5957 0.0871, -0.7539 1.5804 0.0972, -1.2461 1.5804 0.0972, -0.7539 1.5679 0.1105, -1.2461 1.5679 0.1105, -0.7539 1.5587 0.1263, -1.2461 1.5587 0.1263, -0.7539 1.5535 0.1438, -1.2461 1.5535 0.1438, -0.7539 1.463 0.6573, -1.2461 1.463 0.6573, -1.2461 1.4525 0.6923, -0.7539 1.4525 0.6923, -1.2461 1.4342 0.724, -0.7539 1.4342 0.724, -1.2461 1.4091 0.7506, -0.7539 1.4091 0.7506, -1.2461 1.3785 0.7707, -0.7539 1.3785 0.7707, -1.2461 1.3442 0.7832, -0.7539 1.3442 0.7832, -1.2461 1.3079 0.7874, -0.7539 1.3079 0.7874, -0.7539 1.2598 0.7874, -1.2461 1.2598 0.7874, -0.7539 1.3079 0.7087, -0.7539 1.2598 0.7087, -1.2461 1.3079 0.7087, -1.2461 1.2598 0.7087, -0.7539 1.326 0.7065, -1.2461 1.326 0.7065, -0.7539 1.3432 0.7003, -1.2461 1.3432 0.7003, -0.7539 1.3585 0.6902, -1.2461 1.3585 0.6902, -0.7539 1.371 0.6769, -1.2461 1.371 0.6769, -0.7539 1.3802 0.6611, -1.2461 1.3802 0.6611, -0.7539 1.3854 0.6436, -1.2461 1.3854 0.6436, -0.7539 1.4759 0.1301, -1.2461 1.4759 0.1301, -1.2461 1.4864 0.0951, -0.7539 1.4864 0.0951, -1.2461 1.5047 0.0634, -0.7539 1.5047 0.0634, -1.2461 1.5298 0.0368, -0.7539 1.5298 0.0368, -1.2461 1.5604 0.0168, -0.7539 1.5604 0.0168, -1.2461 1.5947 0.0042, -0.7539 1.5947 0.0042, -1.2461 1.631 0.0, -0.7539 1.631 0.0, 0.2461 1.631 0.0787, -0.2461 1.631 0.0787, 0.2461 1.6129 0.0809, -0.2461 1.6129 0.0809, 0.2461 1.5957 0.0871, -0.2461 1.5957 0.0871, 0.2461 1.5804 0.0972, -0.2461 1.5804 0.0972, 0.2461 1.5679 0.1105, -0.2461 1.5679 0.1105, 0.2461 1.5587 0.1263, -0.2461 1.5587 0.1263, 0.2461 1.5535 0.1438, -0.2461 1.5535 0.1438, 0.2461 1.463 0.6573, -0.2461 1.463 0.6573, -0.2461 1.4525 0.6923, 0.2461 1.4525 0.6923, -0.2461 1.4342 0.724, 0.2461 1.4342 0.724, -0.2461 1.4091 0.7506, 0.2461 1.4091 0.7506, -0.2461 1.3785 0.7707, 0.2461 1.3785 0.7707, -0.2461 1.3442 0.7832, 0.2461 1.3442 0.7832, -0.2461 1.3079 0.7874, 0.2461 1.3079 0.7874, 0.2461 1.2598 0.7874, -0.2461 1.2598 0.7874, 0.2461 1.3079 0.7087, 0.2461 1.2598 0.7087, -0.2461 1.3079 0.7087, -0.2461 1.2598 0.7087, 0.2461 1.326 0.7065, -0.2461 1.326 0.7065, 0.2461 1.3432 0.7003, -0.2461 1.3432 0.7003, 0.2461 1.3585 0.6902, -0.2461 1.3585 0.6902, 0.2461 1.371 0.6769, -0.2461 1.371 0.6769, 0.2461 1.3802 0.6611, -0.2461 1.3802 0.6611, 0.2461 1.3854 0.6436, -0.2461 1.3854 0.6436, 0.2461 1.4759 0.1301, -0.2461 1.4759 0.1301, -0.2461 1.4864 0.0951, 0.2461 1.4864 0.0951, -0.2461 1.5047 0.0634, 0.2461 1.5047 0.0634, -0.2461 1.5298 0.0368, 0.2461 1.5298 0.0368, -0.2461 1.5604 0.0168, 0.2461 1.5604 0.0168, -0.2461 1.5947 0.0042, 0.2461 1.5947 0.0042, -0.2461 1.631 0.0, 0.2461 1.631 0.0, 1.2461 1.631 0.0787, 0.7539 1.631 0.0787, 1.2461 1.6129 0.0809, 0.7539 1.6129 0.0809, 1.2461 1.5957 0.0871, 0.7539 1.5957 0.0871, 1.2461 1.5804 0.0972, 0.7539 1.5804 0.0972, 1.2461 1.5679 0.1105, 0.7539 1.5679 0.1105, 1.2461 1.5587 0.1263, 0.7539 1.5587 0.1263, 1.2461 1.5535 0.1438, 0.7539 1.5535 0.1438, 1.2461 1.463 0.6573, 0.7539 1.463 0.6573, 0.7539 1.4525 0.6923, 1.2461 1.4525 0.6923, 0.7539 1.4342 0.724, 1.2461 1.4342 0.724, 0.7539 1.4091 0.7506, 1.2461 1.4091 0.7506, 0.7539 1.3785 0.7707, 1.2461 1.3785 0.7707, 0.7539 1.3442 0.7832, 1.2461 1.3442 0.7832, 0.7539 1.3079 0.7874, 1.2461 1.3079 0.7874, 1.2461 1.2598 0.7874, 0.7539 1.2598 0.7874, 1.2461 1.3079 0.7087, 1.2461 1.2598 0.7087, 0.7539 1.3079 0.7087, 0.7539 1.2598 0.7087, 1.2461 1.326 0.7065, 0.7539 1.326 0.7065, 1.2461 1.3432 0.7003, 0.7539 1.3432 0.7003, 1.2461 1.3585 0.6902, 0.7539 1.3585 0.6902, 1.2461 1.371 0.6769, 0.7539 1.371 0.6769, 1.2461 1.3802 0.6611, 0.7539 1.3802 0.6611, 1.2461 1.3854 0.6436, 0.7539 1.3854 0.6436, 1.2461 1.4759 0.1301, 0.7539 1.4759 0.1301, 0.7539 1.4864 0.0951, 1.2461 1.4864 0.0951, 0.7539 1.5047 0.0634, 1.2461 1.5047 0.0634, 0.7539 1.5298 0.0368, 1.2461 1.5298 0.0368, 0.7539 1.5604 0.0168, 1.2461 1.5604 0.0168, 0.7539 1.5947 0.0042, 1.2461 1.5947 0.0042, 0.7539 1.631 0.0, 1.2461 1.631 0.0, 0.9075 1.8898 0.0, 0.9075 1.7824 0.0, 0.9075 1.8898 0.0787, 0.9075 1.7824 0.0787, 0.7539 1.6535 0.0, 0.7539 1.6535 0.0787, 1.0925 1.7824 0.0, 1.0925 1.8898 0.0, 1.0925 1.7824 0.0787, 1.0925 1.8898 0.0787, 1.2461 1.6535 0.0, 1.2461 1.6535 0.0787, -0.0925 1.8898 0.0, -0.0925 1.7824 0.0, -0.0925 1.8898 0.0787, -0.0925 1.7824 0.0787, -0.2461 1.6535 0.0, -0.2461 1.6535 0.0787, 0.0925 1.7824 0.0, 0.0925 1.8898 0.0, 0.0925 1.7824 0.0787, 0.0925 1.8898 0.0787, 0.2461 1.6535 0.0, 0.2461 1.6535 0.0787, -1.0925 1.8898 0.0, -1.0925 1.7824 0.0, -1.0925 1.8898 0.0787, -1.0925 1.7824 0.0787, -1.2461 1.6535 0.0, -1.2461 1.6535 0.0787, -0.9075 1.7824 0.0, -0.9075 1.8898 0.0, -0.9075 1.7824 0.0787, -0.9075 1.8898 0.0787, -0.7539 1.6535 0.0, -0.7539 1.6535 0.0787
            ]
        }
        coordIndex [
            0,1,2,-1,2,1,3,-1,4,2,5,-1,5,2,3,-1,5,3,6,-1,6,3,7,-1,8,6,9,-1,9,6,7,-1,10,11,12,-1,12,11,13,-1,14,12,15,-1,15,12,13,-1,15,13,9,-1,9,13,8,-1,10,12,16,-1,10,16,17,-1,17,16,18,-1,17,18,19,-1,19,18,20,-1,19,20,21,-1,21,20,22,-1,21,22,23,-1,23,22,24,-1,23,24,25,-1,25,24,26,-1,25,26,27,-1,28,27,29,-1,29,27,26,-1,28,29,30,-1,30,29,31,-1,30,31,32,-1,32,31,33,-1,32,33,34,-1,34,33,35,-1,34,35,36,-1,36,35,37,-1,36,37,38,-1,38,37,39,-1,38,39,40,-1,40,39,41,-1,42,40,43,-1,43,40,41,-1,44,45,46,-1,46,45,47,-1,44,46,48,-1,44,48,49,-1,49,48,50,-1,49,50,51,-1,51,50,52,-1,51,52,53,-1,53,52,54,-1,53,54,55,-1,55,54,56,-1,55,56,57,-1,57,56,58,-1,57,58,59,-1,60,59,61,-1,61,59,58,-1,60,61,62,-1,62,61,63,-1,62,63,64,-1,64,63,65,-1,64,65,66,-1,66,65,67,-1,66,67,68,-1,68,67,69,-1,68,69,70,-1,70,69,71,-1,70,71,2,-1,2,71,0,-1,4,11,2,-1,2,11,10,-1,2,10,70,-1,70,10,17,-1,70,17,68,-1,68,17,19,-1,68,19,66,-1,66,19,21,-1,66,21,64,-1,64,21,23,-1,64,23,62,-1,62,23,25,-1,62,25,60,-1,60,25,27,-1,60,27,59,-1,59,27,28,-1,59,28,57,-1,57,28,30,-1,57,30,55,-1,55,30,32,-1,55,32,53,-1,53,32,34,-1,53,34,51,-1,51,34,36,-1,51,36,49,-1,49,36,38,-1,49,38,44,-1,44,38,40,-1,44,40,45,-1,45,40,42,-1,47,43,46,-1,46,43,41,-1,46,41,48,-1,48,41,39,-1,48,39,50,-1,50,39,37,-1,50,37,52,-1,52,37,35,-1,52,35,54,-1,54,35,33,-1,54,33,56,-1,56,33,31,-1,56,31,58,-1,58,31,29,-1,58,29,61,-1,61,29,26,-1,61,26,63,-1,63,26,24,-1,63,24,65,-1,65,24,22,-1,65,22,67,-1,67,22,20,-1,67,20,69,-1,69,20,18,-1,69,18,71,-1,71,18,16,-1,71,16,0,-1,0,16,12,-1,0,12,1,-1,1,12,14,-1,14,15,1,-1,1,15,3,-1,15,9,3,-1,3,9,7,-1,8,13,6,-1,6,13,5,-1,13,11,5,-1,5,11,4,-1,72,73,74,-1,74,73,75,-1,76,74,77,-1,77,74,75,-1,77,75,78,-1,78,75,79,-1,80,78,81,-1,81,78,79,-1,82,83,84,-1,84,83,85,-1,86,84,87,-1,87,84,85,-1,87,85,81,-1,81,85,80,-1,82,84,88,-1,82,88,89,-1,89,88,90,-1,89,90,91,-1,91,90,92,-1,91,92,93,-1,93,92,94,-1,93,94,95,-1,95,94,96,-1,95,96,97,-1,97,96,98,-1,97,98,99,-1,100,99,101,-1,101,99,98,-1,100,101,102,-1,102,101,103,-1,102,103,104,-1,104,103,105,-1,104,105,106,-1,106,105,107,-1,106,107,108,-1,108,107,109,-1,108,109,110,-1,110,109,111,-1,110,111,112,-1,112,111,113,-1,114,112,115,-1,115,112,113,-1,116,117,118,-1,118,117,119,-1,116,118,120,-1,116,120,121,-1,121,120,122,-1,121,122,123,-1,123,122,124,-1,123,124,125,-1,125,124,126,-1,125,126,127,-1,127,126,128,-1,127,128,129,-1,129,128,130,-1,129,130,131,-1,132,131,133,-1,133,131,130,-1,132,133,134,-1,134,133,135,-1,134,135,136,-1,136,135,137,-1,136,137,138,-1,138,137,139,-1,138,139,140,-1,140,139,141,-1,140,141,142,-1,142,141,143,-1,142,143,74,-1,74,143,72,-1,76,83,74,-1,74,83,82,-1,74,82,142,-1,142,82,89,-1,142,89,140,-1,140,89,91,-1,140,91,138,-1,138,91,93,-1,138,93,136,-1,136,93,95,-1,136,95,134,-1,134,95,97,-1,134,97,132,-1,132,97,99,-1,132,99,131,-1,131,99,100,-1,131,100,129,-1,129,100,102,-1,129,102,127,-1,127,102,104,-1,127,104,125,-1,125,104,106,-1,125,106,123,-1,123,106,108,-1,123,108,121,-1,121,108,110,-1,121,110,116,-1,116,110,112,-1,116,112,117,-1,117,112,114,-1,86,73,84,-1,84,73,72,-1,84,72,88,-1,88,72,143,-1,88,143,90,-1,90,143,141,-1,90,141,92,-1,92,141,139,-1,92,139,94,-1,94,139,137,-1,94,137,96,-1,96,137,135,-1,96,135,98,-1,98,135,133,-1,98,133,101,-1,101,133,130,-1,101,130,103,-1,103,130,128,-1,103,128,105,-1,105,128,126,-1,105,126,107,-1,107,126,124,-1,107,124,109,-1,109,124,122,-1,109,122,111,-1,111,122,120,-1,111,120,113,-1,113,120,118,-1,113,118,115,-1,115,118,119,-1,144,145,146,-1,146,145,147,-1,148,146,149,-1,149,146,147,-1,149,147,150,-1,150,147,151,-1,152,150,153,-1,153,150,151,-1,154,155,156,-1,156,155,157,-1,158,156,159,-1,159,156,157,-1,159,157,153,-1,153,157,152,-1,154,156,160,-1,154,160,161,-1,161,160,162,-1,161,162,163,-1,163,162,164,-1,163,164,165,-1,165,164,166,-1,165,166,167,-1,167,166,168,-1,167,168,169,-1,169,168,170,-1,169,170,171,-1,172,171,173,-1,173,171,170,-1,172,173,174,-1,174,173,175,-1,174,175,176,-1,176,175,177,-1,176,177,178,-1,178,177,179,-1,178,179,180,-1,180,179,181,-1,180,181,182,-1,182,181,183,-1,182,183,184,-1,184,183,185,-1,186,184,187,-1,187,184,185,-1,188,189,190,-1,190,189,191,-1,188,190,192,-1,188,192,193,-1,193,192,194,-1,193,194,195,-1,195,194,196,-1,195,196,197,-1,197,196,198,-1,197,198,199,-1,199,198,200,-1,199,200,201,-1,201,200,202,-1,201,202,203,-1,204,203,205,-1,205,203,202,-1,204,205,206,-1,206,205,207,-1,206,207,208,-1,208,207,209,-1,208,209,210,-1,210,209,211,-1,210,211,212,-1,212,211,213,-1,212,213,214,-1,214,213,215,-1,214,215,146,-1,146,215,144,-1,148,155,146,-1,146,155,154,-1,146,154,214,-1,214,154,161,-1,214,161,212,-1,212,161,163,-1,212,163,210,-1,210,163,165,-1,210,165,208,-1,208,165,167,-1,208,167,206,-1,206,167,169,-1,206,169,204,-1,204,169,171,-1,204,171,203,-1,203,171,172,-1,203,172,201,-1,201,172,174,-1,201,174,199,-1,199,174,176,-1,199,176,197,-1,197,176,178,-1,197,178,195,-1,195,178,180,-1,195,180,193,-1,193,180,182,-1,193,182,188,-1,188,182,184,-1,188,184,189,-1,189,184,186,-1,158,145,156,-1,156,145,144,-1,156,144,160,-1,160,144,215,-1,160,215,162,-1,162,215,213,-1,162,213,164,-1,164,213,211,-1,164,211,166,-1,166,211,209,-1,166,209,168,-1,168,209,207,-1,168,207,170,-1,170,207,205,-1,170,205,173,-1,173,205,202,-1,173,202,175,-1,175,202,200,-1,175,200,177,-1,177,200,198,-1,177,198,179,-1,179,198,196,-1,179,196,181,-1,181,196,194,-1,181,194,183,-1,183,194,192,-1,183,192,185,-1,185,192,190,-1,185,190,187,-1,187,190,191,-1,158,159,145,-1,145,159,147,-1,159,153,147,-1,147,153,151,-1,152,157,150,-1,150,157,149,-1,157,155,149,-1,149,155,148,-1,86,87,73,-1,73,87,75,-1,87,81,75,-1,75,81,79,-1,80,85,78,-1,78,85,77,-1,85,83,77,-1,77,83,76,-1,216,217,218,-1,218,217,219,-1,218,219,220,-1,220,219,221,-1,220,221,222,-1,222,221,223,-1,222,223,224,-1,224,223,225,-1,224,225,226,-1,226,225,227,-1,226,227,228,-1,228,227,229,-1,230,228,231,-1,231,228,229,-1,230,231,232,-1,230,232,233,-1,233,232,234,-1,233,234,235,-1,235,234,236,-1,235,236,237,-1,237,236,238,-1,237,238,239,-1,239,238,240,-1,239,240,241,-1,241,240,242,-1,241,242,243,-1,244,243,245,-1,245,243,242,-1,246,247,248,-1,248,247,249,-1,246,248,250,-1,250,248,251,-1,250,251,252,-1,252,251,253,-1,252,253,254,-1,254,253,255,-1,254,255,256,-1,256,255,257,-1,256,257,258,-1,258,257,259,-1,258,259,260,-1,260,259,261,-1,262,260,263,-1,263,260,261,-1,262,263,264,-1,262,264,265,-1,265,264,266,-1,265,266,267,-1,267,266,268,-1,267,268,269,-1,269,268,270,-1,269,270,271,-1,271,270,272,-1,271,272,273,-1,273,272,274,-1,273,274,275,-1,276,277,278,-1,278,277,279,-1,278,279,280,-1,280,279,281,-1,280,281,282,-1,282,281,283,-1,282,283,284,-1,284,283,285,-1,284,285,286,-1,286,285,287,-1,286,287,288,-1,288,287,289,-1,290,288,291,-1,291,288,289,-1,290,291,292,-1,290,292,293,-1,293,292,294,-1,293,294,295,-1,295,294,296,-1,295,296,297,-1,297,296,298,-1,297,298,299,-1,299,298,300,-1,299,300,301,-1,301,300,302,-1,301,302,303,-1,304,303,305,-1,305,303,302,-1,306,307,308,-1,308,307,309,-1,306,308,310,-1,310,308,311,-1,310,311,312,-1,312,311,313,-1,312,313,314,-1,314,313,315,-1,314,315,316,-1,316,315,317,-1,316,317,318,-1,318,317,319,-1,318,319,320,-1,320,319,321,-1,322,320,323,-1,323,320,321,-1,322,323,324,-1,322,324,325,-1,325,324,326,-1,325,326,327,-1,327,326,328,-1,327,328,329,-1,329,328,330,-1,329,330,331,-1,331,330,332,-1,331,332,333,-1,333,332,334,-1,333,334,335,-1,336,337,338,-1,338,337,339,-1,338,339,340,-1,340,339,341,-1,340,341,342,-1,342,341,343,-1,342,343,344,-1,344,343,345,-1,344,345,346,-1,346,345,347,-1,346,347,348,-1,348,347,349,-1,350,348,351,-1,351,348,349,-1,350,351,352,-1,350,352,353,-1,353,352,354,-1,353,354,355,-1,355,354,356,-1,355,356,357,-1,357,356,358,-1,357,358,359,-1,359,358,360,-1,359,360,361,-1,361,360,362,-1,361,362,363,-1,364,363,365,-1,365,363,362,-1,366,367,368,-1,368,367,369,-1,366,368,370,-1,370,368,371,-1,370,371,372,-1,372,371,373,-1,372,373,374,-1,374,373,375,-1,374,375,376,-1,376,375,377,-1,376,377,378,-1,378,377,379,-1,378,379,380,-1,380,379,381,-1,382,380,383,-1,383,380,381,-1,382,383,384,-1,382,384,385,-1,385,384,386,-1,385,386,387,-1,387,386,388,-1,387,388,389,-1,389,388,390,-1,389,390,391,-1,391,390,392,-1,391,392,393,-1,393,392,394,-1,393,394,395,-1,396,397,398,-1,398,397,399,-1,397,400,399,-1,399,400,401,-1,402,403,404,-1,404,403,405,-1,406,402,407,-1,407,402,404,-1,408,409,410,-1,410,409,411,-1,409,412,411,-1,411,412,413,-1,414,415,416,-1,416,415,417,-1,418,414,419,-1,419,414,416,-1,420,421,422,-1,422,421,423,-1,421,424,423,-1,423,424,425,-1,426,427,428,-1,428,427,429,-1,430,426,431,-1,431,426,428,-1,
        ]
    }
}