#VRML V2.0 utf8
# 3D model generated by easyeda2kicad.py (https://github.com/uPesy/easyeda2kicad.py)

Shape{
    appearance Appearance {
        material  Material 	{
            diffuseColor 0.2235294117647059 0.2235294117647059 0.2235294117647059
            specularColor 0.11372549019607843 0.11372549019607843 0.11372549019607843
            ambientIntensity 0.2235
            transparency 0.0
            shininess 0.5
        }
    }
    geometry IndexedFaceSet {
        ccw TRUE
        solid FALSE
        coord DEF co Coordinate {
            point [
                0.5514 0.0998 0.0974, 0.5514 0.1108 0.0974, 0.5527 0.1108 0.1072, 0.5465 0.063 0.0629, 0.5465 0.0616 0.0628, 0.5465 0.0702 0.0628, 0.5428 -0.2674 0.0366, 0.5428 -0.2388 0.0366, 0.5446 -0.2388 0.0492, 0.5542 0.1381 0.1176, 0.5555 0.1345 0.127, 0.5555 0.1218 0.127, 0.5596 -0.0734 0.1558, 0.5591 -0.0681 0.1522, 0.5591 -0.0105 0.1522, 0.5585 -0.0624 0.1484, 0.5572 -0.0544 0.1393, 0.5558 -0.0491 0.1291, 0.5558 -0.0478 0.1287, 0.5552 -0.0404 0.1251, 0.5595 -0.1196 0.1553, 0.5601 -0.1082 0.1596, 0.5656 -0.2388 0.1987, 0.5603 -0.096 0.1611, 0.5656 -0.0105 0.1987, 0.5602 -0.0858 0.1601, 0.5537 -0.1801 0.1141, 0.5591 -0.2388 0.1522, 0.5527 -0.1814 0.1072, 0.5527 -0.2388 0.1072, 0.5524 -0.182 0.1045, 0.5591 -0.1246 0.1522, 0.559 -0.1256 0.1516, 0.5549 -0.1759 0.1228, 0.5559 -0.1705 0.1296, 0.5562 -0.1684 0.1316, 0.5569 -0.1601 0.1371, 0.5574 -0.1509 0.1404, 0.5575 -0.1421 0.1414, 0.5583 -0.1314 0.1467, 0.5575 -0.1392 0.1412, 0.5575 -0.1364 0.1409, 0.5466 -0.152 0.0634, 0.5468 -0.1561 0.0647, 0.5465 -0.2388 0.0628, 0.5474 -0.1648 0.0692, 0.5482 -0.1717 0.0752, 0.5484 -0.1725 0.0761, 0.5495 -0.1777 0.0839, 0.5507 -0.1811 0.0931, 0.552 -0.182 0.1018, 0.5447 -0.141 0.0501, 0.5452 -0.1458 0.0537, 0.5458 -0.1495 0.0582, 0.5465 -0.1516 0.0628, 0.5428 -0.0105 0.0366, 0.5446 -0.0105 0.0492, 0.5446 -0.1183 0.0492, 0.5444 -0.1353 0.0477, 0.5446 -0.1387 0.0492, 0.5443 -0.1226 0.0475, 0.5442 -0.1285 0.0468, 0.5443 -0.1295 0.0468, 0.5465 -0.0105 0.0628, 0.5465 -0.1054 0.0628, 0.5465 -0.1054 0.0627, 0.5457 -0.1083 0.0573, 0.5451 -0.1121 0.053, 0.5446 -0.1171 0.0496, 0.5481 -0.0338 0.0739, 0.5473 -0.0407 0.0682, 0.549 -0.029 0.0805, 0.5485 -0.0738 0.0772, 0.5486 -0.0721 0.0779, 0.5506 -0.0693 0.0918, 0.55 -0.11 0.0876, 0.5524 -0.077 0.1047, 0.5505 -0.1143 0.0915, 0.5509 -0.1196 0.0943, 0.5545 -0.0338 0.1194, 0.5535 -0.0287 0.1125, 0.5527 -0.0105 0.1072, 0.5527 -0.0266 0.1072, 0.5524 -0.0258 0.105, 0.5516 -0.0401 0.099, 0.5522 -0.0412 0.1037, 0.5527 -0.0431 0.1072, 0.5527 -0.1659 0.1072, 0.5484 -0.0754 0.0762, 0.5486 -0.0703 0.0781, 0.5486 -0.0701 0.0781, 0.5486 -0.0693 0.0779, 0.5507 -0.1645 0.0926, 0.55 -0.1615 0.0876, 0.5496 -0.149 0.0851, 0.5493 -0.1571 0.0831, 0.5489 -0.1517 0.0798, 0.5508 -0.1398 0.0931, 0.5503 -0.1449 0.0897, 0.552 -0.1665 0.1023, 0.5515 -0.1662 0.0985, 0.5467 -0.0482 0.0646, 0.5465 -0.0562 0.0629, 0.5465 -0.0708 0.0629, 0.5465 -0.0721 0.0631, 0.5466 -0.0737 0.0638, 0.5468 -0.0753 0.0649, 0.5469 -0.076 0.0655, 0.551 -0.1344 0.0952, 0.5511 -0.1285 0.0959, 0.5511 -0.1255 0.0957, 0.5513 -0.0247 0.0971, 0.5512 -0.0247 0.0962, 0.5501 -0.0258 0.0882, 0.5495 -0.045 0.084, 0.55 -0.0422 0.0878, 0.5506 -0.0405 0.0921, 0.5513 -0.04 0.0969, 0.5476 -0.0779 0.0705, 0.5477 -0.0779 0.0713, 0.548 -0.1038 0.0737, 0.5479 -0.0775 0.0731, 0.5482 -0.0766 0.0748, 0.5471 -0.0771 0.0671, 0.5473 -0.0777 0.0687, 0.5473 -0.104 0.0687, 0.5477 -0.1038 0.0712, 0.5486 -0.0688 0.0778, 0.5486 -0.0577 0.0778, 0.5487 -0.0533 0.0787, 0.549 -0.049 0.0807, 0.5494 -0.0453 0.0836, 0.5569 -0.0715 0.1367, 0.5571 -0.0729 0.138, 0.555 -0.1288 0.123, 0.5559 -0.066 0.1299, 0.5551 -0.1306 0.124, 0.5554 -0.1361 0.126, 0.5528 -0.0435 0.1079, 0.5533 -0.0464 0.1111, 0.554 -0.0592 0.116, 0.5537 -0.0502 0.1137, 0.5539 -0.0545 0.1154, 0.554 -0.0612 0.116, 0.5548 -0.0624 0.122, 0.5577 -0.0798 0.1427, 0.5581 -0.0876 0.1455, 0.556 -0.1252 0.1305, 0.5583 -0.0957 0.1465, 0.5553 -0.1505 0.1252, 0.5549 -0.156 0.1223, 0.5555 -0.1444 0.1266, 0.5543 -0.1602 0.1185, 0.5536 -0.1637 0.1136, 0.5581 -0.1048 0.1453, 0.5576 -0.1129 0.1421, 0.5569 -0.1197 0.1371, 0.5555 -0.1418 0.1267, 0.5529 -0.1658 0.1082, 0.559 0.1298 0.1519, 0.5542 0.143 0.1176, 0.5527 0.2773 0.1072, 0.5591 0.2837 0.1522, 0.5591 0.1218 0.1522, 0.559 0.125 0.1519, 0.5578 0.1218 0.1436, 0.5542 0.1167 0.1176, 0.5542 0.1118 0.1176, 0.5527 0.1218 0.1072, 0.5555 0.1201 0.127, 0.5547 0.0751 0.1215, 0.5542 0.0751 0.1176, 0.5527 0.0783 0.1072, 0.5585 0.0743 0.148, 0.5591 0.0783 0.1522, 0.559 0.0743 0.1519, 0.5591 0.0702 0.1522, 0.559 0.0702 0.1519, 0.5564 0.0609 0.133, 0.5547 0.0609 0.1215, 0.5564 0.0702 0.133, 0.5547 0.0702 0.1215, 0.5564 0.0733 0.133, 0.5569 0.0733 0.137, 0.5585 0.0609 0.148, 0.5569 0.0609 0.137, 0.5585 0.0702 0.148, 0.5569 0.0702 0.137, 0.5527 0.0702 0.1072, 0.5542 0.0702 0.1176, 0.5527 0.0544 0.1072, 0.559 0.0564 0.1519, 0.5591 0.0544 0.1522, 0.5542 0.0564 0.1176, 0.5589 0.0495 0.1511, 0.5591 0.0458 0.1521, 0.5591 0.0449 0.1522, 0.5583 0.0495 0.1465, 0.5542 0.034 0.1179, 0.5544 0.0307 0.1194, 0.5527 0.025 0.1072, 0.5548 0.0279 0.1217, 0.5585 0.0455 0.148, 0.5585 0.0413 0.1485, 0.5566 0.0282 0.1344, 0.5555 0.0299 0.1269, 0.5552 0.0316 0.1246, 0.5551 0.0323 0.1239, 0.5549 0.0345 0.1223, 0.5547 0.0421 0.121, 0.5548 0.046 0.1217, 0.555 0.0495 0.1232, 0.5544 0.0495 0.119, 0.5543 0.0489 0.1187, 0.5547 0.037 0.1214, 0.5547 0.0405 0.1209, 0.558 0.0318 0.1447, 0.5576 0.0299 0.1421, 0.5583 0.0342 0.1466, 0.5584 0.0369 0.1479, 0.5585 0.0399 0.1484, 0.5572 0.0288 0.1391, 0.5583 0.0491 0.1467, 0.5564 0.0282 0.1331, 0.5559 0.0288 0.1297, 0.5542 0.0451 0.1175, 0.5541 0.0398 0.117, 0.5541 0.0378 0.1171, 0.5591 0.0413 0.1525, 0.5656 0.0544 0.1987, 0.5591 0.0412 0.1525, 0.5656 0.025 0.1987, 0.5591 0.0388 0.1522, 0.5591 0.025 0.1522, 0.5579 0.026 0.1442, 0.5584 0.0285 0.1474, 0.5585 0.0293 0.1482, 0.5588 0.0326 0.1505, 0.559 0.0362 0.1519, 0.5552 0.0256 0.1249, 0.5554 0.025 0.1263, 0.5527 0.0229 0.1072, 0.5591 0.0229 0.1522, 0.5574 0.0243 0.1404, 0.5576 0.025 0.142, 0.5557 0.0242 0.1285, 0.5565 0.0235 0.1341, 0.5568 0.0235 0.1359, 0.5446 -0.2692 0.0492, 0.5465 -0.2711 0.0628, 0.5527 -0.2773 0.1072, 0.5591 -0.2837 0.1522, 0.5656 -0.2902 0.1987, 0.5465 0.1815 0.0631, 0.5479 0.178 0.0725, 0.5479 0.1635 0.0725, 0.5465 0.1218 0.0628, 0.5465 0.1251 0.0631, 0.5514 0.1251 0.0974, 0.5465 0.1602 0.0631, 0.5465 0.1552 0.0631, 0.5465 0.1346 0.0631, 0.5514 0.1685 0.0974, 0.5514 0.1732 0.0974, 0.5465 0.1865 0.0631, 0.5465 0.2711 0.0628, 0.5476 0.1507 0.0709, 0.5472 0.1481 0.0679, 0.5468 0.1445 0.0653, 0.5466 0.1405 0.0638, 0.5507 0.1481 0.0929, 0.5506 0.1493 0.0917, 0.5501 0.1514 0.0887, 0.5497 0.1527 0.0854, 0.5514 0.135 0.0974, 0.5513 0.1403 0.0968, 0.5511 0.1444 0.0953, 0.549 0.1533 0.0807, 0.5487 0.1532 0.0785, 0.5481 0.1524 0.0745, 0.5564 0.1098 0.133, 0.5558 0.1089 0.129, 0.5553 0.1072 0.1254, 0.5549 0.1046 0.1224, 0.5591 0.0975 0.1522, 0.5589 0.0975 0.1511, 0.5591 0.1108 0.1522, 0.5587 0.101 0.1498, 0.5578 0.108 0.1432, 0.5573 0.1093 0.14, 0.5567 0.1099 0.1352, 0.5584 0.1046 0.1474, 0.5582 0.1058 0.1462, 0.5545 0.101 0.1198, 0.5543 0.0975 0.1185, 0.5527 0.0975 0.1072, 0.5543 0.0971 0.1183, 0.5542 0.0912 0.1176, 0.5542 0.0816 0.1176, 0.559 0.0816 0.1519, 0.559 0.0915 0.1519, 0.5589 0.0968 0.1513, 0.5466 0.0384 0.0633, 0.5465 0.0368 0.0628, 0.5465 0.0421 0.0631, 0.5495 0.0386 0.0845, 0.5496 0.0371 0.0847, 0.5486 0.0348 0.0776, 0.5467 0.04 0.0644, 0.5482 0.0282 0.0746, 0.5483 0.0294 0.0758, 0.5491 0.029 0.0817, 0.5484 0.0312 0.0767, 0.5494 0.032 0.0836, 0.5495 0.0347 0.0844, 0.5465 0.0319 0.0628, 0.5465 0.0318 0.0628, 0.5465 0.025 0.0628, 0.5466 0.0302 0.0634, 0.5467 0.0287 0.0644, 0.5468 0.0283 0.0648, 0.547 0.0274 0.0661, 0.5472 0.0268 0.0676, 0.5475 0.0266 0.0696, 0.5477 0.0268 0.0716, 0.5471 0.0421 0.0669, 0.5471 0.042 0.0669, 0.5469 0.0414 0.0659, 0.5498 0.0299 0.0864, 0.5497 0.029 0.0859, 0.548 0.0273 0.0732, 0.5485 0.0536 0.0771, 0.5486 0.0531 0.078, 0.5487 0.0465 0.0789, 0.5488 0.0526 0.0793, 0.5493 0.0461 0.0825, 0.549 0.0524 0.081, 0.5487 0.0421 0.0787, 0.549 0.042 0.0805, 0.5492 0.0415 0.0821, 0.5493 0.041 0.083, 0.55 0.0331 0.0876, 0.5501 0.0375 0.0882, 0.55 0.0406 0.0878, 0.5484 0.0543 0.0764, 0.5473 0.0524 0.0684, 0.5484 0.0544 0.0763, 0.5471 0.0539 0.0674, 0.5471 0.0544 0.0672, 0.5494 0.0404 0.0837, 0.5495 0.0396 0.0842, 0.5499 0.0423 0.0872, 0.5498 0.0437 0.0864, 0.5496 0.0539 0.0851, 0.5493 0.0526 0.0825, 0.5495 0.0531 0.0839, 0.5495 0.0453 0.0843, 0.5497 0.0444 0.0857, 0.5464 0.0344 0.0625, 0.5446 0.025 0.0492, 0.5465 0.0367 0.0627, 0.5446 0.0544 0.0492, 0.5467 0.0524 0.0639, 0.5465 0.0465 0.0631, 0.5466 0.0544 0.0632, 0.5465 0.0544 0.0628, 0.5465 0.0554 0.0629, 0.5465 0.0563 0.0628, 0.5464 0.0591 0.0625, 0.5499 0.0679 0.0871, 0.5493 0.0679 0.0829, 0.5498 0.0552 0.0862, 0.5499 0.0563 0.0869, 0.5497 0.0544 0.0855, 0.5472 0.0689 0.068, 0.547 0.0684 0.0666, 0.5469 0.0676 0.0655, 0.55 0.0586 0.0877, 0.5501 0.0621 0.0882, 0.55 0.0651 0.0879, 0.548 0.0677 0.0738, 0.5479 0.0685 0.0726, 0.5477 0.0689 0.0713, 0.5475 0.0691 0.0697, 0.5467 0.0663 0.0644, 0.5466 0.0653 0.0638, 0.5496 0.0616 0.0847, 0.5496 0.0603 0.0846, 0.5491 0.0569 0.0814, 0.5495 0.0592 0.0843, 0.5494 0.0582 0.0838, 0.549 0.0569 0.0808, 0.5489 0.0571 0.0801, 0.5488 0.0574 0.0795, 0.5488 0.0578 0.0791, 0.5486 0.0594 0.0781, 0.5495 0.0647 0.0843, 0.5485 0.0621 0.077, 0.5494 0.0671 0.0834, 0.5484 0.0637 0.0763, 0.5482 0.0666 0.0747, 0.5494 0.0576 0.0832, 0.5493 0.0572 0.0826, 0.5492 0.057 0.0821, 0.547 0.0567 0.0663, 0.548 0.059 0.0738, 0.5482 0.0564 0.075, 0.5469 0.0595 0.066, 0.5469 0.0597 0.066, 0.5479 0.0618 0.0727, 0.547 0.0619 0.0662, 0.5474 0.0647 0.0693, 0.5475 0.0646 0.0698, 0.547 0.0631 0.0666, 0.5471 0.0635 0.0669, 0.5471 0.064 0.0673, 0.5472 0.0643 0.0679, 0.5473 0.0646 0.0685, 0.5476 0.0644 0.0705, 0.5477 0.0641 0.0711, 0.5477 0.0635 0.0717, 0.55 0.0907 0.0876, 0.55 0.0952 0.0876, 0.5465 0.0975 0.0628, 0.5474 0.0827 0.0692, 0.5471 0.0832 0.0671, 0.5471 0.0834 0.0671, 0.5491 0.0783 0.0816, 0.5474 0.0839 0.0691, 0.5472 0.0836 0.068, 0.5465 0.0783 0.0628, 0.5475 0.0783 0.0701, 0.55 0.0714 0.0876, 0.55 0.0762 0.0876, 0.5465 0.0811 0.0631, 0.5465 0.081 0.0628, 0.5459 0.0792 0.0587, 0.5446 0.0702 0.0492, 0.545 0.0723 0.0519, 0.5455 0.0723 0.0557, 0.5455 0.0732 0.0554, 0.5454 0.0747 0.0552, 0.5454 0.0749 0.0552, 0.5454 0.0759 0.0553, 0.5455 0.0768 0.0557, 0.5456 0.0775 0.0562, 0.5457 0.0783 0.0571, 0.5457 0.0783 0.0571, 0.545 0.0783 0.0523, 0.5449 0.077 0.0517, 0.5446 0.0783 0.0492, 0.5449 0.0751 0.0515, 0.5449 0.0741 0.0515, 0.5446 0.0975 0.0492, 0.5452 0.0801 0.0535, 0.545 0.0787 0.0524, 0.5465 0.0853 0.0628, 0.546 0.0839 0.0594, 0.5455 0.0819 0.0555, 0.5514 0.1177 0.0974, 0.5508 0.1177 0.0935, 0.5471 0.1185 0.067, 0.5465 0.1185 0.0631, 0.5465 0.1108 0.0628, 0.5487 0.1043 0.0785, 0.5471 0.1043 0.067, 0.5487 0.1108 0.0785, 0.5471 0.1108 0.067, 0.5487 0.1167 0.0785, 0.5493 0.1167 0.0825, 0.5493 0.1108 0.0825, 0.5508 0.1108 0.0935, 0.5493 0.1043 0.0825, 0.5508 0.1043 0.0935, 0.5465 0.1108 0.0631, 0.5465 0.0998 0.0631, 0.5446 0.2692 0.0492, 0.5446 0.1218 0.0492, 0.5446 0.1108 0.0492, 0.5656 0.2902 0.1987, 0.5656 0.1218 0.1987, 0.5656 0.1108 0.1987, 0.5656 0.0975 0.1987, 0.5656 0.0783 0.1987, 0.5656 0.0702 0.1987, 0.5428 0.2674 0.0366, 0.5428 0.1218 0.0366, 0.5428 0.1108 0.0366, 0.5428 0.0975 0.0366, 0.5428 0.0783 0.0366, 0.5428 0.0702 0.0366, 0.5428 0.0544 0.0366, 0.5428 0.025 0.0366, 0.5428 0.0229 0.0366, 0.5446 0.0229 0.0492, 0.5465 0.0229 0.0628, 0.5471 0.0224 0.067, 0.5465 0.0224 0.0631, 0.5465 0.0038 0.0631, 0.5508 0.0216 0.0935, 0.5514 0.0038 0.0974, 0.5514 0.0216 0.0974, 0.5487 0.0082 0.0785, 0.5471 0.0082 0.067, 0.5487 0.0206 0.0785, 0.5493 0.0206 0.0825, 0.5493 0.0082 0.0825, 0.5508 0.0082 0.0935, 0.559 0.0082 0.1519, 0.5547 0.0082 0.1215, 0.5547 0.0221 0.1215, 0.5542 0.0038 0.1176, 0.559 0.0038 0.1519, 0.5542 0.0221 0.1176, 0.5656 0.0229 0.1987, 0.5709 0.2955 0.2362, 0.5709 0.1218 0.2362, 0.5709 0.1108 0.2362, 0.5709 0.0975 0.2362, 0.5709 0.0783 0.2362, 0.5709 0.0702 0.2362, 0.5709 0.0544 0.2362, 0.5709 0.025 0.2362, 0.5709 0.0229 0.2362, 0.5709 -0.0105 0.2362, 0.5709 -0.2388 0.2362, 0.5709 -0.2955 0.2362, 0.5233 0.2869 0.4358, 0.5514 0.315 0.2362, 0.4528 0.315 0.2362, 0.2953 0.315 0.2362, 0.0787 0.315 0.2362, 0.2953 0.3067 0.2953, 0.0787 0.3067 0.2953, 0.4528 0.3067 0.2953, -0.5233 0.2869 0.4358, -0.0787 0.3067 0.2953, -0.4528 0.315 0.2362, -0.5514 0.315 0.2362, -0.4528 0.3067 0.2953, -0.2953 0.3067 0.2953, -0.2953 0.315 0.2362, -0.0787 0.315 0.2362, -0.5233 -0.2869 0.4358, -0.5514 -0.315 0.2362, -0.4528 -0.315 0.2362, -0.2953 -0.315 0.2362, -0.0787 -0.315 0.2362, -0.2953 -0.3067 0.2953, -0.0787 -0.3067 0.2953, -0.4528 -0.3067 0.2953, 0.5233 -0.2869 0.4358, 0.0787 -0.3067 0.2953, 0.4528 -0.315 0.2362, 0.5514 -0.315 0.2362, 0.4528 -0.3067 0.2953, 0.2953 -0.3067 0.2953, 0.2953 -0.315 0.2362, 0.0787 -0.315 0.2362, 0.5233 -0.2869 0.0366, -0.5233 -0.2869 0.0366, -0.5709 -0.2955 0.2362, -0.5709 0.2955 0.2362, -0.5428 -0.2674 0.0366, -0.5428 0.2674 0.0366, -0.5233 0.2869 0.0366, 0.5233 0.2869 0.0366, 0.5233 0.2674 0.0197, 0.5233 -0.2674 0.0197, -0.5233 0.2674 0.0197, -0.5233 -0.2674 0.0197, 0.5428 0.2674 0.4358, 0.5428 -0.2674 0.4358, -0.5428 -0.2674 0.4358, -0.5428 0.2674 0.4358, -0.4181 -0.1386 0.4528, -0.4081 -0.1255 0.4528, -0.5233 0.2674 0.4528, -0.3949 -0.1154 0.4528, -0.3796 -0.109 0.4528, -0.3018 -0.1868 0.4528, -0.3082 -0.2021 0.4528, 0.5233 -0.2674 0.4528, -0.3183 -0.2152 0.4528, -0.3314 -0.2253 0.4528, -0.3632 -0.1069 0.4528, -0.3467 -0.109 0.4528, 0.5233 0.2674 0.4528, -0.3314 -0.1154 0.4528, -0.3183 -0.1255 0.4528, -0.3082 -0.1386 0.4528, -0.3018 -0.1539 0.4528, -0.2997 -0.1703 0.4528, -0.3467 -0.2317 0.4528, -0.3632 -0.2338 0.4528, -0.5233 -0.2674 0.4528, -0.3796 -0.2317 0.4528, -0.3949 -0.2253 0.4528, -0.4081 -0.2152 0.4528, -0.4181 -0.2021 0.4528, -0.4245 -0.1868 0.4528, -0.4266 -0.1703 0.4528, -0.4245 -0.1539 0.4528
            ]
        }
        coordIndex [
            0,1,2,-1,3,4,5,-1,6,7,8,-1,9,10,11,-1,12,13,14,-1,14,13,15,-1,14,15,16,-1,16,17,14,-1,14,17,18,-1,14,18,19,-1,20,21,22,-1,22,21,23,-1,22,23,24,-1,24,23,25,-1,26,27,28,-1,28,27,29,-1,28,29,30,-1,20,22,31,-1,31,22,27,-1,31,27,32,-1,26,33,27,-1,27,33,34,-1,27,34,35,-1,35,36,27,-1,27,36,37,-1,27,37,32,-1,32,37,38,-1,32,38,39,-1,39,38,40,-1,39,40,41,-1,42,43,44,-1,43,45,44,-1,44,45,46,-1,44,46,47,-1,47,48,44,-1,44,48,49,-1,44,49,29,-1,29,49,50,-1,29,50,30,-1,51,52,8,-1,8,52,53,-1,8,53,44,-1,44,53,54,-1,44,54,42,-1,55,56,57,-1,7,58,8,-1,8,58,59,-1,8,59,51,-1,57,60,55,-1,55,60,61,-1,55,61,7,-1,7,61,62,-1,7,62,58,-1,63,64,56,-1,56,64,65,-1,56,65,66,-1,66,67,56,-1,56,67,68,-1,56,68,57,-1,69,70,63,-1,69,63,71,-1,72,73,74,-1,75,76,77,-1,77,76,78,-1,19,79,14,-1,14,79,80,-1,14,80,81,-1,81,80,82,-1,81,82,83,-1,84,85,76,-1,76,85,86,-1,76,86,87,-1,72,74,88,-1,73,89,74,-1,74,89,90,-1,74,90,91,-1,92,93,94,-1,94,93,95,-1,94,95,96,-1,97,87,98,-1,98,87,99,-1,98,99,94,-1,94,99,100,-1,94,100,92,-1,70,101,63,-1,63,101,102,-1,63,102,64,-1,64,102,103,-1,64,103,104,-1,104,105,64,-1,64,105,106,-1,64,106,107,-1,97,108,87,-1,87,108,109,-1,87,109,76,-1,76,109,110,-1,76,110,78,-1,83,111,81,-1,81,111,112,-1,81,112,63,-1,63,112,113,-1,63,113,71,-1,114,115,74,-1,74,115,116,-1,74,116,76,-1,76,116,117,-1,76,117,84,-1,118,119,120,-1,120,119,121,-1,120,121,74,-1,74,121,122,-1,74,122,88,-1,107,123,64,-1,64,123,124,-1,64,124,125,-1,125,124,118,-1,125,118,126,-1,126,118,120,-1,91,127,74,-1,74,127,128,-1,74,128,129,-1,129,130,74,-1,74,130,131,-1,74,131,114,-1,132,133,134,-1,132,134,135,-1,86,134,87,-1,87,134,136,-1,87,136,137,-1,138,139,140,-1,140,139,141,-1,140,141,142,-1,138,140,86,-1,86,140,143,-1,86,143,134,-1,134,143,144,-1,134,144,135,-1,133,145,134,-1,134,145,146,-1,134,146,147,-1,147,146,148,-1,149,150,151,-1,151,150,152,-1,151,152,153,-1,154,155,148,-1,148,155,156,-1,148,156,147,-1,137,157,87,-1,87,157,151,-1,87,151,158,-1,158,151,153,-1,159,160,161,-1,161,162,159,-1,159,162,163,-1,159,163,164,-1,164,163,165,-1,166,167,2,-1,9,11,168,-1,168,11,169,-1,168,169,166,-1,170,171,172,-1,173,174,175,-1,175,174,176,-1,175,176,177,-1,178,179,180,-1,180,179,181,-1,180,181,182,-1,182,181,170,-1,182,170,183,-1,184,185,186,-1,186,185,187,-1,186,187,173,-1,172,171,188,-1,188,171,189,-1,188,189,190,-1,177,176,191,-1,191,176,192,-1,191,192,193,-1,194,192,195,-1,195,192,196,-1,189,193,190,-1,190,193,192,-1,190,192,197,-1,197,192,194,-1,198,199,200,-1,200,199,201,-1,202,203,204,-1,205,206,197,-1,197,206,207,-1,197,207,208,-1,209,210,197,-1,197,210,211,-1,197,211,190,-1,190,211,212,-1,190,212,213,-1,208,214,197,-1,197,214,215,-1,197,215,209,-1,216,217,218,-1,218,217,219,-1,203,220,204,-1,204,220,219,-1,204,219,221,-1,221,219,217,-1,202,204,222,-1,222,204,223,-1,222,223,197,-1,197,223,224,-1,197,224,205,-1,213,225,190,-1,190,225,226,-1,190,226,200,-1,200,226,227,-1,200,227,198,-1,228,229,230,-1,230,229,231,-1,230,231,232,-1,233,234,235,-1,235,236,233,-1,233,236,237,-1,233,237,238,-1,201,239,200,-1,200,239,240,-1,200,240,241,-1,242,243,233,-1,233,243,244,-1,233,244,234,-1,240,245,241,-1,241,245,246,-1,241,246,242,-1,242,246,247,-1,242,247,243,-1,6,8,248,-1,248,8,44,-1,248,44,249,-1,249,44,29,-1,249,29,250,-1,250,29,27,-1,250,27,251,-1,251,27,22,-1,251,22,252,-1,253,254,255,-1,256,257,168,-1,168,257,258,-1,259,260,256,-1,256,260,261,-1,256,261,257,-1,168,262,263,-1,255,259,253,-1,253,259,256,-1,253,256,264,-1,264,256,265,-1,264,265,263,-1,263,265,161,-1,263,161,168,-1,168,161,160,-1,168,160,9,-1,260,266,267,-1,267,268,260,-1,260,268,269,-1,260,269,261,-1,270,271,262,-1,262,271,272,-1,262,272,273,-1,258,274,168,-1,168,274,275,-1,168,275,262,-1,262,275,276,-1,262,276,270,-1,273,277,262,-1,262,277,278,-1,262,278,260,-1,260,278,279,-1,260,279,266,-1,280,281,2,-1,2,281,282,-1,2,282,283,-1,284,285,286,-1,286,285,287,-1,288,289,286,-1,286,289,290,-1,287,291,286,-1,286,291,292,-1,286,292,288,-1,165,163,167,-1,167,163,286,-1,167,286,2,-1,2,286,290,-1,2,290,280,-1,293,294,295,-1,295,294,296,-1,297,298,172,-1,172,298,174,-1,172,174,170,-1,170,174,173,-1,170,173,183,-1,183,173,187,-1,298,299,174,-1,174,299,300,-1,174,300,284,-1,284,300,301,-1,284,301,285,-1,302,303,304,-1,305,306,307,-1,302,304,308,-1,309,310,311,-1,311,310,312,-1,311,312,313,-1,313,312,307,-1,313,307,314,-1,314,307,306,-1,315,316,317,-1,317,316,318,-1,317,318,319,-1,319,320,317,-1,317,320,321,-1,317,321,322,-1,323,324,200,-1,325,326,304,-1,304,326,327,-1,304,327,308,-1,328,200,329,-1,329,200,324,-1,329,324,311,-1,311,324,330,-1,311,330,309,-1,331,332,333,-1,333,332,334,-1,333,334,335,-1,335,334,336,-1,337,338,307,-1,307,338,339,-1,307,339,340,-1,328,341,200,-1,200,341,342,-1,200,342,343,-1,344,345,346,-1,346,345,347,-1,346,347,348,-1,340,349,307,-1,307,349,350,-1,307,350,305,-1,351,352,353,-1,336,354,335,-1,335,354,355,-1,335,355,356,-1,356,355,353,-1,356,353,357,-1,357,353,352,-1,358,359,360,-1,360,359,361,-1,360,361,303,-1,344,331,345,-1,345,331,333,-1,345,333,362,-1,362,333,363,-1,362,363,364,-1,364,363,365,-1,364,365,366,-1,366,365,367,-1,368,367,361,-1,361,367,365,-1,361,365,303,-1,303,365,363,-1,303,363,304,-1,369,370,5,-1,371,372,190,-1,343,351,200,-1,200,351,353,-1,200,353,190,-1,190,353,373,-1,190,373,371,-1,374,375,5,-1,5,375,376,-1,372,377,190,-1,190,377,378,-1,190,378,188,-1,188,378,379,-1,188,379,369,-1,380,381,370,-1,370,381,382,-1,370,382,5,-1,5,382,383,-1,5,383,374,-1,376,384,5,-1,5,384,385,-1,5,385,3,-1,386,387,388,-1,388,387,389,-1,388,389,390,-1,388,391,386,-1,386,391,392,-1,386,392,393,-1,393,394,386,-1,386,394,395,-1,386,395,396,-1,396,395,397,-1,396,397,398,-1,398,397,399,-1,398,399,370,-1,370,399,400,-1,370,400,380,-1,401,402,390,-1,390,402,403,-1,390,403,388,-1,404,405,348,-1,348,405,406,-1,348,406,346,-1,404,407,405,-1,405,407,408,-1,405,408,409,-1,409,408,410,-1,409,411,412,-1,410,413,409,-1,409,413,414,-1,409,414,415,-1,415,416,409,-1,409,416,417,-1,409,417,411,-1,412,418,409,-1,409,418,419,-1,409,419,420,-1,421,422,295,-1,295,422,423,-1,424,425,426,-1,296,297,295,-1,295,297,172,-1,295,172,421,-1,421,172,427,-1,421,427,428,-1,428,427,424,-1,428,424,429,-1,429,424,426,-1,430,431,5,-1,5,431,432,-1,369,5,188,-1,188,5,432,-1,188,432,172,-1,172,432,433,-1,172,433,427,-1,434,431,435,-1,435,431,430,-1,435,430,436,-1,437,438,439,-1,440,441,5,-1,368,361,4,-1,4,361,437,-1,4,437,5,-1,5,437,439,-1,5,439,440,-1,441,442,5,-1,5,442,443,-1,5,443,444,-1,444,445,5,-1,5,445,446,-1,5,446,430,-1,430,446,447,-1,430,447,436,-1,448,449,450,-1,450,449,451,-1,450,451,437,-1,437,451,452,-1,437,452,438,-1,453,454,450,-1,450,454,455,-1,450,455,448,-1,456,457,453,-1,453,457,458,-1,453,458,454,-1,166,2,168,-1,168,2,1,-1,168,1,459,-1,459,460,168,-1,168,460,461,-1,168,461,256,-1,256,461,462,-1,256,462,463,-1,464,465,466,-1,466,465,467,-1,466,467,468,-1,468,467,461,-1,468,461,469,-1,469,461,460,-1,469,460,470,-1,470,460,471,-1,470,471,472,-1,472,471,473,-1,462,474,463,-1,463,474,475,-1,463,475,423,-1,423,475,0,-1,423,0,295,-1,295,0,2,-1,295,2,293,-1,293,2,283,-1,476,265,477,-1,477,265,256,-1,477,256,478,-1,478,256,463,-1,478,463,453,-1,453,463,423,-1,453,423,456,-1,456,423,422,-1,162,479,163,-1,163,479,480,-1,163,480,286,-1,286,480,481,-1,286,481,284,-1,284,481,482,-1,284,482,174,-1,174,482,483,-1,174,483,176,-1,176,483,484,-1,176,484,192,-1,192,484,229,-1,192,229,196,-1,196,229,228,-1,485,476,486,-1,486,476,477,-1,486,477,487,-1,487,477,478,-1,487,478,488,-1,488,478,453,-1,488,453,489,-1,489,453,450,-1,489,450,490,-1,490,450,437,-1,490,437,491,-1,491,437,361,-1,491,361,492,-1,492,361,359,-1,492,359,493,-1,493,359,494,-1,493,494,55,-1,358,315,359,-1,359,315,317,-1,359,317,494,-1,494,317,495,-1,496,497,495,-1,495,497,498,-1,322,323,317,-1,317,323,200,-1,317,200,495,-1,495,200,241,-1,495,241,496,-1,496,241,499,-1,55,494,56,-1,56,494,495,-1,56,495,63,-1,63,495,498,-1,63,498,81,-1,81,498,500,-1,81,500,241,-1,241,500,501,-1,241,501,499,-1,502,503,504,-1,504,503,496,-1,504,496,505,-1,505,496,499,-1,505,499,506,-1,506,499,507,-1,508,509,510,-1,511,512,14,-1,14,512,508,-1,14,508,242,-1,242,508,510,-1,242,510,241,-1,241,510,513,-1,241,513,81,-1,81,513,511,-1,81,511,14,-1,238,232,233,-1,233,232,231,-1,233,231,242,-1,242,231,514,-1,242,514,14,-1,14,514,24,-1,14,24,12,-1,12,24,25,-1,479,515,480,-1,480,515,516,-1,480,516,481,-1,481,516,517,-1,481,517,482,-1,482,517,518,-1,482,518,483,-1,483,518,519,-1,483,519,484,-1,484,519,520,-1,484,520,229,-1,229,520,521,-1,229,521,231,-1,231,521,522,-1,231,522,514,-1,514,522,523,-1,514,523,24,-1,24,523,524,-1,24,524,22,-1,22,524,525,-1,22,525,252,-1,252,525,526,-1,527,528,529,-1,530,531,532,-1,532,531,533,-1,529,534,527,-1,527,534,532,-1,527,532,535,-1,535,532,533,-1,535,533,536,-1,537,538,539,-1,539,538,535,-1,539,535,540,-1,540,535,536,-1,540,536,541,-1,541,536,542,-1,543,544,545,-1,546,547,548,-1,548,547,549,-1,545,550,543,-1,543,550,548,-1,543,548,551,-1,551,548,549,-1,551,549,552,-1,553,554,555,-1,555,554,551,-1,555,551,556,-1,556,551,552,-1,556,552,557,-1,557,552,558,-1,559,554,553,-1,553,557,559,-1,559,557,558,-1,559,558,560,-1,560,558,547,-1,547,546,560,-1,560,546,545,-1,560,545,544,-1,561,562,563,-1,563,562,564,-1,565,538,537,-1,537,541,565,-1,565,541,542,-1,565,542,566,-1,566,542,531,-1,531,530,566,-1,566,530,529,-1,566,529,528,-1,567,568,569,-1,569,568,570,-1,522,521,571,-1,526,525,572,-1,572,525,524,-1,572,524,571,-1,571,524,523,-1,571,523,522,-1,521,520,571,-1,571,520,519,-1,571,519,518,-1,518,517,571,-1,571,517,516,-1,571,516,515,-1,573,574,561,-1,561,574,562,-1,575,576,577,-1,577,576,578,-1,577,578,579,-1,580,581,582,-1,582,581,583,-1,582,583,584,-1,579,585,577,-1,577,585,586,-1,577,586,587,-1,587,586,588,-1,587,588,589,-1,589,590,587,-1,587,590,591,-1,587,591,582,-1,582,591,592,-1,582,592,580,-1,584,593,582,-1,582,593,594,-1,582,594,595,-1,595,594,596,-1,596,597,595,-1,595,597,598,-1,595,598,599,-1,599,600,595,-1,595,600,601,-1,595,601,577,-1,577,601,602,-1,577,602,575,-1,
        ]
    }
}
Shape{
    appearance Appearance {
        material  Material 	{
            diffuseColor 0.7529411764705882 0.7529411764705882 0.7529411764705882
            specularColor 0.3764705882352941 0.3764705882352941 0.3764705882352941
            ambientIntensity 0.7529
            transparency 0.0
            shininess 0.5
        }
    }
    geometry IndexedFaceSet {
        ccw TRUE
        solid FALSE
        coord DEF co Coordinate {
            point [
                0.0787 -0.3416 0.2362, -0.0787 -0.3416 0.2362, 0.0787 -0.315 0.2362, -0.0787 -0.315 0.2362, -0.0787 -0.3067 0.2953, -0.0787 -0.3416 0.2953, 0.0787 -0.3067 0.2953, 0.0787 -0.3416 0.2953, 0.0787 -0.5512 0.0591, 0.0787 -0.5512 0.0, 0.0787 -0.4525 0.0591, 0.0787 -0.4525 0.0, 0.0787 -0.4476 0.0597, 0.0787 -0.4332 0.0024, 0.0787 -0.4431 0.0614, 0.0787 -0.4151 0.0094, 0.0787 -0.4392 0.0642, 0.0787 -0.3993 0.0207, 0.0787 -0.436 0.0679, 0.0787 -0.3867 0.0355, 0.0787 -0.4339 0.0723, 0.0787 -0.3781 0.0529, 0.0787 -0.4328 0.077, 0.0787 -0.374 0.0719, 0.0787 -0.42 0.2234, 0.0787 -0.3612 0.2183, 0.0787 -0.416 0.2424, 0.0787 -0.3602 0.223, 0.0787 -0.4074 0.2598, 0.0787 -0.358 0.2274, 0.0787 -0.3948 0.2746, 0.0787 -0.3549 0.231, 0.0787 -0.379 0.2858, 0.0787 -0.3509 0.2339, 0.0787 -0.3609 0.2929, 0.0787 -0.3464 0.2356, -0.0787 -0.5512 0.0, -0.0787 -0.5512 0.0591, -0.0787 -0.4525 0.0, -0.0787 -0.4525 0.0591, -0.0787 -0.4332 0.0024, -0.0787 -0.4476 0.0597, -0.0787 -0.4151 0.0094, -0.0787 -0.4431 0.0614, -0.0787 -0.3993 0.0207, -0.0787 -0.4392 0.0642, -0.0787 -0.3867 0.0355, -0.0787 -0.436 0.0679, -0.0787 -0.3781 0.0529, -0.0787 -0.4339 0.0723, -0.0787 -0.374 0.0719, -0.0787 -0.4328 0.077, -0.0787 -0.3612 0.2183, -0.0787 -0.42 0.2234, -0.0787 -0.3602 0.223, -0.0787 -0.416 0.2424, -0.0787 -0.358 0.2274, -0.0787 -0.4074 0.2598, -0.0787 -0.3549 0.231, -0.0787 -0.3948 0.2746, -0.0787 -0.3509 0.2339, -0.0787 -0.379 0.2858, -0.0787 -0.3464 0.2356, -0.0787 -0.3609 0.2929, 0.4528 -0.3416 0.2362, 0.2953 -0.3416 0.2362, 0.4528 -0.315 0.2362, 0.2953 -0.315 0.2362, 0.2953 -0.3067 0.2953, 0.2953 -0.3416 0.2953, 0.4528 -0.3067 0.2953, 0.4528 -0.3416 0.2953, 0.4528 -0.5512 0.0591, 0.4528 -0.5512 0.0, 0.4528 -0.4525 0.0591, 0.4528 -0.4525 0.0, 0.4528 -0.4476 0.0597, 0.4528 -0.4332 0.0024, 0.4528 -0.4431 0.0614, 0.4528 -0.4151 0.0094, 0.4528 -0.4392 0.0642, 0.4528 -0.3993 0.0207, 0.4528 -0.436 0.0679, 0.4528 -0.3867 0.0355, 0.4528 -0.4339 0.0723, 0.4528 -0.3781 0.0529, 0.4528 -0.4328 0.077, 0.4528 -0.374 0.0719, 0.4528 -0.42 0.2234, 0.4528 -0.3612 0.2183, 0.4528 -0.416 0.2424, 0.4528 -0.3602 0.223, 0.4528 -0.4074 0.2598, 0.4528 -0.358 0.2274, 0.4528 -0.3948 0.2746, 0.4528 -0.3549 0.231, 0.4528 -0.379 0.2858, 0.4528 -0.3509 0.2339, 0.4528 -0.3609 0.2929, 0.4528 -0.3464 0.2356, 0.2953 -0.5512 0.0591, 0.2953 -0.4525 0.0591, 0.2953 -0.5512 0.0, 0.2953 -0.4525 0.0, 0.2953 -0.4332 0.0024, 0.2953 -0.4151 0.0094, 0.2953 -0.3993 0.0207, 0.2953 -0.3867 0.0355, 0.2953 -0.3781 0.0529, 0.2953 -0.374 0.0719, 0.2953 -0.3612 0.2183, 0.2953 -0.3602 0.223, 0.2953 -0.358 0.2274, 0.2953 -0.3549 0.231, 0.2953 -0.3509 0.2339, 0.2953 -0.3464 0.2356, 0.2953 -0.4476 0.0597, 0.2953 -0.4431 0.0614, 0.2953 -0.4392 0.0642, 0.2953 -0.436 0.0679, 0.2953 -0.4339 0.0723, 0.2953 -0.4328 0.077, 0.2953 -0.42 0.2234, 0.2953 -0.416 0.2424, 0.2953 -0.4074 0.2598, 0.2953 -0.3948 0.2746, 0.2953 -0.379 0.2858, 0.2953 -0.3609 0.2929, -0.2953 -0.3416 0.2362, -0.4528 -0.3416 0.2362, -0.2953 -0.315 0.2362, -0.4528 -0.315 0.2362, -0.4528 -0.3067 0.2953, -0.4528 -0.3416 0.2953, -0.2953 -0.3067 0.2953, -0.2953 -0.3416 0.2953, -0.2953 -0.5512 0.0591, -0.2953 -0.5512 0.0, -0.2953 -0.4525 0.0591, -0.2953 -0.4525 0.0, -0.2953 -0.4476 0.0597, -0.2953 -0.4332 0.0024, -0.2953 -0.4431 0.0614, -0.2953 -0.4151 0.0094, -0.2953 -0.4392 0.0642, -0.2953 -0.3993 0.0207, -0.2953 -0.436 0.0679, -0.2953 -0.3867 0.0355, -0.2953 -0.4339 0.0723, -0.2953 -0.3781 0.0529, -0.2953 -0.4328 0.077, -0.2953 -0.374 0.0719, -0.2953 -0.42 0.2234, -0.2953 -0.3612 0.2183, -0.2953 -0.416 0.2424, -0.2953 -0.3602 0.223, -0.2953 -0.4074 0.2598, -0.2953 -0.358 0.2274, -0.2953 -0.3948 0.2746, -0.2953 -0.3549 0.231, -0.2953 -0.379 0.2858, -0.2953 -0.3509 0.2339, -0.2953 -0.3609 0.2929, -0.2953 -0.3464 0.2356, -0.4528 -0.5512 0.0591, -0.4528 -0.4525 0.0591, -0.4528 -0.5512 0.0, -0.4528 -0.4525 0.0, -0.4528 -0.4332 0.0024, -0.4528 -0.4151 0.0094, -0.4528 -0.3993 0.0207, -0.4528 -0.3867 0.0355, -0.4528 -0.3781 0.0529, -0.4528 -0.374 0.0719, -0.4528 -0.3612 0.2183, -0.4528 -0.3602 0.223, -0.4528 -0.358 0.2274, -0.4528 -0.3549 0.231, -0.4528 -0.3509 0.2339, -0.4528 -0.3464 0.2356, -0.4528 -0.4476 0.0597, -0.4528 -0.4431 0.0614, -0.4528 -0.4392 0.0642, -0.4528 -0.436 0.0679, -0.4528 -0.4339 0.0723, -0.4528 -0.4328 0.077, -0.4528 -0.42 0.2234, -0.4528 -0.416 0.2424, -0.4528 -0.4074 0.2598, -0.4528 -0.3948 0.2746, -0.4528 -0.379 0.2858, -0.4528 -0.3609 0.2929, -0.0787 0.3416 0.2362, 0.0787 0.3416 0.2362, -0.0787 0.315 0.2362, 0.0787 0.315 0.2362, -0.0787 0.3416 0.2953, -0.0787 0.3067 0.2953, 0.0787 0.3416 0.2953, 0.0787 0.3067 0.2953, 0.0787 0.5512 0.0, 0.0787 0.5512 0.0591, 0.0787 0.4525 0.0, 0.0787 0.4525 0.0591, 0.0787 0.4332 0.0024, 0.0787 0.4476 0.0597, 0.0787 0.4151 0.0094, 0.0787 0.4431 0.0614, 0.0787 0.3993 0.0207, 0.0787 0.4392 0.0642, 0.0787 0.3867 0.0355, 0.0787 0.436 0.0679, 0.0787 0.3781 0.0529, 0.0787 0.4339 0.0723, 0.0787 0.374 0.0719, 0.0787 0.4328 0.077, 0.0787 0.3612 0.2183, 0.0787 0.42 0.2234, 0.0787 0.3602 0.223, 0.0787 0.416 0.2424, 0.0787 0.358 0.2274, 0.0787 0.4074 0.2598, 0.0787 0.3549 0.231, 0.0787 0.3948 0.2746, 0.0787 0.3509 0.2339, 0.0787 0.379 0.2858, 0.0787 0.3464 0.2356, 0.0787 0.3609 0.2929, -0.0787 0.4525 0.0591, -0.0787 0.5512 0.0591, -0.0787 0.5512 0.0, -0.0787 0.4525 0.0, -0.0787 0.374 0.0719, -0.0787 0.3781 0.0529, -0.0787 0.3867 0.0355, -0.0787 0.3993 0.0207, -0.0787 0.4151 0.0094, -0.0787 0.4332 0.0024, -0.0787 0.3612 0.2183, -0.0787 0.3464 0.2356, -0.0787 0.3509 0.2339, -0.0787 0.3549 0.231, -0.0787 0.358 0.2274, -0.0787 0.3602 0.223, -0.0787 0.3609 0.2929, -0.0787 0.379 0.2858, -0.0787 0.3948 0.2746, -0.0787 0.4074 0.2598, -0.0787 0.416 0.2424, -0.0787 0.42 0.2234, -0.0787 0.4328 0.077, -0.0787 0.4339 0.0723, -0.0787 0.436 0.0679, -0.0787 0.4392 0.0642, -0.0787 0.4431 0.0614, -0.0787 0.4476 0.0597, 0.2953 0.3416 0.2362, 0.4528 0.3416 0.2362, 0.2953 0.315 0.2362, 0.4528 0.315 0.2362, 0.2953 0.3416 0.2953, 0.2953 0.3067 0.2953, 0.4528 0.3416 0.2953, 0.4528 0.3067 0.2953, 0.4528 0.5512 0.0, 0.4528 0.5512 0.0591, 0.4528 0.4525 0.0, 0.4528 0.4525 0.0591, 0.4528 0.4332 0.0024, 0.4528 0.4476 0.0597, 0.4528 0.4151 0.0094, 0.4528 0.4431 0.0614, 0.4528 0.3993 0.0207, 0.4528 0.4392 0.0642, 0.4528 0.3867 0.0355, 0.4528 0.436 0.0679, 0.4528 0.3781 0.0529, 0.4528 0.4339 0.0723, 0.4528 0.374 0.0719, 0.4528 0.4328 0.077, 0.4528 0.3612 0.2183, 0.4528 0.42 0.2234, 0.4528 0.3602 0.223, 0.4528 0.416 0.2424, 0.4528 0.358 0.2274, 0.4528 0.4074 0.2598, 0.4528 0.3549 0.231, 0.4528 0.3948 0.2746, 0.4528 0.3509 0.2339, 0.4528 0.379 0.2858, 0.4528 0.3464 0.2356, 0.4528 0.3609 0.2929, 0.2953 0.4525 0.0591, 0.2953 0.5512 0.0591, 0.2953 0.5512 0.0, 0.2953 0.4525 0.0, 0.2953 0.374 0.0719, 0.2953 0.3781 0.0529, 0.2953 0.3867 0.0355, 0.2953 0.3993 0.0207, 0.2953 0.4151 0.0094, 0.2953 0.4332 0.0024, 0.2953 0.3612 0.2183, 0.2953 0.3464 0.2356, 0.2953 0.3509 0.2339, 0.2953 0.3549 0.231, 0.2953 0.358 0.2274, 0.2953 0.3602 0.223, 0.2953 0.3609 0.2929, 0.2953 0.379 0.2858, 0.2953 0.3948 0.2746, 0.2953 0.4074 0.2598, 0.2953 0.416 0.2424, 0.2953 0.42 0.2234, 0.2953 0.4328 0.077, 0.2953 0.4339 0.0723, 0.2953 0.436 0.0679, 0.2953 0.4392 0.0642, 0.2953 0.4431 0.0614, 0.2953 0.4476 0.0597, -0.4528 0.3416 0.2362, -0.2953 0.3416 0.2362, -0.4528 0.315 0.2362, -0.2953 0.315 0.2362, -0.4528 0.3416 0.2953, -0.4528 0.3067 0.2953, -0.2953 0.3416 0.2953, -0.2953 0.3067 0.2953, -0.2953 0.5512 0.0, -0.2953 0.5512 0.0591, -0.2953 0.4525 0.0, -0.2953 0.4525 0.0591, -0.2953 0.4332 0.0024, -0.2953 0.4476 0.0597, -0.2953 0.4151 0.0094, -0.2953 0.4431 0.0614, -0.2953 0.3993 0.0207, -0.2953 0.4392 0.0642, -0.2953 0.3867 0.0355, -0.2953 0.436 0.0679, -0.2953 0.3781 0.0529, -0.2953 0.4339 0.0723, -0.2953 0.374 0.0719, -0.2953 0.4328 0.077, -0.2953 0.3612 0.2183, -0.2953 0.42 0.2234, -0.2953 0.3602 0.223, -0.2953 0.416 0.2424, -0.2953 0.358 0.2274, -0.2953 0.4074 0.2598, -0.2953 0.3549 0.231, -0.2953 0.3948 0.2746, -0.2953 0.3509 0.2339, -0.2953 0.379 0.2858, -0.2953 0.3464 0.2356, -0.2953 0.3609 0.2929, -0.4528 0.4525 0.0591, -0.4528 0.5512 0.0591, -0.4528 0.5512 0.0, -0.4528 0.4525 0.0, -0.4528 0.374 0.0719, -0.4528 0.3781 0.0529, -0.4528 0.3867 0.0355, -0.4528 0.3993 0.0207, -0.4528 0.4151 0.0094, -0.4528 0.4332 0.0024, -0.4528 0.3612 0.2183, -0.4528 0.3464 0.2356, -0.4528 0.3509 0.2339, -0.4528 0.3549 0.231, -0.4528 0.358 0.2274, -0.4528 0.3602 0.223, -0.4528 0.3609 0.2929, -0.4528 0.379 0.2858, -0.4528 0.3948 0.2746, -0.4528 0.4074 0.2598, -0.4528 0.416 0.2424, -0.4528 0.42 0.2234, -0.4528 0.4328 0.077, -0.4528 0.4339 0.0723, -0.4528 0.436 0.0679, -0.4528 0.4392 0.0642, -0.4528 0.4431 0.0614, -0.4528 0.4476 0.0597
            ]
        }
        coordIndex [
            0,1,2,-1,2,1,3,-1,4,5,6,-1,6,5,7,-1,8,9,10,-1,10,9,11,-1,10,11,12,-1,12,11,13,-1,12,13,14,-1,14,13,15,-1,14,15,16,-1,16,15,17,-1,16,17,18,-1,18,17,19,-1,18,19,20,-1,20,19,21,-1,20,21,22,-1,22,21,23,-1,22,23,24,-1,24,23,25,-1,24,25,26,-1,26,25,27,-1,26,27,28,-1,28,27,29,-1,28,29,30,-1,30,29,31,-1,30,31,32,-1,32,31,33,-1,32,33,34,-1,34,33,35,-1,34,35,7,-1,7,35,0,-1,7,0,6,-1,6,0,2,-1,36,37,38,-1,38,37,39,-1,38,39,40,-1,40,39,41,-1,40,41,42,-1,42,41,43,-1,42,43,44,-1,44,43,45,-1,44,45,46,-1,46,45,47,-1,46,47,48,-1,48,47,49,-1,48,49,50,-1,50,49,51,-1,50,51,52,-1,52,51,53,-1,52,53,54,-1,54,53,55,-1,54,55,56,-1,56,55,57,-1,56,57,58,-1,58,57,59,-1,58,59,60,-1,60,59,61,-1,60,61,62,-1,62,61,63,-1,62,63,1,-1,1,63,5,-1,1,5,3,-1,3,5,4,-1,8,10,37,-1,37,10,39,-1,9,8,36,-1,36,8,37,-1,11,9,38,-1,38,9,36,-1,11,38,40,-1,11,40,13,-1,13,40,42,-1,13,42,15,-1,15,42,44,-1,15,44,17,-1,17,44,46,-1,17,46,19,-1,19,46,48,-1,19,48,21,-1,21,48,50,-1,21,50,23,-1,25,23,52,-1,52,23,50,-1,25,52,27,-1,27,52,54,-1,27,54,29,-1,29,54,56,-1,29,56,31,-1,31,56,58,-1,31,58,33,-1,33,58,60,-1,33,60,35,-1,35,60,62,-1,35,62,0,-1,0,62,1,-1,7,5,63,-1,7,63,34,-1,34,63,61,-1,34,61,32,-1,32,61,59,-1,32,59,30,-1,30,59,57,-1,30,57,28,-1,28,57,55,-1,28,55,26,-1,26,55,53,-1,26,53,24,-1,22,24,51,-1,51,24,53,-1,22,51,20,-1,20,51,49,-1,20,49,18,-1,18,49,47,-1,18,47,16,-1,16,47,45,-1,16,45,14,-1,14,45,43,-1,14,43,12,-1,12,43,41,-1,12,41,10,-1,10,41,39,-1,64,65,66,-1,66,65,67,-1,68,69,70,-1,70,69,71,-1,72,73,74,-1,74,73,75,-1,74,75,76,-1,76,75,77,-1,76,77,78,-1,78,77,79,-1,78,79,80,-1,80,79,81,-1,80,81,82,-1,82,81,83,-1,82,83,84,-1,84,83,85,-1,84,85,86,-1,86,85,87,-1,86,87,88,-1,88,87,89,-1,88,89,90,-1,90,89,91,-1,90,91,92,-1,92,91,93,-1,92,93,94,-1,94,93,95,-1,94,95,96,-1,96,95,97,-1,96,97,98,-1,98,97,99,-1,98,99,71,-1,71,99,64,-1,71,64,70,-1,70,64,66,-1,72,74,100,-1,100,74,101,-1,73,72,102,-1,102,72,100,-1,75,73,103,-1,103,73,102,-1,75,103,104,-1,75,104,77,-1,77,104,105,-1,77,105,79,-1,79,105,106,-1,79,106,81,-1,81,106,107,-1,81,107,83,-1,83,107,108,-1,83,108,85,-1,85,108,109,-1,85,109,87,-1,89,87,110,-1,110,87,109,-1,89,110,91,-1,91,110,111,-1,91,111,93,-1,93,111,112,-1,93,112,95,-1,95,112,113,-1,95,113,97,-1,97,113,114,-1,97,114,99,-1,99,114,115,-1,99,115,64,-1,64,115,65,-1,102,100,103,-1,103,100,101,-1,103,101,104,-1,104,101,116,-1,104,116,105,-1,105,116,117,-1,105,117,106,-1,106,117,118,-1,106,118,107,-1,107,118,119,-1,107,119,108,-1,108,119,120,-1,108,120,109,-1,109,120,121,-1,109,121,110,-1,110,121,122,-1,110,122,111,-1,111,122,123,-1,111,123,112,-1,112,123,124,-1,112,124,113,-1,113,124,125,-1,113,125,114,-1,114,125,126,-1,114,126,115,-1,115,126,127,-1,115,127,65,-1,65,127,69,-1,65,69,67,-1,67,69,68,-1,71,69,127,-1,71,127,98,-1,98,127,126,-1,98,126,96,-1,96,126,125,-1,96,125,94,-1,94,125,124,-1,94,124,92,-1,92,124,123,-1,92,123,90,-1,90,123,122,-1,90,122,88,-1,86,88,121,-1,121,88,122,-1,86,121,84,-1,84,121,120,-1,84,120,82,-1,82,120,119,-1,82,119,80,-1,80,119,118,-1,80,118,78,-1,78,118,117,-1,78,117,76,-1,76,117,116,-1,76,116,74,-1,74,116,101,-1,128,129,130,-1,130,129,131,-1,132,133,134,-1,134,133,135,-1,136,137,138,-1,138,137,139,-1,138,139,140,-1,140,139,141,-1,140,141,142,-1,142,141,143,-1,142,143,144,-1,144,143,145,-1,144,145,146,-1,146,145,147,-1,146,147,148,-1,148,147,149,-1,148,149,150,-1,150,149,151,-1,150,151,152,-1,152,151,153,-1,152,153,154,-1,154,153,155,-1,154,155,156,-1,156,155,157,-1,156,157,158,-1,158,157,159,-1,158,159,160,-1,160,159,161,-1,160,161,162,-1,162,161,163,-1,162,163,135,-1,135,163,128,-1,135,128,134,-1,134,128,130,-1,136,138,164,-1,164,138,165,-1,137,136,166,-1,166,136,164,-1,139,137,167,-1,167,137,166,-1,139,167,168,-1,139,168,141,-1,141,168,169,-1,141,169,143,-1,143,169,170,-1,143,170,145,-1,145,170,171,-1,145,171,147,-1,147,171,172,-1,147,172,149,-1,149,172,173,-1,149,173,151,-1,153,151,174,-1,174,151,173,-1,153,174,155,-1,155,174,175,-1,155,175,157,-1,157,175,176,-1,157,176,159,-1,159,176,177,-1,159,177,161,-1,161,177,178,-1,161,178,163,-1,163,178,179,-1,163,179,128,-1,128,179,129,-1,166,164,167,-1,167,164,165,-1,167,165,168,-1,168,165,180,-1,168,180,169,-1,169,180,181,-1,169,181,170,-1,170,181,182,-1,170,182,171,-1,171,182,183,-1,171,183,172,-1,172,183,184,-1,172,184,173,-1,173,184,185,-1,173,185,174,-1,174,185,186,-1,174,186,175,-1,175,186,187,-1,175,187,176,-1,176,187,188,-1,176,188,177,-1,177,188,189,-1,177,189,178,-1,178,189,190,-1,178,190,179,-1,179,190,191,-1,179,191,129,-1,129,191,133,-1,129,133,131,-1,131,133,132,-1,135,133,191,-1,135,191,162,-1,162,191,190,-1,162,190,160,-1,160,190,189,-1,160,189,158,-1,158,189,188,-1,158,188,156,-1,156,188,187,-1,156,187,154,-1,154,187,186,-1,154,186,152,-1,150,152,185,-1,185,152,186,-1,150,185,148,-1,148,185,184,-1,148,184,146,-1,146,184,183,-1,146,183,144,-1,144,183,182,-1,144,182,142,-1,142,182,181,-1,142,181,140,-1,140,181,180,-1,140,180,138,-1,138,180,165,-1,192,193,194,-1,194,193,195,-1,196,197,198,-1,198,197,199,-1,200,201,202,-1,202,201,203,-1,202,203,204,-1,204,203,205,-1,204,205,206,-1,206,205,207,-1,206,207,208,-1,208,207,209,-1,208,209,210,-1,210,209,211,-1,210,211,212,-1,212,211,213,-1,212,213,214,-1,214,213,215,-1,214,215,216,-1,216,215,217,-1,216,217,218,-1,218,217,219,-1,218,219,220,-1,220,219,221,-1,220,221,222,-1,222,221,223,-1,222,223,224,-1,224,223,225,-1,224,225,226,-1,226,225,227,-1,226,227,193,-1,193,227,198,-1,193,198,195,-1,195,198,199,-1,203,201,228,-1,228,201,229,-1,201,200,229,-1,229,200,230,-1,200,202,230,-1,230,202,231,-1,214,232,233,-1,214,233,212,-1,212,233,234,-1,212,234,210,-1,210,234,235,-1,210,235,208,-1,208,235,236,-1,208,236,206,-1,206,236,237,-1,206,237,204,-1,204,237,231,-1,204,231,202,-1,214,216,232,-1,232,216,238,-1,193,192,226,-1,226,192,239,-1,226,239,224,-1,224,239,240,-1,224,240,222,-1,222,240,241,-1,222,241,220,-1,220,241,242,-1,220,242,218,-1,218,242,243,-1,218,243,216,-1,216,243,238,-1,194,197,192,-1,192,197,196,-1,192,196,239,-1,239,196,244,-1,239,244,240,-1,240,244,245,-1,240,245,241,-1,241,245,246,-1,241,246,242,-1,242,246,247,-1,242,247,243,-1,243,247,248,-1,243,248,238,-1,238,248,249,-1,238,249,232,-1,232,249,250,-1,232,250,233,-1,233,250,251,-1,233,251,234,-1,234,251,252,-1,234,252,235,-1,235,252,253,-1,235,253,236,-1,236,253,254,-1,236,254,237,-1,237,254,255,-1,237,255,231,-1,231,255,228,-1,231,228,230,-1,230,228,229,-1,217,249,248,-1,217,248,219,-1,219,248,247,-1,219,247,221,-1,221,247,246,-1,221,246,223,-1,223,246,245,-1,223,245,225,-1,225,245,244,-1,225,244,227,-1,227,244,196,-1,227,196,198,-1,217,215,249,-1,249,215,250,-1,203,228,205,-1,205,228,255,-1,205,255,207,-1,207,255,254,-1,207,254,209,-1,209,254,253,-1,209,253,211,-1,211,253,252,-1,211,252,213,-1,213,252,251,-1,213,251,215,-1,215,251,250,-1,256,257,258,-1,258,257,259,-1,260,261,262,-1,262,261,263,-1,264,265,266,-1,266,265,267,-1,266,267,268,-1,268,267,269,-1,268,269,270,-1,270,269,271,-1,270,271,272,-1,272,271,273,-1,272,273,274,-1,274,273,275,-1,274,275,276,-1,276,275,277,-1,276,277,278,-1,278,277,279,-1,278,279,280,-1,280,279,281,-1,280,281,282,-1,282,281,283,-1,282,283,284,-1,284,283,285,-1,284,285,286,-1,286,285,287,-1,286,287,288,-1,288,287,289,-1,288,289,290,-1,290,289,291,-1,290,291,257,-1,257,291,262,-1,257,262,259,-1,259,262,263,-1,267,265,292,-1,292,265,293,-1,265,264,293,-1,293,264,294,-1,264,266,294,-1,294,266,295,-1,278,296,297,-1,278,297,276,-1,276,297,298,-1,276,298,274,-1,274,298,299,-1,274,299,272,-1,272,299,300,-1,272,300,270,-1,270,300,301,-1,270,301,268,-1,268,301,295,-1,268,295,266,-1,278,280,296,-1,296,280,302,-1,257,256,290,-1,290,256,303,-1,290,303,288,-1,288,303,304,-1,288,304,286,-1,286,304,305,-1,286,305,284,-1,284,305,306,-1,284,306,282,-1,282,306,307,-1,282,307,280,-1,280,307,302,-1,258,261,256,-1,256,261,260,-1,256,260,303,-1,303,260,308,-1,303,308,304,-1,304,308,309,-1,304,309,305,-1,305,309,310,-1,305,310,306,-1,306,310,311,-1,306,311,307,-1,307,311,312,-1,307,312,302,-1,302,312,313,-1,302,313,296,-1,296,313,314,-1,296,314,297,-1,297,314,315,-1,297,315,298,-1,298,315,316,-1,298,316,299,-1,299,316,317,-1,299,317,300,-1,300,317,318,-1,300,318,301,-1,301,318,319,-1,301,319,295,-1,295,319,292,-1,295,292,294,-1,294,292,293,-1,281,313,312,-1,281,312,283,-1,283,312,311,-1,283,311,285,-1,285,311,310,-1,285,310,287,-1,287,310,309,-1,287,309,289,-1,289,309,308,-1,289,308,291,-1,291,308,260,-1,291,260,262,-1,281,279,313,-1,313,279,314,-1,267,292,269,-1,269,292,319,-1,269,319,271,-1,271,319,318,-1,271,318,273,-1,273,318,317,-1,273,317,275,-1,275,317,316,-1,275,316,277,-1,277,316,315,-1,277,315,279,-1,279,315,314,-1,320,321,322,-1,322,321,323,-1,324,325,326,-1,326,325,327,-1,328,329,330,-1,330,329,331,-1,330,331,332,-1,332,331,333,-1,332,333,334,-1,334,333,335,-1,334,335,336,-1,336,335,337,-1,336,337,338,-1,338,337,339,-1,338,339,340,-1,340,339,341,-1,340,341,342,-1,342,341,343,-1,342,343,344,-1,344,343,345,-1,344,345,346,-1,346,345,347,-1,346,347,348,-1,348,347,349,-1,348,349,350,-1,350,349,351,-1,350,351,352,-1,352,351,353,-1,352,353,354,-1,354,353,355,-1,354,355,321,-1,321,355,326,-1,321,326,323,-1,323,326,327,-1,331,329,356,-1,356,329,357,-1,329,328,357,-1,357,328,358,-1,328,330,358,-1,358,330,359,-1,342,360,361,-1,342,361,340,-1,340,361,362,-1,340,362,338,-1,338,362,363,-1,338,363,336,-1,336,363,364,-1,336,364,334,-1,334,364,365,-1,334,365,332,-1,332,365,359,-1,332,359,330,-1,342,344,360,-1,360,344,366,-1,321,320,354,-1,354,320,367,-1,354,367,352,-1,352,367,368,-1,352,368,350,-1,350,368,369,-1,350,369,348,-1,348,369,370,-1,348,370,346,-1,346,370,371,-1,346,371,344,-1,344,371,366,-1,322,325,320,-1,320,325,324,-1,320,324,367,-1,367,324,372,-1,367,372,368,-1,368,372,373,-1,368,373,369,-1,369,373,374,-1,369,374,370,-1,370,374,375,-1,370,375,371,-1,371,375,376,-1,371,376,366,-1,366,376,377,-1,366,377,360,-1,360,377,378,-1,360,378,361,-1,361,378,379,-1,361,379,362,-1,362,379,380,-1,362,380,363,-1,363,380,381,-1,363,381,364,-1,364,381,382,-1,364,382,365,-1,365,382,383,-1,365,383,359,-1,359,383,356,-1,359,356,358,-1,358,356,357,-1,345,377,376,-1,345,376,347,-1,347,376,375,-1,347,375,349,-1,349,375,374,-1,349,374,351,-1,351,374,373,-1,351,373,353,-1,353,373,372,-1,353,372,355,-1,355,372,324,-1,355,324,326,-1,345,343,377,-1,377,343,378,-1,331,356,333,-1,333,356,383,-1,333,383,335,-1,335,383,382,-1,335,382,337,-1,337,382,381,-1,337,381,339,-1,339,381,380,-1,339,380,341,-1,341,380,379,-1,341,379,343,-1,343,379,378,-1,
        ]
    }
}
Shape{
    appearance Appearance {
        material  Material 	{
            diffuseColor 0.0 0.0 0.0
            specularColor 0.0 0.0 0.0
            ambientIntensity 0.0
            transparency 0.0
            shininess 0.5
        }
    }
    geometry IndexedFaceSet {
        ccw TRUE
        solid FALSE
        coord DEF co Coordinate {
            point [
                -0.2997 -0.1703 0.4524, -0.2997 -0.1703 0.4528, -0.3018 -0.1539 0.4524, -0.3018 -0.1539 0.4528, -0.3082 -0.1386 0.4524, -0.3082 -0.1386 0.4528, -0.3183 -0.1255 0.4524, -0.3183 -0.1255 0.4528, -0.3314 -0.1154 0.4524, -0.3314 -0.1154 0.4528, -0.3467 -0.109 0.4524, -0.3467 -0.109 0.4528, -0.3632 -0.1069 0.4524, -0.3632 -0.1069 0.4528, -0.3796 -0.109 0.4524, -0.3796 -0.109 0.4528, -0.3949 -0.1154 0.4524, -0.3949 -0.1154 0.4528, -0.4081 -0.1255 0.4524, -0.4081 -0.1255 0.4528, -0.4181 -0.1386 0.4524, -0.4181 -0.1386 0.4528, -0.4245 -0.1539 0.4524, -0.4245 -0.1539 0.4528, -0.4266 -0.1703 0.4524, -0.4266 -0.1703 0.4528, -0.4245 -0.1868 0.4524, -0.4245 -0.1868 0.4528, -0.4181 -0.2021 0.4524, -0.4181 -0.2021 0.4528, -0.4081 -0.2152 0.4524, -0.4081 -0.2152 0.4528, -0.3949 -0.2253 0.4524, -0.3949 -0.2253 0.4528, -0.3796 -0.2317 0.4524, -0.3796 -0.2317 0.4528, -0.3632 -0.2338 0.4524, -0.3632 -0.2338 0.4528, -0.3467 -0.2317 0.4524, -0.3467 -0.2317 0.4528, -0.3314 -0.2253 0.4524, -0.3314 -0.2253 0.4528, -0.3183 -0.2152 0.4524, -0.3183 -0.2152 0.4528, -0.3082 -0.2021 0.4524, -0.3082 -0.2021 0.4528, -0.3018 -0.1868 0.4524, -0.3018 -0.1868 0.4528, -0.3632 -0.1703 0.4524
            ]
        }
        coordIndex [
            0,1,2,-1,2,1,3,-1,2,3,4,-1,4,3,5,-1,4,5,6,-1,6,5,7,-1,6,7,8,-1,8,7,9,-1,8,9,10,-1,10,9,11,-1,10,11,12,-1,12,11,13,-1,12,13,14,-1,14,13,15,-1,14,15,16,-1,16,15,17,-1,16,17,18,-1,18,17,19,-1,18,19,20,-1,20,19,21,-1,20,21,22,-1,22,21,23,-1,22,23,24,-1,24,23,25,-1,24,25,26,-1,26,25,27,-1,26,27,28,-1,28,27,29,-1,28,29,30,-1,30,29,31,-1,30,31,32,-1,32,31,33,-1,32,33,34,-1,34,33,35,-1,34,35,36,-1,36,35,37,-1,36,37,38,-1,38,37,39,-1,38,39,40,-1,40,39,41,-1,40,41,42,-1,42,41,43,-1,42,43,44,-1,44,43,45,-1,44,45,46,-1,46,45,47,-1,46,47,0,-1,0,47,1,-1,44,46,48,-1,48,46,0,-1,48,0,2,-1,38,40,48,-1,48,40,42,-1,48,42,44,-1,32,34,48,-1,48,34,36,-1,48,36,38,-1,26,28,48,-1,48,28,30,-1,48,30,32,-1,20,22,48,-1,48,22,24,-1,48,24,26,-1,14,16,48,-1,48,16,18,-1,48,18,20,-1,8,10,48,-1,48,10,12,-1,48,12,14,-1,2,4,48,-1,48,4,6,-1,48,6,8,-1,
        ]
    }
}
Shape{
    appearance Appearance {
        material  Material 	{
            diffuseColor 1.0 1.0 1.0
            specularColor 0.5019607843137255 0.5019607843137255 0.5019607843137255
            ambientIntensity 1.0
            transparency 0.0
            shininess 0.5
        }
    }
    geometry IndexedFaceSet {
        ccw TRUE
        solid FALSE
        coord DEF co Coordinate {
            point [
                0.5586 0.0221 0.1209, 0.5581 0.0221 0.117, 0.5547 0.0221 0.1215, 0.5542 0.0221 0.1176, 0.5586 0.0082 0.1209, 0.5547 0.0082 0.1215, 0.5629 0.0082 0.1514, 0.559 0.0082 0.1519, 0.5629 0.0038 0.1514, 0.559 0.0038 0.1519, 0.5581 0.0038 0.117, 0.5542 0.0038 0.1176, 0.558 0.0398 0.1164, 0.5541 0.0398 0.117, 0.5542 0.0451 0.1175, 0.5581 0.0451 0.1169, 0.5543 0.0489 0.1187, 0.5582 0.0489 0.1182, 0.5544 0.0495 0.119, 0.5583 0.0495 0.1184, 0.5589 0.0495 0.1227, 0.555 0.0495 0.1232, 0.5548 0.046 0.1217, 0.5587 0.046 0.1212, 0.5547 0.0421 0.121, 0.5586 0.0421 0.1205, 0.5547 0.0405 0.1209, 0.5586 0.0405 0.1204, 0.5547 0.037 0.1214, 0.5586 0.037 0.1208, 0.5549 0.0345 0.1223, 0.5588 0.0345 0.1218, 0.5551 0.0323 0.1239, 0.559 0.0323 0.1233, 0.5552 0.0316 0.1246, 0.5591 0.0316 0.124, 0.5555 0.0299 0.1269, 0.5594 0.0299 0.1263, 0.5559 0.0288 0.1297, 0.5598 0.0288 0.1291, 0.5564 0.0282 0.1331, 0.5603 0.0282 0.1325, 0.5566 0.0282 0.1344, 0.5604 0.0282 0.1338, 0.5572 0.0288 0.1391, 0.5611 0.0288 0.1386, 0.5576 0.0299 0.1421, 0.5615 0.0299 0.1415, 0.558 0.0318 0.1447, 0.5619 0.0318 0.1441, 0.5583 0.0342 0.1466, 0.5622 0.0342 0.1461, 0.5584 0.0369 0.1479, 0.5623 0.0369 0.1473, 0.5585 0.0399 0.1484, 0.5624 0.0399 0.1479, 0.5585 0.0413 0.1485, 0.5624 0.0413 0.148, 0.5585 0.0455 0.148, 0.5624 0.0455 0.1474, 0.5583 0.0491 0.1467, 0.5622 0.0491 0.1461, 0.5583 0.0495 0.1465, 0.5622 0.0495 0.1459, 0.5628 0.0495 0.1506, 0.5589 0.0495 0.1511, 0.5591 0.0412 0.1525, 0.563 0.0412 0.152, 0.563 0.0413 0.152, 0.5591 0.0458 0.1521, 0.5629 0.0458 0.1516, 0.5591 0.0449 0.1522, 0.5591 0.0413 0.1525, 0.5591 0.0388 0.1522, 0.5629 0.0362 0.1513, 0.559 0.0362 0.1519, 0.5588 0.0326 0.1505, 0.5627 0.0326 0.1499, 0.5585 0.0293 0.1482, 0.5624 0.0293 0.1477, 0.5584 0.0285 0.1474, 0.5623 0.0285 0.1469, 0.5579 0.026 0.1442, 0.5618 0.026 0.1436, 0.5576 0.025 0.142, 0.5613 0.0243 0.1398, 0.5574 0.0243 0.1404, 0.5568 0.0235 0.1359, 0.5607 0.0235 0.1353, 0.5565 0.0235 0.1341, 0.5604 0.0235 0.1336, 0.5548 0.0279 0.1217, 0.5587 0.0279 0.1211, 0.5591 0.0256 0.1243, 0.5557 0.0242 0.1285, 0.5596 0.0242 0.1279, 0.5554 0.025 0.1263, 0.5552 0.0256 0.1249, 0.5544 0.0307 0.1194, 0.5583 0.0307 0.1188, 0.5542 0.034 0.1179, 0.5581 0.034 0.1173, 0.5541 0.0378 0.1171, 0.558 0.0378 0.1165, 0.5586 0.0751 0.1209, 0.5581 0.0751 0.117, 0.5547 0.0751 0.1215, 0.5542 0.0751 0.1176, 0.5547 0.0609 0.1215, 0.5586 0.0609 0.1209, 0.5547 0.0702 0.1215, 0.5603 0.0609 0.1325, 0.5564 0.0609 0.133, 0.5603 0.0733 0.1325, 0.5564 0.0702 0.133, 0.5564 0.0733 0.133, 0.5608 0.0733 0.1364, 0.5569 0.0733 0.137, 0.5569 0.0609 0.137, 0.5608 0.0609 0.1364, 0.5569 0.0702 0.137, 0.5624 0.0609 0.1474, 0.5585 0.0609 0.148, 0.5624 0.0743 0.1474, 0.5585 0.0702 0.148, 0.5585 0.0743 0.148, 0.5629 0.0743 0.1514, 0.559 0.0743 0.1519, 0.559 0.0564 0.1519, 0.5629 0.0564 0.1514, 0.559 0.0702 0.1519, 0.5581 0.0564 0.117, 0.5542 0.0564 0.1176, 0.5542 0.0702 0.1176, 0.5588 0.1046 0.1218, 0.5591 0.1011 0.1242, 0.5584 0.101 0.1193, 0.5589 0.0988 0.1226, 0.5582 0.0971 0.1177, 0.5587 0.096 0.1215, 0.5581 0.0912 0.117, 0.5586 0.0911 0.1209, 0.5581 0.0816 0.117, 0.5586 0.0861 0.1209, 0.5629 0.0816 0.1514, 0.5624 0.0861 0.1474, 0.5629 0.0915 0.1514, 0.5624 0.0913 0.1474, 0.5628 0.0968 0.1508, 0.5623 0.0958 0.1469, 0.5626 0.101 0.1493, 0.5621 0.0988 0.1459, 0.5623 0.1046 0.1468, 0.5619 0.1013 0.1442, 0.5621 0.1058 0.1457, 0.5618 0.1023 0.1433, 0.5617 0.108 0.1427, 0.5615 0.1036 0.1414, 0.5612 0.1093 0.1394, 0.5612 0.1046 0.1389, 0.5606 0.1099 0.1346, 0.5605 0.1052 0.1345, 0.5603 0.1098 0.1325, 0.5602 0.105 0.1318, 0.5597 0.1089 0.1284, 0.5597 0.1042 0.1288, 0.5592 0.1072 0.1249, 0.5594 0.1029 0.1263, 0.5591 0.1014 0.1245, 0.5542 0.0912 0.1176, 0.5542 0.0816 0.1176, 0.5549 0.1046 0.1224, 0.5543 0.0971 0.1183, 0.5543 0.0975 0.1185, 0.5545 0.101 0.1198, 0.5553 0.1072 0.1254, 0.5558 0.1089 0.129, 0.5564 0.1098 0.133, 0.5567 0.1099 0.1352, 0.5573 0.1093 0.14, 0.5578 0.108 0.1432, 0.5582 0.1058 0.1462, 0.5584 0.1046 0.1474, 0.559 0.0915 0.1519, 0.5587 0.101 0.1498, 0.5589 0.0975 0.1511, 0.5589 0.0968 0.1513, 0.559 0.0816 0.1519, 0.5585 0.0913 0.148, 0.5585 0.0861 0.148, 0.5547 0.0861 0.1215, 0.5547 0.0911 0.1215, 0.5552 0.1014 0.1251, 0.5552 0.1011 0.1247, 0.555 0.0988 0.1232, 0.5548 0.096 0.1221, 0.5566 0.1052 0.1351, 0.5563 0.105 0.1323, 0.5558 0.1042 0.1293, 0.5555 0.1029 0.1268, 0.558 0.1013 0.1447, 0.5579 0.1023 0.1438, 0.5576 0.1036 0.1419, 0.5573 0.1046 0.1394, 0.5584 0.0958 0.1475, 0.5582 0.0988 0.1464
            ]
        }
        coordIndex [
            0,1,2,-1,2,1,3,-1,4,0,5,-1,5,0,2,-1,6,4,7,-1,7,4,5,-1,8,6,9,-1,9,6,7,-1,10,8,11,-1,11,8,9,-1,1,10,3,-1,3,10,11,-1,6,8,4,-1,4,8,10,-1,4,10,0,-1,0,10,1,-1,12,13,14,-1,12,14,15,-1,15,14,16,-1,15,16,17,-1,17,16,18,-1,17,18,19,-1,20,19,21,-1,21,19,18,-1,20,21,22,-1,20,22,23,-1,23,22,24,-1,23,24,25,-1,25,24,26,-1,25,26,27,-1,27,26,28,-1,27,28,29,-1,29,28,30,-1,29,30,31,-1,31,30,32,-1,31,32,33,-1,33,32,34,-1,33,34,35,-1,35,34,36,-1,35,36,37,-1,37,36,38,-1,37,38,39,-1,39,38,40,-1,39,40,41,-1,41,40,42,-1,41,42,43,-1,43,42,44,-1,43,44,45,-1,45,44,46,-1,45,46,47,-1,47,46,48,-1,47,48,49,-1,49,48,50,-1,49,50,51,-1,51,50,52,-1,51,52,53,-1,53,52,54,-1,53,54,55,-1,55,54,56,-1,55,56,57,-1,57,56,58,-1,57,58,59,-1,59,58,60,-1,59,60,61,-1,61,60,62,-1,61,62,63,-1,64,63,65,-1,65,63,62,-1,66,67,68,-1,64,65,69,-1,64,69,70,-1,70,69,71,-1,70,71,68,-1,68,71,72,-1,68,72,66,-1,67,66,73,-1,67,73,74,-1,73,75,74,-1,74,75,76,-1,74,76,77,-1,77,76,78,-1,77,78,79,-1,79,78,80,-1,79,80,81,-1,81,80,82,-1,81,82,83,-1,83,82,84,-1,83,84,85,-1,84,86,85,-1,85,86,87,-1,85,87,88,-1,88,87,89,-1,88,89,90,-1,91,92,93,-1,90,89,94,-1,90,94,95,-1,95,94,96,-1,95,96,93,-1,93,96,97,-1,93,97,91,-1,92,91,98,-1,92,98,99,-1,99,98,100,-1,99,100,101,-1,101,100,102,-1,101,102,103,-1,103,102,13,-1,103,13,12,-1,61,63,64,-1,51,79,49,-1,49,79,81,-1,49,81,47,-1,47,81,83,-1,47,83,45,-1,61,64,59,-1,59,64,70,-1,59,70,57,-1,57,70,68,-1,57,68,55,-1,55,68,67,-1,55,67,53,-1,53,67,74,-1,53,74,51,-1,51,74,77,-1,51,77,79,-1,90,43,88,-1,88,43,45,-1,88,45,85,-1,85,45,83,-1,19,20,17,-1,17,20,23,-1,17,23,15,-1,15,23,25,-1,15,25,12,-1,12,25,27,-1,12,27,103,-1,103,27,29,-1,103,29,101,-1,101,29,31,-1,101,31,99,-1,99,31,33,-1,99,33,92,-1,92,33,35,-1,92,35,93,-1,93,35,37,-1,93,37,95,-1,95,37,39,-1,95,39,90,-1,90,39,41,-1,90,41,43,-1,104,105,106,-1,106,105,107,-1,108,109,110,-1,110,109,104,-1,110,104,106,-1,111,109,112,-1,112,109,108,-1,111,112,113,-1,113,112,114,-1,113,114,115,-1,116,113,117,-1,117,113,115,-1,118,119,120,-1,120,119,116,-1,120,116,117,-1,121,119,122,-1,122,119,118,-1,121,122,123,-1,123,122,124,-1,123,124,125,-1,126,123,127,-1,127,123,125,-1,128,129,130,-1,130,129,126,-1,130,126,127,-1,131,129,132,-1,132,129,128,-1,131,132,105,-1,105,132,133,-1,105,133,107,-1,131,105,104,-1,104,109,131,-1,131,109,111,-1,131,111,129,-1,123,126,121,-1,121,126,129,-1,121,129,119,-1,119,129,111,-1,119,111,116,-1,116,111,113,-1,134,135,136,-1,136,135,137,-1,136,137,138,-1,138,137,139,-1,138,139,140,-1,140,139,141,-1,140,141,142,-1,142,141,143,-1,142,143,144,-1,144,143,145,-1,144,145,146,-1,146,145,147,-1,146,147,148,-1,148,147,149,-1,148,149,150,-1,150,149,151,-1,150,151,152,-1,152,151,153,-1,152,153,154,-1,154,153,155,-1,154,155,156,-1,156,155,157,-1,156,157,158,-1,158,157,159,-1,158,159,160,-1,160,159,161,-1,160,161,162,-1,162,161,163,-1,162,163,164,-1,164,163,165,-1,164,165,166,-1,166,165,167,-1,166,167,134,-1,134,167,168,-1,134,168,135,-1,140,142,169,-1,169,142,170,-1,171,134,136,-1,140,169,172,-1,140,172,138,-1,138,172,173,-1,138,173,136,-1,136,173,174,-1,136,174,171,-1,134,171,175,-1,134,175,166,-1,166,175,176,-1,166,176,164,-1,164,176,177,-1,164,177,162,-1,162,177,178,-1,162,178,160,-1,160,178,179,-1,160,179,158,-1,158,179,180,-1,158,180,156,-1,156,180,181,-1,156,181,154,-1,154,181,182,-1,154,182,152,-1,183,146,148,-1,152,182,184,-1,152,184,150,-1,150,184,185,-1,150,185,148,-1,148,185,186,-1,148,186,183,-1,144,146,187,-1,187,146,183,-1,142,144,170,-1,170,144,187,-1,147,145,188,-1,188,145,189,-1,145,143,189,-1,189,143,190,-1,143,141,190,-1,190,141,191,-1,168,192,193,-1,168,193,135,-1,135,193,194,-1,135,194,137,-1,137,194,195,-1,137,195,139,-1,139,195,191,-1,139,191,141,-1,161,196,197,-1,161,197,163,-1,163,197,198,-1,163,198,165,-1,165,198,199,-1,165,199,167,-1,167,199,192,-1,167,192,168,-1,153,200,201,-1,153,201,155,-1,155,201,202,-1,155,202,157,-1,157,202,203,-1,157,203,159,-1,159,203,196,-1,159,196,161,-1,147,188,204,-1,147,204,149,-1,149,204,205,-1,149,205,151,-1,151,205,200,-1,151,200,153,-1,
        ]
    }
}
Shape{
    appearance Appearance {
        material  Material 	{
            diffuseColor 0.2235294117647059 0.2235294117647059 0.2235294117647059
            specularColor 0.11372549019607843 0.11372549019607843 0.11372549019607843
            ambientIntensity 0.2235
            transparency 0.0
            shininess 0.5
        }
    }
    geometry IndexedFaceSet {
        ccw TRUE
        solid FALSE
        coord DEF co Coordinate {
            point [
                0.5585 0.0861 0.148, 0.5547 0.0861 0.1215, 0.5585 0.0913 0.148, 0.5547 0.0911 0.1215, 0.5552 0.1011 0.1247, 0.5552 0.1014 0.1251, 0.5555 0.1029 0.1268, 0.5548 0.096 0.1221, 0.555 0.0988 0.1232, 0.5558 0.1042 0.1293, 0.5563 0.105 0.1323, 0.5566 0.1052 0.1351, 0.5582 0.0988 0.1464, 0.5584 0.0958 0.1475, 0.558 0.1013 0.1447, 0.5579 0.1023 0.1438, 0.5573 0.1046 0.1394, 0.5576 0.1036 0.1419
            ]
        }
        coordIndex [
            0,1,2,-1,2,1,3,-1,4,5,2,-1,2,5,6,-1,3,7,2,-1,2,7,8,-1,2,8,4,-1,6,9,2,-1,2,9,10,-1,2,10,11,-1,12,13,14,-1,14,13,2,-1,14,2,15,-1,11,16,2,-1,2,16,17,-1,2,17,15,-1,
        ]
    }
}
Shape{
    appearance Appearance {
        material  Material 	{
            diffuseColor 1.0 1.0 1.0
            specularColor 0.5019607843137255 0.5019607843137255 0.5019607843137255
            ambientIntensity 1.0
            transparency 0.0
            shininess 0.5
        }
    }
    geometry IndexedFaceSet {
        ccw TRUE
        solid FALSE
        coord DEF co Coordinate {
            point [
                0.56 0.1215 0.1303, 0.5594 0.1201 0.1264, 0.56 0.1331 0.1303, 0.5594 0.1345 0.1264, 0.562 0.1267 0.1446, 0.5629 0.125 0.1514, 0.5581 0.1118 0.117, 0.5581 0.1167 0.117, 0.5621 0.127 0.1456, 0.5623 0.1272 0.147, 0.5629 0.1298 0.1514, 0.5623 0.1274 0.147, 0.5621 0.1276 0.1455, 0.562 0.1279 0.1446, 0.5581 0.143 0.117, 0.5581 0.1381 0.117, 0.559 0.1298 0.1519, 0.5542 0.143 0.1176, 0.559 0.125 0.1519, 0.5542 0.1118 0.1176, 0.5578 0.1218 0.1436, 0.5542 0.1167 0.1176, 0.5555 0.1201 0.127, 0.5555 0.1345 0.127, 0.5555 0.1218 0.127, 0.5542 0.1381 0.1176, 0.5561 0.1215 0.1308, 0.5561 0.1331 0.1308, 0.5581 0.1279 0.1451, 0.5584 0.1274 0.1475, 0.5582 0.1276 0.1461, 0.5584 0.1272 0.1475, 0.5581 0.1267 0.1451, 0.5582 0.127 0.1462
            ]
        }
        coordIndex [
            0,1,2,-1,2,1,3,-1,4,5,0,-1,0,5,6,-1,0,6,1,-1,1,6,7,-1,4,8,5,-1,5,8,9,-1,5,9,10,-1,10,9,11,-1,10,11,12,-1,12,13,10,-1,10,13,2,-1,10,2,14,-1,14,2,3,-1,14,3,15,-1,10,14,16,-1,16,14,17,-1,5,10,18,-1,18,10,16,-1,19,6,20,-1,20,6,5,-1,20,5,18,-1,7,6,21,-1,21,6,19,-1,1,7,22,-1,22,7,21,-1,23,3,24,-1,24,3,1,-1,24,1,22,-1,15,3,25,-1,25,3,23,-1,14,15,17,-1,17,15,25,-1,0,2,26,-1,26,2,27,-1,2,13,27,-1,27,13,28,-1,11,29,30,-1,11,30,12,-1,12,30,28,-1,12,28,13,-1,11,9,29,-1,29,9,31,-1,4,32,33,-1,4,33,8,-1,8,33,31,-1,8,31,9,-1,4,0,32,-1,32,0,26,-1,
        ]
    }
}
Shape{
    appearance Appearance {
        material  Material 	{
            diffuseColor 0.2235294117647059 0.2235294117647059 0.2235294117647059
            specularColor 0.11372549019607843 0.11372549019607843 0.11372549019607843
            ambientIntensity 0.2235
            transparency 0.0
            shininess 0.5
        }
    }
    geometry IndexedFaceSet {
        ccw TRUE
        solid FALSE
        coord DEF co Coordinate {
            point [
                0.5584 0.1274 0.1475, 0.5584 0.1272 0.1475, 0.5582 0.1276 0.1461, 0.5582 0.127 0.1462, 0.5581 0.1279 0.1451, 0.5581 0.1267 0.1451, 0.5561 0.1331 0.1308, 0.5561 0.1215 0.1308
            ]
        }
        coordIndex [
            0,1,2,-1,2,1,3,-1,2,3,4,-1,4,3,5,-1,4,5,6,-1,6,5,7,-1,
        ]
    }
}
Shape{
    appearance Appearance {
        material  Material 	{
            diffuseColor 1.0 1.0 1.0
            specularColor 0.5019607843137255 0.5019607843137255 0.5019607843137255
            ambientIntensity 1.0
            transparency 0.0
            shininess 0.5
        }
    }
    geometry IndexedFaceSet {
        ccw TRUE
        solid FALSE
        coord DEF co Coordinate {
            point [
                0.551 0.0224 0.0664, 0.5504 0.0224 0.0625, 0.5471 0.0224 0.067, 0.5465 0.0224 0.0631, 0.551 0.0082 0.0664, 0.5471 0.0082 0.067, 0.5526 0.0082 0.078, 0.5487 0.0082 0.0785, 0.5526 0.0206 0.078, 0.5487 0.0206 0.0785, 0.5532 0.0206 0.0819, 0.5493 0.0206 0.0825, 0.5532 0.0082 0.0819, 0.5493 0.0082 0.0825, 0.5547 0.0082 0.0929, 0.5508 0.0082 0.0935, 0.5547 0.0216 0.0929, 0.5508 0.0216 0.0935, 0.5553 0.0216 0.0969, 0.5514 0.0216 0.0974, 0.5553 0.0038 0.0969, 0.5514 0.0038 0.0974, 0.5504 0.0038 0.0625, 0.5465 0.0038 0.0631, 0.551 0.042 0.0663, 0.551 0.0421 0.0663, 0.5515 0.0419 0.0703, 0.5518 0.0421 0.0722, 0.5526 0.0465 0.0783, 0.5518 0.0421 0.0725, 0.5522 0.0421 0.0748, 0.5504 0.0421 0.0625, 0.5504 0.0465 0.0625, 0.5539 0.0406 0.0873, 0.5534 0.0396 0.0836, 0.5538 0.0423 0.0867, 0.5533 0.0404 0.0831, 0.5519 0.0327 0.0729, 0.552 0.0337 0.0734, 0.5523 0.0312 0.0762, 0.5513 0.0412 0.0687, 0.5511 0.0403 0.0675, 0.5508 0.0414 0.0653, 0.5511 0.0397 0.0669, 0.5506 0.04 0.0638, 0.5509 0.0385 0.0661, 0.5505 0.0384 0.0628, 0.5509 0.0372 0.0656, 0.5504 0.0367 0.0622, 0.5508 0.0356 0.0655, 0.5503 0.0344 0.0619, 0.5509 0.0341 0.0656, 0.5504 0.0318 0.0622, 0.5509 0.0331 0.066, 0.5505 0.0302 0.0629, 0.551 0.0322 0.0666, 0.5506 0.0287 0.0639, 0.5511 0.0319 0.0669, 0.5536 0.029 0.0853, 0.553 0.029 0.0812, 0.5537 0.0299 0.0858, 0.5533 0.032 0.083, 0.5539 0.0331 0.0871, 0.5534 0.0347 0.0839, 0.554 0.0375 0.0876, 0.5535 0.0371 0.0841, 0.5534 0.0386 0.084, 0.5525 0.0348 0.0771, 0.5521 0.0363 0.0741, 0.5526 0.0421 0.0781, 0.5518 0.0321 0.0725, 0.5522 0.0294 0.0752, 0.5517 0.0316 0.0719, 0.552 0.0282 0.074, 0.5516 0.0312 0.0711, 0.5519 0.0273 0.0726, 0.5515 0.031 0.0701, 0.5516 0.0268 0.0711, 0.5514 0.031 0.0694, 0.5514 0.0266 0.0691, 0.5513 0.0311 0.0684, 0.5511 0.0268 0.067, 0.5512 0.0314 0.0677, 0.5509 0.0274 0.0656, 0.5507 0.0283 0.0643, 0.5529 0.042 0.08, 0.5532 0.0461 0.0819, 0.5531 0.0415 0.0815, 0.5534 0.0453 0.0838, 0.5532 0.041 0.0824, 0.5536 0.0444 0.0851, 0.5537 0.0437 0.0858, 0.5501 0.0375 0.0882, 0.55 0.0331 0.0876, 0.5498 0.0299 0.0864, 0.5497 0.029 0.0859, 0.5491 0.029 0.0817, 0.5494 0.032 0.0836, 0.5495 0.0347 0.0844, 0.5496 0.0371 0.0847, 0.5495 0.0386 0.0845, 0.5495 0.0396 0.0842, 0.5494 0.0404 0.0837, 0.5493 0.041 0.083, 0.5492 0.0415 0.0821, 0.549 0.042 0.0805, 0.5487 0.0421 0.0787, 0.5486 0.0348 0.0776, 0.5484 0.0312 0.0767, 0.5483 0.0294 0.0758, 0.5482 0.0282 0.0746, 0.548 0.0273 0.0732, 0.5477 0.0268 0.0716, 0.5475 0.0266 0.0696, 0.5472 0.0268 0.0676, 0.547 0.0274 0.0661, 0.5468 0.0283 0.0648, 0.5467 0.0287 0.0644, 0.5464 0.0344 0.0625, 0.5465 0.0319 0.0628, 0.5465 0.0318 0.0628, 0.5466 0.0302 0.0634, 0.5465 0.0367 0.0627, 0.5465 0.0368 0.0628, 0.5466 0.0384 0.0633, 0.5467 0.04 0.0644, 0.5469 0.0414 0.0659, 0.5471 0.042 0.0669, 0.5471 0.0421 0.0669, 0.5465 0.0421 0.0631, 0.5465 0.0465 0.0631, 0.5487 0.0465 0.0789, 0.5493 0.0461 0.0825, 0.5495 0.0453 0.0843, 0.5497 0.0444 0.0857, 0.5498 0.0437 0.0864, 0.5499 0.0423 0.0872, 0.55 0.0406 0.0878, 0.5479 0.0321 0.0731, 0.548 0.0327 0.0735, 0.5481 0.0337 0.074, 0.5482 0.0363 0.0746, 0.5475 0.031 0.07, 0.5476 0.031 0.0707, 0.5477 0.0312 0.0717, 0.5479 0.0316 0.0725, 0.5471 0.0322 0.0671, 0.5472 0.0319 0.0675, 0.5473 0.0314 0.0682, 0.5474 0.0311 0.069, 0.5469 0.0356 0.066, 0.547 0.0341 0.0662, 0.547 0.0331 0.0665, 0.5472 0.0403 0.068, 0.5472 0.0397 0.0675, 0.547 0.0385 0.0667, 0.547 0.0372 0.0662, 0.5479 0.0421 0.073, 0.5479 0.0421 0.0727, 0.5476 0.0419 0.0708, 0.5474 0.0412 0.0693, 0.5483 0.0421 0.0754
            ]
        }
        coordIndex [
            0,1,2,-1,2,1,3,-1,4,0,5,-1,5,0,2,-1,6,4,7,-1,7,4,5,-1,8,6,9,-1,9,6,7,-1,10,8,11,-1,11,8,9,-1,12,10,13,-1,13,10,11,-1,14,12,15,-1,15,12,13,-1,16,14,17,-1,17,14,15,-1,18,16,19,-1,19,16,17,-1,20,18,21,-1,21,18,19,-1,22,20,23,-1,23,20,21,-1,1,22,3,-1,3,22,23,-1,22,1,0,-1,0,4,22,-1,22,4,6,-1,22,6,20,-1,16,18,14,-1,14,18,20,-1,14,20,12,-1,12,20,6,-1,12,6,10,-1,10,6,8,-1,24,25,26,-1,27,28,29,-1,29,28,30,-1,31,32,25,-1,25,32,28,-1,25,28,26,-1,26,28,27,-1,33,34,35,-1,35,34,36,-1,37,38,39,-1,26,40,24,-1,24,40,41,-1,24,41,42,-1,42,41,43,-1,42,43,44,-1,44,43,45,-1,44,45,46,-1,46,45,47,-1,46,47,48,-1,48,47,49,-1,48,49,50,-1,50,49,51,-1,50,51,52,-1,52,51,53,-1,52,53,54,-1,54,53,55,-1,54,55,56,-1,56,55,57,-1,58,59,60,-1,60,59,61,-1,60,61,62,-1,62,61,63,-1,62,63,64,-1,64,63,65,-1,64,65,33,-1,33,65,66,-1,33,66,34,-1,39,38,67,-1,67,38,68,-1,67,68,69,-1,37,39,70,-1,70,39,71,-1,70,71,72,-1,72,71,73,-1,72,73,74,-1,74,73,75,-1,74,75,76,-1,76,75,77,-1,76,77,78,-1,78,77,79,-1,78,79,80,-1,80,79,81,-1,80,81,82,-1,82,81,83,-1,82,83,57,-1,57,83,84,-1,57,84,56,-1,68,30,69,-1,69,30,28,-1,69,28,85,-1,85,28,86,-1,85,86,87,-1,87,86,88,-1,87,88,89,-1,89,88,90,-1,89,90,36,-1,36,90,91,-1,36,91,35,-1,64,92,93,-1,64,93,62,-1,62,93,94,-1,62,94,60,-1,60,94,95,-1,60,95,58,-1,59,58,96,-1,96,58,95,-1,59,96,97,-1,59,97,61,-1,61,97,98,-1,61,98,63,-1,63,98,99,-1,63,99,65,-1,65,99,100,-1,65,100,66,-1,66,100,101,-1,66,101,34,-1,34,101,102,-1,34,102,36,-1,36,102,103,-1,36,103,89,-1,89,103,104,-1,89,104,87,-1,87,104,105,-1,87,105,85,-1,85,105,106,-1,85,106,69,-1,67,69,107,-1,107,69,106,-1,67,107,108,-1,67,108,39,-1,39,108,109,-1,39,109,71,-1,71,109,110,-1,71,110,73,-1,73,110,111,-1,73,111,75,-1,75,111,112,-1,75,112,77,-1,77,112,113,-1,77,113,79,-1,79,113,114,-1,79,114,81,-1,81,114,115,-1,81,115,83,-1,83,115,116,-1,83,116,84,-1,84,116,117,-1,84,117,56,-1,118,50,119,-1,119,50,52,-1,119,52,120,-1,120,52,54,-1,120,54,121,-1,121,54,56,-1,121,56,117,-1,50,118,122,-1,50,122,48,-1,48,122,123,-1,48,123,46,-1,123,124,46,-1,46,124,125,-1,46,125,44,-1,44,125,126,-1,44,126,42,-1,42,126,127,-1,42,127,24,-1,25,24,128,-1,128,24,127,-1,31,25,129,-1,129,25,128,-1,32,31,130,-1,130,31,129,-1,28,32,131,-1,131,32,130,-1,28,131,132,-1,28,132,86,-1,86,132,133,-1,86,133,88,-1,88,133,134,-1,88,134,90,-1,90,134,135,-1,90,135,91,-1,91,135,136,-1,91,136,35,-1,35,136,137,-1,35,137,33,-1,33,137,92,-1,33,92,64,-1,70,138,139,-1,70,139,37,-1,37,139,140,-1,37,140,38,-1,38,140,141,-1,38,141,68,-1,78,142,143,-1,78,143,76,-1,76,143,144,-1,76,144,74,-1,74,144,145,-1,74,145,72,-1,72,145,138,-1,72,138,70,-1,55,146,147,-1,55,147,57,-1,57,147,148,-1,57,148,82,-1,82,148,149,-1,82,149,80,-1,80,149,142,-1,80,142,78,-1,49,150,151,-1,49,151,51,-1,51,151,152,-1,51,152,53,-1,53,152,146,-1,53,146,55,-1,41,153,154,-1,41,154,43,-1,43,154,155,-1,43,155,45,-1,45,155,156,-1,45,156,47,-1,47,156,150,-1,47,150,49,-1,29,157,158,-1,29,158,27,-1,27,158,159,-1,27,159,26,-1,26,159,160,-1,26,160,40,-1,40,160,153,-1,40,153,41,-1,29,30,157,-1,157,30,161,-1,30,68,161,-1,161,68,141,-1,
        ]
    }
}
Shape{
    appearance Appearance {
        material  Material 	{
            diffuseColor 0.2235294117647059 0.2235294117647059 0.2235294117647059
            specularColor 0.11372549019607843 0.11372549019607843 0.11372549019607843
            ambientIntensity 0.2235
            transparency 0.0
            shininess 0.5
        }
    }
    geometry IndexedFaceSet {
        ccw TRUE
        solid FALSE
        coord DEF co Coordinate {
            point [
                0.5479 0.0421 0.0727, 0.5479 0.0421 0.073, 0.5479 0.0321 0.0731, 0.5483 0.0421 0.0754, 0.5482 0.0363 0.0746, 0.5481 0.0337 0.074, 0.548 0.0327 0.0735, 0.5476 0.0419 0.0708, 0.5479 0.0316 0.0725, 0.5474 0.0412 0.0693, 0.5472 0.0319 0.0675, 0.5471 0.0322 0.0671, 0.5472 0.0397 0.0675, 0.5473 0.0314 0.0682, 0.547 0.0385 0.0667, 0.547 0.0372 0.0662, 0.5469 0.0356 0.066, 0.5477 0.0312 0.0717, 0.5476 0.031 0.0707, 0.5472 0.0403 0.068, 0.5475 0.031 0.07, 0.5474 0.0311 0.069, 0.547 0.0331 0.0665, 0.547 0.0341 0.0662
            ]
        }
        coordIndex [
            0,1,2,-1,1,3,4,-1,4,5,1,-1,1,5,6,-1,1,6,2,-1,0,2,7,-1,7,2,8,-1,7,8,9,-1,10,11,12,-1,10,12,13,-1,14,12,15,-1,15,12,16,-1,8,17,9,-1,9,17,18,-1,9,18,19,-1,19,18,20,-1,19,20,12,-1,12,20,21,-1,12,21,13,-1,11,22,12,-1,12,22,23,-1,12,23,16,-1,
        ]
    }
}
Shape{
    appearance Appearance {
        material  Material 	{
            diffuseColor 1.0 1.0 1.0
            specularColor 0.5019607843137255 0.5019607843137255 0.5019607843137255
            ambientIntensity 1.0
            transparency 0.0
            shininess 0.5
        }
    }
    geometry IndexedFaceSet {
        ccw TRUE
        solid FALSE
        coord DEF co Coordinate {
            point [
                0.5473 0.0524 0.0684, 0.5512 0.0524 0.0678, 0.551 0.0539 0.0668, 0.5508 0.0595 0.0654, 0.5469 0.0595 0.066, 0.547 0.0567 0.0663, 0.5509 0.0567 0.0658, 0.5471 0.0544 0.0672, 0.5471 0.0539 0.0674, 0.5505 0.0524 0.0634, 0.5467 0.0524 0.0639, 0.5466 0.0544 0.0632, 0.5504 0.0554 0.0623, 0.5464 0.0591 0.0625, 0.5503 0.0591 0.0619, 0.5465 0.0563 0.0628, 0.5465 0.0554 0.0629, 0.5465 0.0616 0.0628, 0.5504 0.063 0.0624, 0.5465 0.063 0.0629, 0.5466 0.0653 0.0638, 0.5505 0.0653 0.0633, 0.5467 0.0663 0.0644, 0.5506 0.0663 0.0639, 0.5469 0.0676 0.0655, 0.5508 0.0676 0.065, 0.547 0.0684 0.0666, 0.5509 0.0684 0.0661, 0.5472 0.0689 0.068, 0.5511 0.0689 0.0675, 0.5475 0.0691 0.0697, 0.5514 0.0691 0.0692, 0.5477 0.0689 0.0713, 0.5516 0.0689 0.0708, 0.5479 0.0685 0.0726, 0.5518 0.0685 0.0721, 0.548 0.0677 0.0738, 0.5519 0.0677 0.0732, 0.5482 0.0666 0.0747, 0.5521 0.0666 0.0742, 0.5484 0.0637 0.0763, 0.5523 0.0637 0.0758, 0.5485 0.0621 0.077, 0.5524 0.0621 0.0764, 0.5486 0.0594 0.0781, 0.5525 0.0594 0.0776, 0.5488 0.0578 0.0791, 0.5527 0.0578 0.0785, 0.5488 0.0574 0.0795, 0.5527 0.0574 0.079, 0.5489 0.0571 0.0801, 0.5528 0.0571 0.0796, 0.549 0.0569 0.0808, 0.5529 0.0569 0.0802, 0.5491 0.0569 0.0814, 0.553 0.0569 0.0808, 0.5492 0.057 0.0821, 0.5531 0.057 0.0815, 0.5493 0.0572 0.0826, 0.5532 0.0572 0.0821, 0.5494 0.0576 0.0832, 0.5533 0.0576 0.0826, 0.5494 0.0582 0.0838, 0.5533 0.0582 0.0832, 0.5495 0.0592 0.0843, 0.5534 0.0592 0.0837, 0.5496 0.0603 0.0846, 0.5535 0.0603 0.084, 0.5496 0.0616 0.0847, 0.5535 0.0616 0.0841, 0.5495 0.0647 0.0843, 0.5534 0.0647 0.0838, 0.5494 0.0671 0.0834, 0.5533 0.0671 0.0828, 0.5493 0.0679 0.0829, 0.5532 0.0679 0.0823, 0.5538 0.0679 0.0865, 0.5499 0.0679 0.0871, 0.55 0.0651 0.0879, 0.5539 0.0651 0.0873, 0.5501 0.0621 0.0882, 0.554 0.0621 0.0876, 0.55 0.0586 0.0877, 0.5539 0.0586 0.0872, 0.5499 0.0563 0.0869, 0.5538 0.0563 0.0863, 0.5498 0.0552 0.0862, 0.5537 0.0552 0.0857, 0.5497 0.0544 0.0855, 0.5535 0.0539 0.0845, 0.5496 0.0539 0.0851, 0.5495 0.0531 0.0839, 0.5534 0.0531 0.0833, 0.5493 0.0526 0.0825, 0.5532 0.0526 0.082, 0.549 0.0524 0.081, 0.5529 0.0524 0.0804, 0.5488 0.0526 0.0793, 0.5527 0.0526 0.0787, 0.5486 0.0531 0.078, 0.5525 0.0531 0.0774, 0.5485 0.0536 0.0771, 0.5524 0.0536 0.0765, 0.548 0.059 0.0738, 0.5519 0.059 0.0733, 0.5521 0.0564 0.0745, 0.5484 0.0543 0.0764, 0.5523 0.0543 0.0758, 0.5484 0.0544 0.0763, 0.5482 0.0564 0.075, 0.5479 0.0618 0.0727, 0.5518 0.0618 0.0721, 0.5477 0.0635 0.0717, 0.5516 0.0635 0.0711, 0.5477 0.0641 0.0711, 0.5516 0.0641 0.0705, 0.5476 0.0644 0.0705, 0.5515 0.0644 0.07, 0.5475 0.0646 0.0698, 0.5514 0.0646 0.0693, 0.5474 0.0647 0.0693, 0.5513 0.0647 0.0688, 0.5473 0.0646 0.0685, 0.5512 0.0646 0.0679, 0.5472 0.0643 0.0679, 0.5511 0.0643 0.0673, 0.5471 0.064 0.0673, 0.551 0.064 0.0668, 0.5471 0.0635 0.0669, 0.551 0.0635 0.0663, 0.547 0.0631 0.0666, 0.5509 0.0631 0.0661, 0.547 0.0619 0.0662, 0.5509 0.0619 0.0657, 0.5469 0.0597 0.066, 0.5508 0.0597 0.0654, 0.5539 0.0907 0.0871, 0.5539 0.0952 0.0871, 0.55 0.0907 0.0876, 0.55 0.0952 0.0876, 0.5513 0.0839 0.0686, 0.5474 0.0839 0.0691, 0.5472 0.0836 0.068, 0.5511 0.0836 0.0674, 0.5471 0.0834 0.0671, 0.551 0.0834 0.0666, 0.551 0.0832 0.0666, 0.5471 0.0832 0.0671, 0.5513 0.0827 0.0686, 0.5474 0.0827 0.0692, 0.5539 0.0762 0.0871, 0.5491 0.0783 0.0816, 0.55 0.0762 0.0876, 0.5539 0.0714 0.0871, 0.55 0.0714 0.0876, 0.5504 0.0811 0.0626, 0.5475 0.0783 0.0701, 0.5465 0.0811 0.0631, 0.5459 0.0792 0.0587, 0.5498 0.0792 0.0581, 0.5465 0.081 0.0628, 0.5457 0.0783 0.0571, 0.5496 0.0783 0.0565, 0.5457 0.0783 0.0571, 0.5456 0.0775 0.0562, 0.5495 0.0775 0.0556, 0.5455 0.0768 0.0557, 0.5494 0.0768 0.0552, 0.5454 0.0759 0.0553, 0.5493 0.0759 0.0548, 0.5454 0.0749 0.0552, 0.5493 0.0749 0.0546, 0.5454 0.0747 0.0552, 0.5493 0.0747 0.0546, 0.5455 0.0732 0.0554, 0.5494 0.0732 0.0548, 0.5455 0.0723 0.0557, 0.5494 0.0723 0.0551, 0.5489 0.0723 0.0513, 0.545 0.0723 0.0519, 0.5449 0.0741 0.0515, 0.5488 0.0741 0.051, 0.5449 0.0751 0.0515, 0.5488 0.0751 0.051, 0.5449 0.077 0.0517, 0.5488 0.077 0.0512, 0.545 0.0783 0.0523, 0.5489 0.0787 0.0519, 0.545 0.0787 0.0524, 0.5452 0.0801 0.0535, 0.5491 0.0801 0.0529, 0.5455 0.0819 0.0555, 0.5494 0.0819 0.055, 0.546 0.0839 0.0594, 0.5499 0.0839 0.0588, 0.5465 0.0853 0.0628, 0.551 0.1185 0.0664, 0.5504 0.1185 0.0625, 0.5471 0.1185 0.067, 0.5465 0.1185 0.0631, 0.551 0.1043 0.0664, 0.5471 0.1108 0.067, 0.5471 0.1043 0.067, 0.5526 0.1043 0.078, 0.5487 0.1043 0.0785, 0.5526 0.1167 0.078, 0.5487 0.1108 0.0785, 0.5487 0.1167 0.0785, 0.5532 0.1167 0.0819, 0.5493 0.1167 0.0825, 0.5493 0.1043 0.0825, 0.5532 0.1043 0.0819, 0.5493 0.1108 0.0825, 0.5547 0.1043 0.0929, 0.5508 0.1043 0.0935, 0.5508 0.1177 0.0935, 0.5547 0.1177 0.0929, 0.5508 0.1108 0.0935, 0.5553 0.1177 0.0969, 0.5514 0.1177 0.0974, 0.5514 0.0998 0.0974, 0.5553 0.0998 0.0969, 0.5514 0.1108 0.0974, 0.5504 0.0998 0.0625, 0.5465 0.0998 0.0631, 0.5465 0.1108 0.0631, 0.5511 0.1481 0.0673, 0.5514 0.1445 0.0697, 0.5507 0.1445 0.0648, 0.5512 0.1423 0.0681, 0.5505 0.1405 0.0632, 0.5511 0.1394 0.067, 0.5504 0.1346 0.0625, 0.551 0.1346 0.0664, 0.5504 0.1251 0.0625, 0.551 0.1295 0.0664, 0.5553 0.1251 0.0969, 0.5547 0.1295 0.0929, 0.5553 0.135 0.0969, 0.5547 0.1348 0.0929, 0.5552 0.1403 0.0963, 0.5546 0.1392 0.0924, 0.555 0.1444 0.0948, 0.5545 0.1423 0.0914, 0.5546 0.1481 0.0923, 0.5542 0.1448 0.0897, 0.5545 0.1493 0.0912, 0.5541 0.1457 0.0888, 0.554 0.1514 0.0882, 0.5538 0.1471 0.0869, 0.5536 0.1527 0.0849, 0.5535 0.1481 0.0844, 0.5529 0.1533 0.0801, 0.5529 0.1486 0.08, 0.5526 0.1532 0.0779, 0.5525 0.1484 0.0773, 0.552 0.1524 0.0739, 0.5521 0.1477 0.0743, 0.5515 0.1507 0.0704, 0.5517 0.1464 0.0718, 0.5515 0.1449 0.07, 0.5465 0.1346 0.0631, 0.5465 0.1251 0.0631, 0.5466 0.1405 0.0638, 0.5468 0.1445 0.0653, 0.5472 0.1481 0.0679, 0.5476 0.1507 0.0709, 0.5481 0.1524 0.0745, 0.5487 0.1532 0.0785, 0.549 0.1533 0.0807, 0.5497 0.1527 0.0854, 0.5501 0.1514 0.0887, 0.5506 0.1493 0.0917, 0.5507 0.1481 0.0929, 0.5511 0.1444 0.0953, 0.5513 0.1403 0.0968, 0.5514 0.135 0.0974, 0.5514 0.1251 0.0974, 0.5508 0.1348 0.0935, 0.5508 0.1295 0.0935, 0.5471 0.1295 0.067, 0.5471 0.1346 0.067, 0.5476 0.1449 0.0706, 0.5475 0.1445 0.0702, 0.5473 0.1423 0.0687, 0.5472 0.1394 0.0676, 0.549 0.1486 0.0806, 0.5486 0.1484 0.0778, 0.5482 0.1477 0.0748, 0.5478 0.1464 0.0723, 0.5503 0.1448 0.0902, 0.5502 0.1457 0.0893, 0.55 0.1471 0.0874, 0.5496 0.1481 0.0849, 0.5507 0.1392 0.093, 0.5506 0.1423 0.0919
            ]
        }
        coordIndex [
            0,1,2,-1,3,4,5,-1,3,5,6,-1,6,5,7,-1,6,7,2,-1,2,7,8,-1,2,8,0,-1,9,1,10,-1,10,1,0,-1,10,11,9,-1,9,11,12,-1,13,14,15,-1,15,14,12,-1,15,12,16,-1,16,12,11,-1,13,17,14,-1,14,17,18,-1,17,19,18,-1,18,19,20,-1,18,20,21,-1,21,20,22,-1,21,22,23,-1,23,22,24,-1,23,24,25,-1,25,24,26,-1,25,26,27,-1,27,26,28,-1,27,28,29,-1,29,28,30,-1,29,30,31,-1,31,30,32,-1,31,32,33,-1,33,32,34,-1,33,34,35,-1,35,34,36,-1,35,36,37,-1,37,36,38,-1,37,38,39,-1,39,38,40,-1,39,40,41,-1,41,40,42,-1,41,42,43,-1,43,42,44,-1,43,44,45,-1,45,44,46,-1,45,46,47,-1,47,46,48,-1,47,48,49,-1,49,48,50,-1,49,50,51,-1,51,50,52,-1,51,52,53,-1,53,52,54,-1,53,54,55,-1,55,54,56,-1,55,56,57,-1,57,56,58,-1,57,58,59,-1,59,58,60,-1,59,60,61,-1,61,60,62,-1,61,62,63,-1,63,62,64,-1,63,64,65,-1,65,64,66,-1,65,66,67,-1,67,66,68,-1,67,68,69,-1,69,68,70,-1,69,70,71,-1,71,70,72,-1,71,72,73,-1,73,72,74,-1,73,74,75,-1,76,75,77,-1,77,75,74,-1,76,77,78,-1,76,78,79,-1,79,78,80,-1,79,80,81,-1,81,80,82,-1,81,82,83,-1,83,82,84,-1,83,84,85,-1,85,84,86,-1,85,86,87,-1,86,88,87,-1,87,88,89,-1,88,90,89,-1,89,90,91,-1,89,91,92,-1,92,91,93,-1,92,93,94,-1,94,93,95,-1,94,95,96,-1,96,95,97,-1,96,97,98,-1,98,97,99,-1,98,99,100,-1,100,99,101,-1,100,101,102,-1,103,104,105,-1,102,101,106,-1,102,106,107,-1,107,106,108,-1,107,108,105,-1,105,108,109,-1,105,109,103,-1,104,103,110,-1,104,110,111,-1,111,110,112,-1,111,112,113,-1,113,112,114,-1,113,114,115,-1,115,114,116,-1,115,116,117,-1,117,116,118,-1,117,118,119,-1,119,118,120,-1,119,120,121,-1,121,120,122,-1,121,122,123,-1,123,122,124,-1,123,124,125,-1,125,124,126,-1,125,126,127,-1,127,126,128,-1,127,128,129,-1,129,128,130,-1,129,130,131,-1,131,130,132,-1,131,132,133,-1,133,132,134,-1,133,134,135,-1,135,134,4,-1,135,4,3,-1,59,61,87,-1,87,61,85,-1,85,61,63,-1,85,63,83,-1,125,25,27,-1,111,43,104,-1,104,43,45,-1,125,27,123,-1,123,27,29,-1,123,29,121,-1,121,29,31,-1,121,31,119,-1,119,31,33,-1,119,33,117,-1,117,33,35,-1,117,35,115,-1,115,35,37,-1,115,37,113,-1,113,37,39,-1,113,39,111,-1,111,39,41,-1,111,41,43,-1,25,125,23,-1,23,125,127,-1,23,127,21,-1,14,3,12,-1,12,3,6,-1,12,6,9,-1,9,6,2,-1,9,2,1,-1,63,65,83,-1,83,65,67,-1,83,67,81,-1,81,67,69,-1,81,69,79,-1,79,69,71,-1,79,71,76,-1,76,71,73,-1,76,73,75,-1,127,129,21,-1,21,129,131,-1,21,131,18,-1,18,131,133,-1,18,133,14,-1,14,133,135,-1,14,135,3,-1,87,89,59,-1,59,89,92,-1,59,92,57,-1,57,92,94,-1,57,94,55,-1,55,94,96,-1,55,96,53,-1,53,96,98,-1,53,98,51,-1,51,98,100,-1,51,100,49,-1,49,100,102,-1,49,102,47,-1,47,102,107,-1,47,107,45,-1,45,107,105,-1,45,105,104,-1,136,137,138,-1,138,137,139,-1,140,136,141,-1,141,136,138,-1,140,141,142,-1,140,142,143,-1,143,142,144,-1,143,144,145,-1,146,145,147,-1,147,145,144,-1,148,146,149,-1,149,146,147,-1,148,149,150,-1,150,149,151,-1,150,151,152,-1,153,150,154,-1,154,150,152,-1,153,154,155,-1,155,154,156,-1,155,156,157,-1,158,159,160,-1,160,159,155,-1,160,155,157,-1,158,161,159,-1,159,161,162,-1,161,163,162,-1,162,163,164,-1,162,164,165,-1,165,164,166,-1,165,166,167,-1,167,166,168,-1,167,168,169,-1,169,168,170,-1,169,170,171,-1,171,170,172,-1,171,172,173,-1,173,172,174,-1,173,174,175,-1,175,174,176,-1,175,176,177,-1,178,177,179,-1,179,177,176,-1,178,179,180,-1,178,180,181,-1,181,180,182,-1,181,182,183,-1,183,182,184,-1,183,184,185,-1,185,184,186,-1,185,186,187,-1,186,188,187,-1,187,188,189,-1,187,189,190,-1,190,189,191,-1,190,191,192,-1,192,191,193,-1,192,193,194,-1,139,137,195,-1,195,137,194,-1,195,194,193,-1,143,145,194,-1,137,136,194,-1,194,136,140,-1,194,140,143,-1,150,153,148,-1,148,153,155,-1,148,155,146,-1,145,146,194,-1,194,146,155,-1,194,155,192,-1,155,159,192,-1,192,159,162,-1,192,162,190,-1,190,162,165,-1,190,165,187,-1,187,165,167,-1,187,167,185,-1,185,167,169,-1,185,169,183,-1,183,169,171,-1,183,171,181,-1,181,171,173,-1,181,173,178,-1,178,173,175,-1,178,175,177,-1,196,197,198,-1,198,197,199,-1,196,198,200,-1,200,198,201,-1,200,201,202,-1,203,200,204,-1,204,200,202,-1,203,204,205,-1,205,204,206,-1,205,206,207,-1,208,205,209,-1,209,205,207,-1,210,211,212,-1,212,211,208,-1,212,208,209,-1,213,211,214,-1,214,211,210,-1,215,216,217,-1,217,216,213,-1,217,213,214,-1,218,216,219,-1,219,216,215,-1,220,221,222,-1,222,221,218,-1,222,218,219,-1,223,221,224,-1,224,221,220,-1,223,224,197,-1,197,224,225,-1,197,225,199,-1,223,197,196,-1,196,200,223,-1,223,200,203,-1,223,203,221,-1,216,218,213,-1,213,218,221,-1,213,221,211,-1,211,221,203,-1,211,203,208,-1,208,203,205,-1,226,227,228,-1,228,227,229,-1,228,229,230,-1,230,229,231,-1,230,231,232,-1,232,231,233,-1,232,233,234,-1,234,233,235,-1,234,235,236,-1,236,235,237,-1,236,237,238,-1,238,237,239,-1,238,239,240,-1,240,239,241,-1,240,241,242,-1,242,241,243,-1,242,243,244,-1,244,243,245,-1,244,245,246,-1,246,245,247,-1,246,247,248,-1,248,247,249,-1,248,249,250,-1,250,249,251,-1,250,251,252,-1,252,251,253,-1,252,253,254,-1,254,253,255,-1,254,255,256,-1,256,255,257,-1,256,257,258,-1,258,257,259,-1,258,259,226,-1,226,259,260,-1,226,260,227,-1,232,234,261,-1,261,234,262,-1,232,261,263,-1,232,263,230,-1,230,263,264,-1,230,264,228,-1,228,264,265,-1,228,265,226,-1,226,265,266,-1,226,266,258,-1,258,266,267,-1,258,267,256,-1,256,267,268,-1,256,268,254,-1,254,268,269,-1,254,269,252,-1,252,269,270,-1,252,270,250,-1,250,270,271,-1,250,271,248,-1,248,271,272,-1,248,272,246,-1,246,272,273,-1,246,273,244,-1,244,273,274,-1,244,274,242,-1,242,274,275,-1,242,275,240,-1,240,275,276,-1,240,276,238,-1,236,238,277,-1,277,238,276,-1,234,236,262,-1,262,236,277,-1,239,237,278,-1,278,237,279,-1,237,235,279,-1,279,235,280,-1,235,233,280,-1,280,233,281,-1,260,282,283,-1,260,283,227,-1,227,283,284,-1,227,284,229,-1,229,284,285,-1,229,285,231,-1,231,285,281,-1,231,281,233,-1,253,286,287,-1,253,287,255,-1,255,287,288,-1,255,288,257,-1,257,288,289,-1,257,289,259,-1,259,289,282,-1,259,282,260,-1,245,290,291,-1,245,291,247,-1,247,291,292,-1,247,292,249,-1,249,292,293,-1,249,293,251,-1,251,293,286,-1,251,286,253,-1,239,278,294,-1,239,294,241,-1,241,294,295,-1,241,295,243,-1,243,295,290,-1,243,290,245,-1,
        ]
    }
}
Shape{
    appearance Appearance {
        material  Material 	{
            diffuseColor 0.2235294117647059 0.2235294117647059 0.2235294117647059
            specularColor 0.11372549019607843 0.11372549019607843 0.11372549019607843
            ambientIntensity 0.2235
            transparency 0.0
            shininess 0.5
        }
    }
    geometry IndexedFaceSet {
        ccw TRUE
        solid FALSE
        coord DEF co Coordinate {
            point [
                0.5508 0.1295 0.0935, 0.5471 0.1295 0.067, 0.5508 0.1348 0.0935, 0.5471 0.1346 0.067, 0.5475 0.1445 0.0702, 0.5476 0.1449 0.0706, 0.5478 0.1464 0.0723, 0.5472 0.1394 0.0676, 0.5473 0.1423 0.0687, 0.5482 0.1477 0.0748, 0.5486 0.1484 0.0778, 0.549 0.1486 0.0806, 0.5506 0.1423 0.0919, 0.5507 0.1392 0.093, 0.5503 0.1448 0.0902, 0.5502 0.1457 0.0893, 0.5496 0.1481 0.0849, 0.55 0.1471 0.0874
            ]
        }
        coordIndex [
            0,1,2,-1,2,1,3,-1,4,5,2,-1,2,5,6,-1,3,7,2,-1,2,7,8,-1,2,8,4,-1,6,9,2,-1,2,9,10,-1,2,10,11,-1,12,13,14,-1,14,13,2,-1,14,2,15,-1,11,16,2,-1,2,16,17,-1,2,17,15,-1,
        ]
    }
}
Shape{
    appearance Appearance {
        material  Material 	{
            diffuseColor 1.0 1.0 1.0
            specularColor 0.5019607843137255 0.5019607843137255 0.5019607843137255
            ambientIntensity 1.0
            transparency 0.0
            shininess 0.5
        }
    }
    geometry IndexedFaceSet {
        ccw TRUE
        solid FALSE
        coord DEF co Coordinate {
            point [
                0.5523 0.1649 0.0758, 0.5517 0.1635 0.0719, 0.5523 0.1766 0.0758, 0.5517 0.178 0.0719, 0.5543 0.1701 0.0901, 0.5553 0.1685 0.0969, 0.5504 0.1552 0.0625, 0.5504 0.1602 0.0625, 0.5544 0.1704 0.0911, 0.5546 0.1707 0.0925, 0.5553 0.1732 0.0969, 0.5546 0.1708 0.0925, 0.5544 0.1711 0.091, 0.5543 0.1713 0.0901, 0.5504 0.1865 0.0625, 0.5504 0.1815 0.0625, 0.5514 0.1732 0.0974, 0.5465 0.1865 0.0631, 0.5514 0.1685 0.0974, 0.5465 0.1552 0.0631, 0.5465 0.1602 0.0631, 0.5479 0.1635 0.0725, 0.5479 0.178 0.0725, 0.5465 0.1815 0.0631, 0.5484 0.1649 0.0763, 0.5484 0.1766 0.0763, 0.5504 0.1713 0.0906, 0.5507 0.1708 0.093, 0.5505 0.1711 0.0916, 0.5507 0.1707 0.093, 0.5504 0.1701 0.0906, 0.5505 0.1704 0.0916
            ]
        }
        coordIndex [
            0,1,2,-1,2,1,3,-1,4,5,0,-1,0,5,6,-1,0,6,1,-1,1,6,7,-1,4,8,5,-1,5,8,9,-1,5,9,10,-1,10,9,11,-1,10,11,12,-1,12,13,10,-1,10,13,2,-1,10,2,14,-1,14,2,3,-1,14,3,15,-1,10,14,16,-1,16,14,17,-1,5,10,18,-1,18,10,16,-1,6,5,19,-1,19,5,18,-1,7,6,20,-1,20,6,19,-1,1,7,21,-1,21,7,20,-1,3,1,22,-1,22,1,21,-1,15,3,23,-1,23,3,22,-1,14,15,17,-1,17,15,23,-1,0,2,24,-1,24,2,25,-1,2,13,25,-1,25,13,26,-1,11,27,28,-1,11,28,12,-1,12,28,26,-1,12,26,13,-1,11,9,27,-1,27,9,29,-1,4,30,31,-1,4,31,8,-1,8,31,29,-1,8,29,9,-1,4,0,30,-1,30,0,24,-1,
        ]
    }
}
Shape{
    appearance Appearance {
        material  Material 	{
            diffuseColor 0.2235294117647059 0.2235294117647059 0.2235294117647059
            specularColor 0.11372549019607843 0.11372549019607843 0.11372549019607843
            ambientIntensity 0.2235
            transparency 0.0
            shininess 0.5
        }
    }
    geometry IndexedFaceSet {
        ccw TRUE
        solid FALSE
        coord DEF co Coordinate {
            point [
                0.5507 0.1708 0.093, 0.5507 0.1707 0.093, 0.5505 0.1711 0.0916, 0.5505 0.1704 0.0916, 0.5504 0.1713 0.0906, 0.5504 0.1701 0.0906, 0.5484 0.1766 0.0763, 0.5484 0.1649 0.0763
            ]
        }
        coordIndex [
            0,1,2,-1,2,1,3,-1,2,3,4,-1,4,3,5,-1,4,5,6,-1,6,5,7,-1,
        ]
    }
}
Shape{
    appearance Appearance {
        material  Material 	{
            diffuseColor 1.0 1.0 1.0
            specularColor 0.5019607843137255 0.5019607843137255 0.5019607843137255
            ambientIntensity 1.0
            transparency 0.0
            shininess 0.5
        }
    }
    geometry IndexedFaceSet {
        ccw TRUE
        solid FALSE
        coord DEF co Coordinate {
            point [
                0.5497 -0.1495 0.0577, 0.5491 -0.1458 0.0532, 0.5528 -0.1517 0.0793, 0.5496 -0.1083 0.0567, 0.5504 -0.1054 0.0622, 0.5512 -0.104 0.0682, 0.5506 -0.1352 0.0634, 0.5504 -0.1332 0.062, 0.5486 -0.141 0.0496, 0.5502 -0.131 0.0612, 0.5552 -0.04 0.0963, 0.5545 -0.0405 0.0916, 0.554 -0.0258 0.0877, 0.5545 -0.0693 0.0912, 0.5563 -0.077 0.1042, 0.5519 -0.1038 0.0731, 0.5539 -0.11 0.0871, 0.5516 -0.1038 0.0707, 0.5485 -0.1171 0.0491, 0.549 -0.1121 0.0525, 0.5532 -0.1571 0.0825, 0.5507 -0.1561 0.0642, 0.5505 -0.152 0.0629, 0.5579 -0.0612 0.1154, 0.5579 -0.0592 0.1154, 0.5597 -0.0491 0.1286, 0.5578 -0.0545 0.1148, 0.5597 -0.0478 0.1282, 0.5576 -0.0502 0.1132, 0.5591 -0.0404 0.1245, 0.5584 -0.0338 0.1189, 0.559 -0.1306 0.1235, 0.5589 -0.1288 0.1225, 0.5614 -0.1364 0.1403, 0.5599 -0.1252 0.1299, 0.5622 -0.1314 0.1462, 0.5608 -0.1197 0.1365, 0.5629 -0.1256 0.1511, 0.5615 -0.1129 0.1415, 0.5634 -0.1196 0.1547, 0.5483 -0.1353 0.0472, 0.5481 -0.1295 0.0463, 0.5502 -0.1288 0.0609, 0.5481 -0.1285 0.0463, 0.5502 -0.1266 0.0612, 0.5482 -0.1226 0.047, 0.5503 -0.1245 0.0619, 0.5505 -0.1226 0.0632, 0.5508 -0.1209 0.0649, 0.5529 -0.029 0.08, 0.5539 -0.0422 0.0872, 0.552 -0.0338 0.0734, 0.5624 -0.0624 0.1479, 0.5608 -0.0715 0.1361, 0.5611 -0.0544 0.1387, 0.5598 -0.066 0.1294, 0.5587 -0.0624 0.1214, 0.5539 -0.1615 0.087, 0.5521 -0.1717 0.0746, 0.5513 -0.1648 0.0687, 0.5568 -0.1658 0.1076, 0.5563 -0.182 0.1039, 0.5559 -0.1665 0.1017, 0.5559 -0.182 0.1012, 0.5554 -0.1662 0.098, 0.5546 -0.1811 0.0925, 0.5546 -0.1645 0.092, 0.5534 -0.1777 0.0834, 0.5523 -0.1725 0.0755, 0.5508 -0.1368 0.0652, 0.5511 -0.1378 0.0672, 0.5514 -0.1383 0.0694, 0.552 -0.1198 0.0738, 0.5517 -0.1192 0.0716, 0.5514 -0.1192 0.0694, 0.5511 -0.1198 0.067, 0.5572 -0.0464 0.1105, 0.5567 -0.0435 0.1074, 0.5574 -0.0287 0.1119, 0.5561 -0.0412 0.1032, 0.5563 -0.0258 0.1045, 0.5555 -0.0401 0.0985, 0.5552 -0.0247 0.0966, 0.5551 -0.0247 0.0957, 0.5534 -0.045 0.0834, 0.5533 -0.0453 0.0831, 0.5512 -0.0407 0.0677, 0.5529 -0.049 0.0801, 0.5506 -0.0482 0.0641, 0.5526 -0.0533 0.0781, 0.5504 -0.0562 0.0624, 0.5525 -0.0577 0.0773, 0.5504 -0.0708 0.0624, 0.5525 -0.0688 0.0773, 0.5504 -0.0721 0.0626, 0.564 -0.1082 0.1591, 0.562 -0.1048 0.1448, 0.5642 -0.096 0.1606, 0.5622 -0.0957 0.1459, 0.5641 -0.0858 0.1595, 0.562 -0.0876 0.145, 0.5635 -0.0734 0.1552, 0.5616 -0.0798 0.1421, 0.561 -0.0729 0.1374, 0.5593 -0.1361 0.1255, 0.5614 -0.1392 0.1407, 0.5594 -0.1418 0.1262, 0.5614 -0.1421 0.1408, 0.5594 -0.1444 0.126, 0.5613 -0.1509 0.1398, 0.5592 -0.1505 0.1246, 0.5608 -0.1601 0.1365, 0.5587 -0.156 0.1217, 0.5601 -0.1684 0.131, 0.5582 -0.1602 0.1179, 0.5598 -0.1705 0.1291, 0.5575 -0.1637 0.1131, 0.5588 -0.1759 0.1223, 0.5576 -0.1801 0.1136, 0.5517 -0.1383 0.0715, 0.552 -0.1378 0.0738, 0.5535 -0.149 0.0845, 0.5523 -0.1366 0.076, 0.5542 -0.1449 0.0891, 0.5526 -0.135 0.0777, 0.5547 -0.1398 0.0926, 0.5527 -0.133 0.079, 0.5549 -0.1344 0.0947, 0.5529 -0.1309 0.0798, 0.555 -0.1285 0.0954, 0.5529 -0.1288 0.08, 0.555 -0.1255 0.0952, 0.5529 -0.1267 0.0798, 0.5548 -0.1196 0.0937, 0.5527 -0.1244 0.0789, 0.5544 -0.1143 0.0909, 0.5526 -0.1224 0.0776, 0.5523 -0.1208 0.0759, 0.5525 -0.0701 0.0775, 0.5508 -0.076 0.065, 0.5507 -0.0753 0.0643, 0.5515 -0.0779 0.07, 0.5512 -0.0777 0.0682, 0.551 -0.0771 0.0665, 0.5525 -0.0693 0.0774, 0.5505 -0.0737 0.0632, 0.5525 -0.0721 0.0773, 0.5524 -0.0738 0.0767, 0.5516 -0.0779 0.0707, 0.5523 -0.0754 0.0756, 0.5521 -0.0766 0.0743, 0.5518 -0.0775 0.0726, 0.5525 -0.0703 0.0775, 0.5513 -0.0247 0.0971, 0.5524 -0.0258 0.105, 0.5527 -0.0266 0.1072, 0.5535 -0.0287 0.1125, 0.5545 -0.0338 0.1194, 0.5552 -0.0404 0.1251, 0.5558 -0.0478 0.1287, 0.5558 -0.0491 0.1291, 0.5572 -0.0544 0.1393, 0.5585 -0.0624 0.1484, 0.5591 -0.0681 0.1522, 0.5596 -0.0734 0.1558, 0.5602 -0.0858 0.1601, 0.5603 -0.096 0.1611, 0.559 -0.1256 0.1516, 0.5591 -0.1246 0.1522, 0.5595 -0.1196 0.1553, 0.5601 -0.1082 0.1596, 0.5583 -0.1314 0.1467, 0.5575 -0.1364 0.1409, 0.5575 -0.1392 0.1412, 0.5575 -0.1421 0.1414, 0.5574 -0.1509 0.1404, 0.5569 -0.1601 0.1371, 0.5562 -0.1684 0.1316, 0.5559 -0.1705 0.1296, 0.5537 -0.1801 0.1141, 0.5549 -0.1759 0.1228, 0.5527 -0.1814 0.1072, 0.5524 -0.182 0.1045, 0.552 -0.182 0.1018, 0.5507 -0.1811 0.0931, 0.5495 -0.1777 0.0839, 0.5484 -0.1725 0.0761, 0.5482 -0.1717 0.0752, 0.5474 -0.1648 0.0692, 0.5468 -0.1561 0.0647, 0.5466 -0.152 0.0634, 0.5465 -0.1516 0.0628, 0.5458 -0.1495 0.0582, 0.5452 -0.1458 0.0537, 0.5447 -0.141 0.0501, 0.5446 -0.1387 0.0492, 0.5444 -0.1353 0.0477, 0.5443 -0.1295 0.0468, 0.5442 -0.1285 0.0468, 0.5477 -0.1038 0.0712, 0.5443 -0.1226 0.0475, 0.5446 -0.1183 0.0492, 0.5446 -0.1171 0.0496, 0.5451 -0.1121 0.053, 0.5457 -0.1083 0.0573, 0.5465 -0.1054 0.0627, 0.5465 -0.1054 0.0628, 0.5473 -0.104 0.0687, 0.548 -0.1038 0.0737, 0.5506 -0.0693 0.0918, 0.5524 -0.077 0.1047, 0.55 -0.11 0.0876, 0.5505 -0.1143 0.0915, 0.5509 -0.1196 0.0943, 0.5511 -0.1255 0.0957, 0.5511 -0.1285 0.0959, 0.551 -0.1344 0.0952, 0.5508 -0.1398 0.0931, 0.5503 -0.1449 0.0897, 0.5496 -0.149 0.0851, 0.5489 -0.1517 0.0798, 0.5493 -0.1571 0.0831, 0.55 -0.1615 0.0876, 0.5507 -0.1645 0.0926, 0.5515 -0.1662 0.0985, 0.552 -0.1665 0.1023, 0.5527 -0.1659 0.1072, 0.5529 -0.1658 0.1082, 0.5536 -0.1637 0.1136, 0.5543 -0.1602 0.1185, 0.5549 -0.156 0.1223, 0.5553 -0.1505 0.1252, 0.5555 -0.1444 0.1266, 0.5555 -0.1418 0.1267, 0.5554 -0.1361 0.126, 0.5551 -0.1306 0.124, 0.555 -0.1288 0.123, 0.556 -0.1252 0.1305, 0.5569 -0.1197 0.1371, 0.5576 -0.1129 0.1421, 0.5581 -0.1048 0.1453, 0.5583 -0.0957 0.1465, 0.5581 -0.0876 0.1455, 0.5577 -0.0798 0.1427, 0.5571 -0.0729 0.138, 0.5569 -0.0715 0.1367, 0.5559 -0.066 0.1299, 0.5548 -0.0624 0.122, 0.554 -0.0612 0.116, 0.554 -0.0592 0.116, 0.5539 -0.0545 0.1154, 0.5537 -0.0502 0.1137, 0.5533 -0.0464 0.1111, 0.5528 -0.0435 0.1079, 0.5527 -0.0431 0.1072, 0.5522 -0.0412 0.1037, 0.5516 -0.0401 0.099, 0.5513 -0.04 0.0969, 0.5506 -0.0405 0.0921, 0.55 -0.0422 0.0878, 0.5495 -0.045 0.084, 0.5494 -0.0453 0.0836, 0.549 -0.049 0.0807, 0.5487 -0.0533 0.0787, 0.5486 -0.0577 0.0778, 0.5486 -0.0688 0.0778, 0.5486 -0.0693 0.0779, 0.5486 -0.0701 0.0781, 0.5486 -0.0703 0.0781, 0.5486 -0.0721 0.0779, 0.5485 -0.0738 0.0772, 0.5484 -0.0754 0.0762, 0.5482 -0.0766 0.0748, 0.5479 -0.0775 0.0731, 0.5477 -0.0779 0.0713, 0.5476 -0.0779 0.0705, 0.5473 -0.0777 0.0687, 0.5471 -0.0771 0.0671, 0.5469 -0.076 0.0655, 0.5468 -0.0753 0.0649, 0.5466 -0.0737 0.0638, 0.5465 -0.0721 0.0631, 0.5465 -0.0708 0.0629, 0.5465 -0.0562 0.0629, 0.5467 -0.0482 0.0646, 0.5473 -0.0407 0.0682, 0.5481 -0.0338 0.0739, 0.549 -0.029 0.0805, 0.5501 -0.0258 0.0882, 0.5512 -0.0247 0.0962, 0.549 -0.1288 0.0805, 0.549 -0.1267 0.0803, 0.5488 -0.1244 0.0795, 0.5487 -0.1224 0.0782, 0.5484 -0.1208 0.0764, 0.5481 -0.1198 0.0744, 0.5478 -0.1192 0.0721, 0.5475 -0.1192 0.0699, 0.5472 -0.1198 0.0676, 0.5469 -0.1209 0.0655, 0.5466 -0.1226 0.0637, 0.5464 -0.1245 0.0625, 0.5463 -0.1266 0.0617, 0.5463 -0.1288 0.0615, 0.5463 -0.131 0.0617, 0.5465 -0.1332 0.0626, 0.5467 -0.1352 0.0639, 0.5469 -0.1368 0.0657, 0.5472 -0.1378 0.0677, 0.5475 -0.1383 0.07, 0.5478 -0.1383 0.072, 0.5481 -0.1378 0.0744, 0.5484 -0.1366 0.0765, 0.5487 -0.135 0.0782, 0.5488 -0.133 0.0795, 0.549 -0.1309 0.0803
            ]
        }
        coordIndex [
            0,1,2,-1,3,4,5,-1,6,1,7,-1,7,1,8,-1,7,8,9,-1,10,11,12,-1,13,14,15,-1,15,14,16,-1,15,16,17,-1,17,16,18,-1,17,18,5,-1,5,18,19,-1,5,19,3,-1,20,21,2,-1,2,21,22,-1,2,22,0,-1,23,24,25,-1,25,24,26,-1,25,26,27,-1,27,26,28,-1,27,28,29,-1,29,28,30,-1,31,32,33,-1,33,32,34,-1,33,34,35,-1,35,34,36,-1,35,36,37,-1,37,36,38,-1,37,38,39,-1,8,40,9,-1,9,40,41,-1,9,41,42,-1,42,41,43,-1,42,43,44,-1,44,43,45,-1,44,45,46,-1,46,45,18,-1,46,18,47,-1,47,18,48,-1,12,11,49,-1,49,11,50,-1,49,50,51,-1,52,53,54,-1,54,53,55,-1,54,55,25,-1,25,55,56,-1,25,56,23,-1,57,58,20,-1,20,58,59,-1,20,59,21,-1,60,61,62,-1,62,61,63,-1,62,63,64,-1,64,63,65,-1,64,65,66,-1,66,65,67,-1,66,67,57,-1,57,67,68,-1,57,68,58,-1,6,69,1,-1,1,69,70,-1,1,70,2,-1,2,70,71,-1,72,73,16,-1,16,73,74,-1,16,74,18,-1,18,74,75,-1,18,75,48,-1,28,76,30,-1,30,76,77,-1,30,77,78,-1,78,77,79,-1,78,79,80,-1,80,79,81,-1,80,81,82,-1,82,81,10,-1,82,10,83,-1,83,10,12,-1,50,84,51,-1,51,84,85,-1,51,85,86,-1,86,85,87,-1,86,87,88,-1,88,87,89,-1,88,89,90,-1,90,89,91,-1,90,91,92,-1,92,91,93,-1,92,93,94,-1,39,38,95,-1,95,38,96,-1,95,96,97,-1,97,96,98,-1,97,98,99,-1,99,98,100,-1,99,100,101,-1,101,100,102,-1,101,102,52,-1,52,102,103,-1,52,103,53,-1,31,33,104,-1,104,33,105,-1,104,105,106,-1,106,105,107,-1,106,107,108,-1,108,107,109,-1,108,109,110,-1,110,109,111,-1,110,111,112,-1,112,111,113,-1,112,113,114,-1,114,113,115,-1,114,115,116,-1,116,115,117,-1,116,117,60,-1,60,117,118,-1,60,118,61,-1,71,119,2,-1,2,119,120,-1,2,120,121,-1,121,120,122,-1,121,122,123,-1,123,122,124,-1,123,124,125,-1,125,124,126,-1,125,126,127,-1,127,126,128,-1,127,128,129,-1,129,128,130,-1,129,130,131,-1,131,130,132,-1,131,132,133,-1,133,132,134,-1,133,134,135,-1,135,134,136,-1,135,136,16,-1,16,136,137,-1,16,137,72,-1,138,139,140,-1,141,142,138,-1,138,142,143,-1,138,143,139,-1,93,144,94,-1,94,144,138,-1,94,138,145,-1,145,138,140,-1,146,147,148,-1,147,149,148,-1,148,149,150,-1,148,150,151,-1,141,138,148,-1,148,138,152,-1,148,152,146,-1,82,153,154,-1,82,154,80,-1,80,154,155,-1,80,155,78,-1,155,156,78,-1,78,156,157,-1,78,157,30,-1,30,157,158,-1,30,158,29,-1,29,158,159,-1,29,159,27,-1,27,159,160,-1,27,160,25,-1,25,160,161,-1,25,161,54,-1,54,161,162,-1,54,162,52,-1,52,162,101,-1,101,162,163,-1,163,164,101,-1,101,164,165,-1,101,165,99,-1,99,165,166,-1,99,166,97,-1,167,37,168,-1,168,37,39,-1,168,39,169,-1,169,39,95,-1,169,95,170,-1,170,95,97,-1,170,97,166,-1,37,167,171,-1,37,171,35,-1,35,171,172,-1,35,172,33,-1,33,172,173,-1,33,173,105,-1,105,173,174,-1,105,174,107,-1,107,174,175,-1,107,175,109,-1,109,175,176,-1,109,176,111,-1,111,176,177,-1,111,177,113,-1,113,177,178,-1,113,178,115,-1,179,117,180,-1,180,117,115,-1,180,115,178,-1,181,61,179,-1,179,61,118,-1,179,118,117,-1,181,182,61,-1,61,182,183,-1,61,183,63,-1,63,183,184,-1,63,184,65,-1,65,184,185,-1,65,185,67,-1,67,185,186,-1,67,186,68,-1,68,186,187,-1,68,187,58,-1,58,187,188,-1,58,188,59,-1,59,188,189,-1,59,189,21,-1,21,189,190,-1,21,190,22,-1,22,190,191,-1,22,191,0,-1,191,192,0,-1,0,192,193,-1,0,193,1,-1,1,193,194,-1,1,194,8,-1,8,194,195,-1,8,195,40,-1,195,196,40,-1,40,196,197,-1,40,197,41,-1,41,197,198,-1,41,198,43,-1,199,17,5,-1,43,198,200,-1,43,200,45,-1,45,200,201,-1,45,201,18,-1,201,202,18,-1,18,202,203,-1,18,203,19,-1,19,203,204,-1,19,204,3,-1,3,204,205,-1,3,205,4,-1,4,205,206,-1,4,206,5,-1,5,206,207,-1,5,207,199,-1,15,17,208,-1,208,17,199,-1,13,15,209,-1,209,15,208,-1,14,13,210,-1,210,13,209,-1,16,14,211,-1,211,14,210,-1,16,211,212,-1,16,212,135,-1,135,212,213,-1,135,213,133,-1,133,213,214,-1,133,214,131,-1,131,214,215,-1,131,215,129,-1,129,215,216,-1,129,216,127,-1,127,216,217,-1,127,217,125,-1,125,217,218,-1,125,218,123,-1,123,218,219,-1,123,219,121,-1,121,219,220,-1,121,220,2,-1,2,220,221,-1,2,221,20,-1,20,221,222,-1,20,222,57,-1,57,222,223,-1,57,223,66,-1,66,223,224,-1,66,224,64,-1,64,224,225,-1,64,225,62,-1,225,226,62,-1,62,226,60,-1,226,227,60,-1,60,227,228,-1,60,228,116,-1,116,228,229,-1,116,229,114,-1,114,229,230,-1,114,230,112,-1,112,230,231,-1,112,231,110,-1,110,231,232,-1,110,232,108,-1,108,232,233,-1,108,233,106,-1,106,233,234,-1,106,234,104,-1,104,234,235,-1,104,235,31,-1,31,235,236,-1,31,236,32,-1,32,236,237,-1,32,237,34,-1,34,237,238,-1,34,238,36,-1,36,238,239,-1,36,239,38,-1,38,239,240,-1,38,240,96,-1,96,240,241,-1,96,241,98,-1,98,241,242,-1,98,242,100,-1,100,242,243,-1,100,243,102,-1,102,243,244,-1,102,244,103,-1,103,244,245,-1,103,245,53,-1,53,245,246,-1,53,246,55,-1,55,246,247,-1,55,247,56,-1,56,247,248,-1,56,248,23,-1,24,23,249,-1,249,23,248,-1,24,249,250,-1,24,250,26,-1,26,250,251,-1,26,251,28,-1,28,251,252,-1,28,252,76,-1,76,252,253,-1,76,253,77,-1,77,253,254,-1,77,254,79,-1,254,255,79,-1,79,255,256,-1,79,256,81,-1,81,256,257,-1,81,257,10,-1,10,257,258,-1,10,258,11,-1,11,258,259,-1,11,259,50,-1,50,259,260,-1,50,260,84,-1,84,260,261,-1,84,261,85,-1,85,261,262,-1,85,262,87,-1,87,262,263,-1,87,263,89,-1,89,263,264,-1,89,264,91,-1,93,91,265,-1,265,91,264,-1,93,265,266,-1,93,266,144,-1,144,266,267,-1,144,267,138,-1,138,267,268,-1,138,268,152,-1,152,268,269,-1,152,269,146,-1,146,269,270,-1,146,270,147,-1,147,270,271,-1,147,271,149,-1,149,271,272,-1,149,272,150,-1,150,272,273,-1,150,273,151,-1,151,273,274,-1,151,274,148,-1,148,274,275,-1,148,275,141,-1,141,275,276,-1,141,276,142,-1,142,276,277,-1,142,277,143,-1,143,277,278,-1,143,278,139,-1,139,278,279,-1,139,279,140,-1,140,279,280,-1,140,280,145,-1,145,280,281,-1,145,281,94,-1,94,281,282,-1,94,282,92,-1,90,92,283,-1,283,92,282,-1,90,283,284,-1,90,284,88,-1,88,284,285,-1,88,285,86,-1,86,285,286,-1,86,286,51,-1,51,286,287,-1,51,287,49,-1,49,287,288,-1,49,288,12,-1,12,288,289,-1,12,289,83,-1,83,289,153,-1,83,153,82,-1,130,290,291,-1,130,291,132,-1,132,291,292,-1,132,292,134,-1,134,292,293,-1,134,293,136,-1,136,293,294,-1,136,294,137,-1,137,294,295,-1,137,295,72,-1,72,295,296,-1,72,296,73,-1,73,296,297,-1,73,297,74,-1,74,297,298,-1,74,298,75,-1,75,298,299,-1,75,299,48,-1,48,299,300,-1,48,300,47,-1,47,300,301,-1,47,301,46,-1,46,301,302,-1,46,302,44,-1,44,302,303,-1,44,303,42,-1,42,303,304,-1,42,304,9,-1,9,304,305,-1,9,305,7,-1,7,305,306,-1,7,306,6,-1,6,306,307,-1,6,307,69,-1,69,307,308,-1,69,308,70,-1,70,308,309,-1,70,309,71,-1,71,309,310,-1,71,310,119,-1,119,310,311,-1,119,311,120,-1,120,311,312,-1,120,312,122,-1,122,312,313,-1,122,313,124,-1,124,313,314,-1,124,314,126,-1,126,314,315,-1,126,315,128,-1,128,315,290,-1,128,290,130,-1,
        ]
    }
}
Shape{
    appearance Appearance {
        material  Material 	{
            diffuseColor 0.2235294117647059 0.2235294117647059 0.2235294117647059
            specularColor 0.11372549019607843 0.11372549019607843 0.11372549019607843
            ambientIntensity 0.2235
            transparency 0.0
            shininess 0.5
        }
    }
    geometry IndexedFaceSet {
        ccw TRUE
        solid FALSE
        coord DEF co Coordinate {
            point [
                0.549 -0.1288 0.0805, 0.5463 -0.1288 0.0615, 0.5463 -0.1266 0.0617, 0.5488 -0.133 0.0795, 0.5478 -0.1383 0.072, 0.549 -0.1309 0.0803, 0.5475 -0.1383 0.07, 0.5478 -0.1192 0.0721, 0.5481 -0.1198 0.0744, 0.5484 -0.1208 0.0764, 0.5487 -0.1224 0.0782, 0.5472 -0.1378 0.0677, 0.5469 -0.1368 0.0657, 0.5467 -0.1352 0.0639, 0.5488 -0.1244 0.0795, 0.549 -0.1267 0.0803, 0.5487 -0.135 0.0782, 0.5484 -0.1366 0.0765, 0.5481 -0.1378 0.0744, 0.5465 -0.1332 0.0626, 0.5463 -0.131 0.0617, 0.5464 -0.1245 0.0625, 0.5466 -0.1226 0.0637, 0.5475 -0.1192 0.0699, 0.5469 -0.1209 0.0655, 0.5472 -0.1198 0.0676, -0.5233 -0.2869 0.4358, 0.5233 -0.2869 0.4358, -0.5233 -0.2858 0.4402, 0.5233 -0.2858 0.4402, -0.5233 -0.2857 0.4403, 0.5233 -0.2857 0.4403, -0.5233 -0.2835 0.4444, 0.5233 -0.2835 0.4444, -0.5233 -0.2835 0.4444, 0.5233 -0.2835 0.4444, -0.5233 -0.2804 0.4479, 0.5233 -0.2804 0.4479, -0.5233 -0.2803 0.4479, 0.5233 -0.2803 0.4479, -0.5233 -0.2765 0.4505, 0.5233 -0.2765 0.4505, -0.5233 -0.2765 0.4506, 0.5233 -0.2765 0.4506, -0.5233 -0.2721 0.4522, 0.5233 -0.2721 0.4522, -0.5233 -0.2721 0.4522, 0.5233 -0.2721 0.4522, 0.5233 -0.2674 0.4528, -0.5233 -0.2674 0.4528, 0.5394 -0.2674 0.4444, 0.5363 -0.2674 0.4479, 0.5359 -0.2708 0.4479, 0.5321 -0.2698 0.4505, 0.5278 -0.2686 0.4522, 0.5274 -0.2698 0.4522, 0.5257 -0.2715 0.4522, 0.5266 -0.2707 0.4522, 0.5245 -0.2719 0.4522, 0.528 -0.2674 0.4522, 0.541 -0.2722 0.4402, 0.5421 -0.2724 0.4364, 0.5421 -0.2724 0.4364, 0.5401 -0.2771 0.4368, 0.5392 -0.2766 0.4402, 0.5401 -0.2771 0.4368, 0.5363 -0.2804 0.4402, 0.537 -0.2811 0.4369, 0.5325 -0.2833 0.4402, 0.533 -0.2842 0.4368, 0.533 -0.2842 0.4368, 0.5281 -0.2851 0.4402, 0.5283 -0.2862 0.4364, 0.5283 -0.2862 0.4364, 0.5362 -0.2674 0.4479, 0.5324 -0.2674 0.4505, 0.5324 -0.2674 0.4506, 0.528 -0.2674 0.4522, 0.5312 -0.272 0.4505, 0.5297 -0.2738 0.4505, 0.5279 -0.2753 0.4505, 0.5257 -0.2762 0.4505, 0.5346 -0.2739 0.4479, 0.5325 -0.2766 0.4479, 0.5298 -0.2787 0.4479, 0.5267 -0.28 0.4479, 0.5416 -0.2674 0.4403, 0.5394 -0.2674 0.4444, 0.5389 -0.2716 0.4444, 0.5373 -0.2755 0.4444, 0.5347 -0.2788 0.4444, 0.5314 -0.2814 0.4444, 0.5275 -0.283 0.4444, 0.5417 -0.2674 0.4402, 0.5428 -0.2674 0.4358, -0.5267 -0.28 0.4479, -0.5257 -0.2762 0.4505, -0.5245 -0.2719 0.4522, -0.5257 -0.2715 0.4522, -0.5274 -0.2698 0.4522, -0.5266 -0.2707 0.4522, -0.5278 -0.2686 0.4522, -0.5281 -0.2851 0.4402, -0.5283 -0.2862 0.4364, -0.5283 -0.2862 0.4364, -0.533 -0.2842 0.4368, -0.5325 -0.2833 0.4402, -0.533 -0.2842 0.4368, -0.5363 -0.2804 0.4402, -0.537 -0.2811 0.4369, -0.5392 -0.2766 0.4402, -0.5401 -0.2771 0.4368, -0.5401 -0.2771 0.4368, -0.541 -0.2722 0.4402, -0.5421 -0.2724 0.4364, -0.5421 -0.2724 0.4364, -0.5417 -0.2674 0.4402, -0.5428 -0.2674 0.4358, -0.528 -0.2674 0.4522, -0.5279 -0.2753 0.4505, -0.5297 -0.2738 0.4505, -0.5312 -0.272 0.4505, -0.5321 -0.2698 0.4505, -0.528 -0.2674 0.4522, -0.5324 -0.2674 0.4506, -0.5324 -0.2674 0.4505, -0.5362 -0.2674 0.4479, -0.5298 -0.2787 0.4479, -0.5325 -0.2766 0.4479, -0.5346 -0.2739 0.4479, -0.5359 -0.2708 0.4479, -0.5275 -0.283 0.4444, -0.5314 -0.2814 0.4444, -0.5347 -0.2788 0.4444, -0.5373 -0.2755 0.4444, -0.5389 -0.2716 0.4444, -0.5363 -0.2674 0.4479, -0.5394 -0.2674 0.4444, -0.5394 -0.2674 0.4444, -0.5416 -0.2674 0.4403, 0.5709 -0.2955 0.2362, 0.5702 -0.3005 0.2362, 0.5694 -0.303 0.2362, 0.5683 -0.3052 0.2362, 0.5669 -0.3074 0.2362, 0.5652 -0.3093 0.2362, 0.5633 -0.311 0.2362, 0.5611 -0.3124 0.2362, 0.5589 -0.3135 0.2362, 0.5564 -0.3143 0.2362, 0.5514 -0.315 0.2362, 0.5428 0.2674 0.4358, 0.5417 0.2674 0.4402, 0.5416 0.2674 0.4403, 0.5394 0.2674 0.4444, 0.5394 0.2674 0.4444, 0.5363 0.2674 0.4479, 0.5362 0.2674 0.4479, 0.5324 0.2674 0.4505, 0.5324 0.2674 0.4506, 0.528 0.2674 0.4522, 0.528 0.2674 0.4522, 0.5233 0.2674 0.4528, 0.5233 0.2869 0.4358, -0.5233 0.2869 0.4358, 0.5233 0.2858 0.4402, -0.5233 0.2858 0.4402, 0.5233 0.2857 0.4403, -0.5233 0.2857 0.4403, 0.5233 0.2835 0.4444, -0.5233 0.2835 0.4444, 0.5233 0.2835 0.4444, -0.5233 0.2835 0.4444, 0.5233 0.2804 0.4479, -0.5233 0.2804 0.4479, 0.5233 0.2803 0.4479, -0.5233 0.2803 0.4479, 0.5233 0.2765 0.4505, -0.5233 0.2765 0.4505, 0.5233 0.2765 0.4506, -0.5233 0.2765 0.4506, 0.5233 0.2721 0.4522, -0.5233 0.2721 0.4522, 0.5233 0.2721 0.4522, -0.5233 0.2721 0.4522, -0.5233 0.2674 0.4528, -0.5428 0.2674 0.4358, -0.5417 0.2674 0.4402, -0.5416 0.2674 0.4403, -0.5394 0.2674 0.4444, -0.5394 0.2674 0.4444, -0.5363 0.2674 0.4479, -0.5362 0.2674 0.4479, -0.5324 0.2674 0.4505, -0.5324 0.2674 0.4506, -0.528 0.2674 0.4522, -0.528 0.2674 0.4522, -0.5514 -0.315 0.2362, -0.5564 -0.3143 0.2362, -0.5589 -0.3135 0.2362, -0.5611 -0.3124 0.2362, -0.5633 -0.311 0.2362, -0.5652 -0.3093 0.2362, -0.5669 -0.3074 0.2362, -0.5683 -0.3052 0.2362, -0.5694 -0.303 0.2362, -0.5702 -0.3005 0.2362, -0.5709 -0.2955 0.2362, 0.5421 -0.2724 0.036, 0.5406 -0.2758 0.0358, 0.5401 -0.2771 0.0357, 0.5383 -0.2794 0.0356, 0.537 -0.2811 0.0355, 0.5353 -0.2824 0.0356, 0.533 -0.2842 0.0357, 0.5317 -0.2847 0.0358, 0.5283 -0.2862 0.036, 0.5276 -0.2863 0.0361, 0.5233 -0.2869 0.0366, 0.5465 -0.2711 0.0628, 0.5446 -0.2692 0.0492, 0.5422 -0.2717 0.0361, 0.5428 -0.2674 0.0366, 0.5527 -0.2773 0.1072, 0.5591 -0.2837 0.1522, 0.5656 -0.2902 0.1987, 0.5269 0.2831 0.4444, 0.5262 0.2801 0.4479, 0.5253 0.2763 0.4505, 0.5244 0.272 0.4522, 0.5254 0.2716 0.4522, 0.5275 0.2694 0.4522, 0.527 0.2703 0.4522, 0.5279 0.2685 0.4522, 0.5276 0.2863 0.4363, 0.5274 0.2853 0.4402, 0.5283 0.2862 0.4364, 0.5313 0.2839 0.4402, 0.5317 0.2847 0.4367, 0.533 0.2842 0.4368, 0.5348 0.2818 0.4402, 0.5353 0.2824 0.4369, 0.537 0.2811 0.4369, 0.5377 0.2789 0.4402, 0.5383 0.2794 0.4369, 0.5401 0.2771 0.4368, 0.5399 0.2754 0.4402, 0.5406 0.2758 0.4367, 0.5421 0.2724 0.4364, 0.5412 0.2715 0.4402, 0.5422 0.2717 0.4363, 0.529 0.2745 0.4505, 0.5304 0.2731 0.4505, 0.5315 0.2714 0.4505, 0.5322 0.2694 0.4505, 0.5273 0.2756 0.4505, 0.5262 0.2711 0.4522, 0.529 0.2791 0.4479, 0.5314 0.2776 0.4479, 0.5335 0.2755 0.4479, 0.535 0.273 0.4479, 0.536 0.2703 0.4479, 0.5303 0.2819 0.4444, 0.5334 0.28 0.4444, 0.5359 0.2775 0.4444, 0.5378 0.2744 0.4444, 0.539 0.271 0.4444, -0.5359 0.2708 0.4479, -0.5321 0.2698 0.4505, -0.5278 0.2686 0.4522, -0.5274 0.2698 0.4522, -0.5257 0.2715 0.4522, -0.5266 0.2707 0.4522, -0.5245 0.2719 0.4522, -0.541 0.2722 0.4402, -0.5421 0.2724 0.4364, -0.5421 0.2724 0.4364, -0.5401 0.2771 0.4368, -0.5392 0.2766 0.4402, -0.5401 0.2771 0.4368, -0.5363 0.2804 0.4402, -0.537 0.2811 0.4369, -0.5325 0.2833 0.4402, -0.533 0.2842 0.4368, -0.533 0.2842 0.4368, -0.5281 0.2851 0.4402, -0.5283 0.2862 0.4364, -0.5283 0.2862 0.4364, -0.5312 0.272 0.4505, -0.5297 0.2738 0.4505, -0.5279 0.2753 0.4505, -0.5257 0.2762 0.4505, -0.5346 0.2739 0.4479, -0.5325 0.2766 0.4479, -0.5298 0.2787 0.4479, -0.5267 0.28 0.4479, -0.5389 0.2716 0.4444, -0.5373 0.2755 0.4444, -0.5347 0.2788 0.4444, -0.5314 0.2814 0.4444, -0.5275 0.283 0.4444, -0.5428 -0.2674 0.0366, -0.5421 -0.2724 0.036, -0.5421 -0.2724 0.036, -0.5401 -0.2771 0.0357, -0.5401 -0.2771 0.0357, -0.537 -0.2811 0.0355, -0.533 -0.2842 0.0357, -0.533 -0.2842 0.0357, -0.5283 -0.2862 0.036, -0.5283 -0.2862 0.036, -0.5233 -0.2869 0.0366, 0.5233 -0.2858 0.0322, -0.5233 -0.2858 0.0322, 0.5233 -0.2857 0.0321, -0.5233 -0.2857 0.0321, 0.5233 -0.2835 0.0281, -0.5233 -0.2835 0.0281, 0.5233 -0.2835 0.028, -0.5233 -0.2835 0.028, 0.5233 -0.2804 0.0246, -0.5233 -0.2804 0.0246, 0.5233 -0.2803 0.0245, -0.5233 -0.2803 0.0245, 0.5233 -0.2765 0.0219, -0.5233 -0.2765 0.0219, 0.5233 -0.2765 0.0219, -0.5233 -0.2765 0.0219, 0.5233 -0.2721 0.0202, -0.5233 -0.2721 0.0202, 0.5233 -0.2721 0.0202, -0.5233 -0.2721 0.0202, -0.5233 -0.2674 0.0197, 0.5233 -0.2674 0.0197, 0.5244 -0.272 0.0202, 0.527 -0.2703 0.0202, 0.5262 -0.2711 0.0202, 0.5324 -0.2674 0.0219, 0.5324 -0.2674 0.0219, 0.5322 -0.2694 0.0219, 0.5362 -0.2674 0.0245, 0.5363 -0.2674 0.0246, 0.536 -0.2703 0.0246, 0.539 -0.271 0.0281, 0.5412 -0.2715 0.0322, 0.5399 -0.2754 0.0322, 0.5313 -0.2839 0.0322, 0.5274 -0.2853 0.0322, 0.5377 -0.2789 0.0322, 0.5417 -0.2674 0.0322, 0.5416 -0.2674 0.0321, 0.5394 -0.2674 0.0281, 0.5394 -0.2674 0.028, 0.5269 -0.2831 0.0281, 0.5378 -0.2744 0.0281, 0.5262 -0.2801 0.0246, 0.535 -0.273 0.0246, 0.5359 -0.2775 0.0281, 0.5348 -0.2818 0.0322, 0.5253 -0.2763 0.0219, 0.5334 -0.28 0.0281, 0.5335 -0.2755 0.0246, 0.5315 -0.2714 0.0219, 0.5279 -0.2685 0.0202, 0.529 -0.2745 0.0219, 0.5303 -0.2819 0.0281, 0.529 -0.2791 0.0246, 0.5273 -0.2756 0.0219, 0.5254 -0.2716 0.0202, 0.528 -0.2674 0.0202, 0.528 -0.2674 0.0202, 0.5314 -0.2776 0.0246, 0.5304 -0.2731 0.0219, 0.5275 -0.2694 0.0202, 0.5514 0.315 0.2362, 0.5564 0.3143 0.2362, 0.5589 0.3135 0.2362, 0.5611 0.3124 0.2362, 0.5633 0.311 0.2362, 0.5652 0.3093 0.2362, 0.5669 0.3074 0.2362, 0.5683 0.3052 0.2362, 0.5694 0.303 0.2362, 0.5702 0.3005 0.2362, 0.5709 0.2955 0.2362, -0.5709 0.2955 0.2362, -0.5702 0.3005 0.2362, -0.5694 0.303 0.2362, -0.5683 0.3052 0.2362, -0.5669 0.3074 0.2362, -0.5652 0.3093 0.2362, -0.5633 0.311 0.2362, -0.5611 0.3124 0.2362, -0.5589 0.3135 0.2362, -0.5564 0.3143 0.2362, -0.5514 0.315 0.2362, -0.528 -0.2674 0.0202, -0.5278 -0.2686 0.0202, -0.5257 -0.2762 0.0219, -0.5267 -0.28 0.0246, -0.5275 -0.283 0.0281, -0.5281 -0.2851 0.0322, -0.5325 -0.2833 0.0322, -0.5417 -0.2674 0.0322, -0.541 -0.2722 0.0322, -0.5416 -0.2674 0.0321, -0.5389 -0.2716 0.0281, -0.5314 -0.2814 0.0281, -0.5363 -0.2804 0.0322, -0.5394 -0.2674 0.0281, -0.5394 -0.2674 0.028, -0.5359 -0.2708 0.0246, -0.5298 -0.2787 0.0246, -0.5347 -0.2788 0.0281, -0.5363 -0.2674 0.0246, -0.5362 -0.2674 0.0245, -0.5321 -0.2698 0.0219, -0.5325 -0.2766 0.0246, -0.5279 -0.2753 0.0219, -0.5245 -0.2719 0.0202, -0.5392 -0.2766 0.0322, -0.5373 -0.2755 0.0281, -0.5346 -0.2739 0.0246, -0.5312 -0.272 0.0219, -0.5274 -0.2698 0.0202, -0.5297 -0.2738 0.0219, -0.5257 -0.2715 0.0202, -0.5266 -0.2707 0.0202, -0.5324 -0.2674 0.0219, -0.5324 -0.2674 0.0219, -0.528 -0.2674 0.0202, 0.5428 -0.2388 0.0366, 0.5428 0.2674 0.0366, 0.5428 0.1218 0.0366, 0.5417 0.2674 0.0322, 0.5428 0.1108 0.0366, 0.5428 0.0975 0.0366, 0.5428 0.0783 0.0366, 0.5428 0.0702 0.0366, 0.5428 0.0544 0.0366, 0.5428 0.025 0.0366, 0.5428 0.0229 0.0366, 0.5428 -0.0105 0.0366, 0.5416 0.2674 0.0321, 0.5394 0.2674 0.0281, 0.5394 0.2674 0.028, 0.5363 0.2674 0.0246, 0.5362 0.2674 0.0245, 0.5324 0.2674 0.0219, 0.5324 0.2674 0.0219, 0.528 0.2674 0.0202, 0.528 0.2674 0.0202, 0.5233 0.2674 0.0197, 0.5591 0.2837 0.1522, 0.5527 0.2773 0.1072, 0.5421 0.2724 0.036, 0.5656 0.2902 0.1987, 0.5465 0.2711 0.0628, 0.5446 0.2692 0.0492, 0.5421 0.2724 0.036, 0.5401 0.2771 0.0357, 0.5401 0.2771 0.0357, 0.537 0.2811 0.0355, 0.533 0.2842 0.0357, 0.533 0.2842 0.0357, 0.5283 0.2862 0.036, 0.5283 0.2862 0.036, 0.5233 0.2869 0.0366, -0.5233 0.2869 0.0366, -0.5283 0.2862 0.036, -0.5283 0.2862 0.036, -0.533 0.2842 0.0357, -0.533 0.2842 0.0357, -0.537 0.2811 0.0355, -0.5401 0.2771 0.0357, -0.5401 0.2771 0.0357, -0.5421 0.2724 0.036, -0.5421 0.2724 0.036, -0.5428 0.2674 0.0366, -0.5417 0.2674 0.0322, -0.5416 0.2674 0.0321, -0.5394 0.2674 0.0281, -0.5394 0.2674 0.028, -0.5363 0.2674 0.0246, -0.5362 0.2674 0.0245, -0.5324 0.2674 0.0219, -0.5324 0.2674 0.0219, -0.528 0.2674 0.0202, -0.528 0.2674 0.0202, -0.5233 0.2674 0.0197, 0.5278 0.2686 0.0202, 0.5233 0.2765 0.0219, 0.5233 0.2765 0.0219, 0.5257 0.2762 0.0219, 0.5233 0.2803 0.0245, 0.5233 0.2804 0.0246, 0.5267 0.28 0.0246, 0.5275 0.283 0.0281, 0.5281 0.2851 0.0322, 0.5325 0.2833 0.0322, 0.541 0.2722 0.0322, 0.5233 0.2858 0.0322, 0.5233 0.2857 0.0321, 0.5233 0.2835 0.0281, 0.5233 0.2835 0.028, 0.5389 0.2716 0.0281, 0.5314 0.2814 0.0281, 0.5363 0.2804 0.0322, 0.5359 0.2708 0.0246, 0.5298 0.2787 0.0246, 0.5347 0.2788 0.0281, 0.5321 0.2698 0.0219, 0.5325 0.2766 0.0246, 0.5279 0.2753 0.0219, 0.5245 0.2719 0.0202, 0.5392 0.2766 0.0322, 0.5373 0.2755 0.0281, 0.5346 0.2739 0.0246, 0.5312 0.272 0.0219, 0.5274 0.2698 0.0202, 0.5233 0.2721 0.0202, 0.5233 0.2721 0.0202, 0.5297 0.2738 0.0219, 0.5257 0.2715 0.0202, 0.5266 0.2707 0.0202, -0.5233 0.2721 0.0202, -0.5245 0.2719 0.0202, -0.5321 0.2698 0.0219, -0.5359 0.2708 0.0246, -0.5389 0.2716 0.0281, -0.541 0.2722 0.0322, -0.5392 0.2766 0.0322, -0.5233 0.2858 0.0322, -0.5281 0.2851 0.0322, -0.5233 0.2857 0.0321, -0.5275 0.283 0.0281, -0.5373 0.2755 0.0281, -0.5363 0.2804 0.0322, -0.5233 0.2835 0.0281, -0.5233 0.2835 0.028, -0.5267 0.28 0.0246, -0.5346 0.2739 0.0246, -0.5347 0.2788 0.0281, -0.5233 0.2804 0.0246, -0.5233 0.2803 0.0245, -0.5257 0.2762 0.0219, -0.5325 0.2766 0.0246, -0.5312 0.272 0.0219, -0.5278 0.2686 0.0202, -0.5325 0.2833 0.0322, -0.5314 0.2814 0.0281, -0.5298 0.2787 0.0246, -0.5279 0.2753 0.0219, -0.5257 0.2715 0.0202, -0.5297 0.2738 0.0219, -0.5274 0.2698 0.0202, -0.5266 0.2707 0.0202, -0.5233 0.2765 0.0219, -0.5233 0.2765 0.0219, -0.5233 0.2721 0.0202
            ]
        }
        coordIndex [
            0,1,2,-1,3,4,5,-1,5,4,6,-1,5,6,0,-1,7,8,2,-1,2,8,9,-1,2,9,10,-1,6,11,0,-1,0,11,12,-1,0,12,13,-1,10,14,2,-1,2,14,15,-1,2,15,0,-1,3,16,4,-1,4,16,17,-1,4,17,18,-1,13,19,0,-1,0,19,20,-1,0,20,1,-1,2,21,7,-1,7,21,22,-1,7,22,23,-1,23,22,24,-1,23,24,25,-1,26,27,28,-1,28,27,29,-1,28,29,30,-1,30,29,31,-1,30,31,32,-1,32,31,33,-1,32,33,34,-1,34,33,35,-1,34,35,36,-1,36,35,37,-1,36,37,38,-1,38,37,39,-1,38,39,40,-1,40,39,41,-1,40,41,42,-1,42,41,43,-1,42,43,44,-1,44,43,45,-1,44,45,46,-1,45,47,46,-1,46,47,48,-1,46,48,49,-1,50,51,52,-1,53,54,55,-1,48,56,57,-1,58,56,48,-1,55,54,48,-1,59,48,54,-1,60,61,62,-1,61,60,63,-1,63,60,64,-1,63,64,65,-1,65,64,66,-1,65,66,67,-1,67,66,68,-1,67,68,69,-1,69,68,70,-1,70,68,71,-1,70,71,72,-1,72,71,73,-1,73,71,29,-1,73,29,27,-1,47,58,48,-1,74,75,53,-1,53,75,76,-1,53,76,54,-1,54,76,77,-1,54,77,59,-1,78,57,79,-1,79,57,56,-1,79,56,80,-1,80,56,58,-1,80,58,81,-1,47,45,58,-1,58,45,43,-1,58,43,81,-1,81,43,41,-1,81,41,39,-1,52,78,82,-1,82,78,79,-1,82,79,83,-1,83,79,80,-1,83,80,84,-1,84,80,81,-1,84,81,85,-1,85,81,39,-1,86,87,88,-1,88,87,50,-1,50,52,88,-1,88,52,82,-1,88,82,89,-1,89,82,83,-1,89,83,90,-1,90,83,84,-1,90,84,91,-1,91,84,85,-1,91,85,92,-1,51,74,52,-1,52,74,53,-1,52,53,78,-1,78,53,55,-1,78,55,57,-1,57,55,48,-1,86,60,93,-1,93,60,62,-1,93,62,94,-1,39,37,85,-1,85,37,35,-1,85,35,92,-1,92,35,33,-1,92,33,31,-1,86,88,60,-1,60,88,89,-1,60,89,64,-1,64,89,90,-1,64,90,66,-1,66,90,91,-1,66,91,68,-1,68,91,92,-1,68,92,71,-1,71,92,31,-1,71,31,29,-1,34,36,95,-1,96,97,98,-1,49,99,100,-1,101,99,49,-1,98,97,49,-1,46,49,97,-1,102,103,104,-1,103,102,105,-1,105,102,106,-1,105,106,107,-1,107,106,108,-1,107,108,109,-1,109,108,110,-1,109,110,111,-1,111,110,112,-1,112,110,113,-1,112,113,114,-1,114,113,115,-1,115,113,116,-1,115,116,117,-1,118,101,49,-1,38,40,96,-1,96,40,42,-1,96,42,97,-1,97,42,44,-1,97,44,46,-1,119,100,120,-1,120,100,99,-1,120,99,121,-1,121,99,101,-1,121,101,122,-1,118,123,101,-1,101,123,124,-1,101,124,122,-1,122,124,125,-1,122,125,126,-1,95,119,127,-1,127,119,120,-1,127,120,128,-1,128,120,121,-1,128,121,129,-1,129,121,122,-1,129,122,130,-1,130,122,126,-1,30,32,131,-1,131,32,34,-1,34,95,131,-1,131,95,127,-1,131,127,132,-1,132,127,128,-1,132,128,133,-1,133,128,129,-1,133,129,134,-1,134,129,130,-1,134,130,135,-1,36,38,95,-1,95,38,96,-1,95,96,119,-1,119,96,98,-1,119,98,100,-1,100,98,49,-1,30,102,28,-1,28,102,104,-1,28,104,26,-1,126,136,130,-1,130,136,137,-1,130,137,135,-1,135,137,138,-1,135,138,139,-1,30,131,102,-1,102,131,132,-1,102,132,106,-1,106,132,133,-1,106,133,108,-1,108,133,134,-1,108,134,110,-1,110,134,135,-1,110,135,113,-1,113,135,139,-1,113,139,116,-1,94,62,140,-1,140,62,141,-1,141,62,142,-1,142,62,61,-1,142,61,143,-1,143,61,63,-1,143,63,144,-1,144,63,65,-1,144,65,145,-1,145,65,67,-1,145,67,146,-1,146,67,69,-1,146,69,147,-1,147,69,70,-1,147,70,148,-1,148,70,72,-1,148,72,149,-1,72,73,149,-1,149,73,27,-1,149,27,150,-1,94,151,93,-1,93,151,152,-1,93,152,86,-1,86,152,153,-1,86,153,87,-1,87,153,154,-1,87,154,50,-1,50,154,155,-1,50,155,51,-1,51,155,156,-1,51,156,74,-1,74,156,157,-1,74,157,75,-1,75,157,158,-1,75,158,76,-1,76,158,159,-1,76,159,77,-1,77,159,160,-1,77,160,59,-1,160,161,59,-1,59,161,162,-1,59,162,48,-1,163,164,165,-1,165,164,166,-1,165,166,167,-1,167,166,168,-1,167,168,169,-1,169,168,170,-1,169,170,171,-1,171,170,172,-1,171,172,173,-1,173,172,174,-1,173,174,175,-1,175,174,176,-1,175,176,177,-1,177,176,178,-1,177,178,179,-1,179,178,180,-1,179,180,181,-1,181,180,182,-1,181,182,183,-1,182,184,183,-1,183,184,185,-1,183,185,162,-1,186,117,187,-1,187,117,116,-1,187,116,188,-1,188,116,139,-1,188,139,189,-1,189,139,138,-1,189,138,190,-1,190,138,137,-1,190,137,191,-1,191,137,136,-1,191,136,192,-1,192,136,126,-1,192,126,193,-1,193,126,125,-1,193,125,194,-1,194,125,124,-1,194,124,195,-1,195,124,123,-1,195,123,196,-1,123,118,196,-1,196,118,49,-1,196,49,185,-1,26,104,197,-1,197,104,198,-1,198,104,199,-1,199,104,103,-1,199,103,200,-1,200,103,105,-1,200,105,201,-1,201,105,107,-1,201,107,202,-1,202,107,109,-1,202,109,203,-1,203,109,111,-1,203,111,204,-1,204,111,112,-1,204,112,205,-1,205,112,114,-1,205,114,206,-1,114,115,206,-1,206,115,117,-1,206,117,207,-1,208,141,209,-1,209,141,142,-1,209,142,210,-1,210,142,143,-1,210,143,211,-1,211,143,144,-1,211,144,212,-1,212,144,145,-1,212,145,213,-1,213,145,146,-1,213,146,214,-1,214,146,147,-1,214,147,215,-1,215,147,148,-1,215,148,216,-1,216,148,149,-1,216,149,217,-1,217,149,150,-1,217,150,218,-1,219,208,220,-1,220,208,221,-1,220,221,222,-1,219,223,208,-1,208,223,224,-1,208,224,141,-1,141,224,225,-1,141,225,140,-1,167,169,226,-1,171,173,227,-1,228,229,230,-1,162,231,232,-1,233,231,162,-1,230,229,162,-1,183,162,229,-1,234,235,236,-1,236,235,237,-1,236,237,238,-1,238,237,239,-1,239,237,240,-1,239,240,241,-1,241,240,242,-1,242,240,243,-1,242,243,244,-1,244,243,245,-1,245,243,246,-1,245,246,247,-1,247,246,248,-1,248,246,249,-1,248,249,250,-1,250,249,152,-1,250,152,151,-1,161,233,162,-1,175,177,228,-1,228,177,179,-1,228,179,229,-1,229,179,181,-1,229,181,183,-1,251,232,252,-1,252,232,231,-1,252,231,253,-1,253,231,233,-1,253,233,254,-1,173,175,227,-1,227,175,228,-1,227,228,255,-1,255,228,230,-1,255,230,256,-1,256,230,162,-1,161,160,233,-1,233,160,159,-1,233,159,254,-1,254,159,158,-1,254,158,157,-1,257,251,258,-1,258,251,252,-1,258,252,259,-1,259,252,253,-1,259,253,260,-1,260,253,254,-1,260,254,261,-1,261,254,157,-1,226,257,262,-1,262,257,258,-1,262,258,263,-1,263,258,259,-1,263,259,264,-1,264,259,260,-1,264,260,265,-1,265,260,261,-1,265,261,266,-1,169,171,226,-1,226,171,227,-1,226,227,257,-1,257,227,255,-1,257,255,251,-1,251,255,256,-1,251,256,232,-1,232,256,162,-1,234,163,235,-1,235,163,165,-1,235,165,167,-1,157,156,261,-1,261,156,155,-1,261,155,266,-1,266,155,154,-1,266,154,153,-1,167,226,235,-1,235,226,262,-1,235,262,237,-1,237,262,263,-1,237,263,240,-1,240,263,264,-1,240,264,243,-1,243,264,265,-1,243,265,246,-1,246,265,266,-1,246,266,249,-1,249,266,153,-1,249,153,152,-1,190,191,267,-1,268,269,270,-1,185,271,272,-1,273,271,185,-1,270,269,185,-1,196,185,269,-1,274,275,276,-1,275,274,277,-1,277,274,278,-1,277,278,279,-1,279,278,280,-1,279,280,281,-1,281,280,282,-1,281,282,283,-1,283,282,284,-1,284,282,285,-1,284,285,286,-1,286,285,287,-1,287,285,166,-1,287,166,164,-1,184,273,185,-1,192,193,268,-1,268,193,194,-1,268,194,269,-1,269,194,195,-1,269,195,196,-1,288,272,289,-1,289,272,271,-1,289,271,290,-1,290,271,273,-1,290,273,291,-1,184,182,273,-1,273,182,180,-1,273,180,291,-1,291,180,178,-1,291,178,176,-1,267,288,292,-1,292,288,289,-1,292,289,293,-1,293,289,290,-1,293,290,294,-1,294,290,291,-1,294,291,295,-1,295,291,176,-1,188,189,296,-1,296,189,190,-1,190,267,296,-1,296,267,292,-1,296,292,297,-1,297,292,293,-1,297,293,298,-1,298,293,294,-1,298,294,299,-1,299,294,295,-1,299,295,300,-1,191,192,267,-1,267,192,268,-1,267,268,288,-1,288,268,270,-1,288,270,272,-1,272,270,185,-1,188,274,187,-1,187,274,276,-1,187,276,186,-1,176,174,295,-1,295,174,172,-1,295,172,300,-1,300,172,170,-1,300,170,168,-1,188,296,274,-1,274,296,297,-1,274,297,278,-1,278,297,298,-1,278,298,280,-1,280,298,299,-1,280,299,282,-1,282,299,300,-1,282,300,285,-1,285,300,168,-1,285,168,166,-1,301,302,207,-1,207,302,206,-1,206,302,205,-1,205,302,303,-1,205,303,204,-1,204,303,304,-1,204,304,203,-1,203,304,305,-1,203,305,202,-1,202,305,306,-1,202,306,201,-1,201,306,307,-1,201,307,200,-1,200,307,308,-1,200,308,199,-1,199,308,309,-1,199,309,198,-1,309,310,198,-1,198,310,311,-1,198,311,197,-1,218,311,312,-1,312,311,313,-1,312,313,314,-1,314,313,315,-1,314,315,316,-1,316,315,317,-1,316,317,318,-1,318,317,319,-1,318,319,320,-1,320,319,321,-1,320,321,322,-1,322,321,323,-1,322,323,324,-1,324,323,325,-1,324,325,326,-1,326,325,327,-1,326,327,328,-1,328,327,329,-1,328,329,330,-1,329,331,330,-1,330,331,332,-1,330,332,333,-1,330,333,334,-1,335,336,333,-1,337,338,339,-1,340,341,342,-1,343,344,345,-1,214,215,346,-1,216,217,347,-1,347,217,218,-1,348,211,212,-1,345,209,210,-1,209,345,208,-1,208,345,344,-1,208,344,221,-1,222,221,349,-1,349,221,344,-1,349,344,350,-1,350,344,343,-1,350,343,351,-1,351,343,352,-1,218,312,347,-1,347,312,314,-1,347,314,353,-1,341,352,342,-1,342,352,343,-1,342,343,354,-1,354,343,345,-1,354,345,348,-1,348,345,210,-1,348,210,211,-1,314,316,353,-1,353,316,318,-1,353,318,355,-1,338,340,339,-1,339,340,342,-1,339,342,356,-1,356,342,354,-1,356,354,357,-1,357,354,348,-1,357,348,358,-1,358,348,212,-1,358,212,213,-1,318,320,355,-1,355,320,322,-1,355,322,359,-1,358,360,357,-1,357,360,361,-1,357,361,356,-1,356,361,362,-1,356,362,339,-1,339,362,363,-1,339,363,337,-1,336,335,364,-1,215,216,346,-1,346,216,347,-1,346,347,365,-1,365,347,353,-1,365,353,366,-1,366,353,355,-1,366,355,367,-1,367,355,359,-1,367,359,368,-1,368,359,334,-1,368,334,333,-1,333,369,363,-1,363,369,370,-1,363,370,337,-1,360,371,361,-1,361,371,372,-1,361,372,362,-1,362,372,373,-1,362,373,363,-1,363,373,333,-1,371,364,372,-1,372,364,335,-1,372,335,373,-1,373,335,333,-1,322,324,359,-1,359,324,326,-1,359,326,334,-1,334,326,328,-1,334,328,330,-1,213,214,358,-1,358,214,346,-1,358,346,360,-1,360,346,365,-1,360,365,371,-1,371,365,366,-1,371,366,364,-1,364,366,367,-1,364,367,336,-1,336,367,368,-1,336,368,333,-1,374,163,234,-1,374,234,375,-1,375,234,236,-1,375,236,376,-1,376,236,238,-1,376,238,377,-1,377,238,239,-1,377,239,378,-1,378,239,241,-1,378,241,379,-1,379,241,242,-1,379,242,380,-1,380,242,244,-1,380,244,381,-1,381,244,245,-1,381,245,382,-1,382,245,247,-1,382,247,383,-1,383,247,248,-1,383,248,384,-1,384,248,250,-1,384,250,151,-1,186,276,385,-1,385,276,386,-1,386,276,387,-1,387,276,275,-1,387,275,388,-1,388,275,277,-1,388,277,389,-1,389,277,279,-1,389,279,390,-1,390,279,281,-1,390,281,391,-1,391,281,283,-1,391,283,392,-1,392,283,284,-1,392,284,393,-1,393,284,286,-1,393,286,394,-1,286,287,394,-1,394,287,164,-1,394,164,395,-1,396,332,397,-1,327,325,398,-1,323,321,399,-1,400,401,402,-1,302,301,403,-1,304,303,404,-1,404,303,302,-1,310,309,401,-1,401,309,308,-1,401,308,402,-1,402,308,307,-1,402,307,306,-1,311,310,313,-1,313,310,401,-1,313,401,315,-1,315,401,400,-1,315,400,317,-1,317,400,319,-1,302,403,404,-1,404,403,405,-1,404,405,406,-1,321,319,399,-1,399,319,400,-1,399,400,407,-1,407,400,402,-1,407,402,408,-1,408,402,306,-1,405,409,406,-1,406,409,410,-1,406,410,411,-1,325,323,398,-1,398,323,399,-1,398,399,412,-1,412,399,407,-1,412,407,413,-1,413,407,408,-1,410,414,411,-1,411,414,415,-1,411,415,416,-1,413,417,412,-1,412,417,418,-1,412,418,398,-1,398,418,419,-1,398,419,327,-1,305,304,420,-1,420,304,404,-1,420,404,421,-1,421,404,406,-1,421,406,422,-1,422,406,411,-1,422,411,423,-1,423,411,416,-1,423,416,424,-1,424,416,397,-1,424,397,332,-1,332,331,419,-1,419,331,329,-1,419,329,327,-1,417,425,418,-1,418,425,426,-1,418,426,419,-1,419,426,332,-1,425,427,426,-1,426,427,332,-1,415,428,416,-1,416,428,429,-1,416,429,397,-1,397,429,430,-1,397,430,396,-1,306,305,408,-1,408,305,420,-1,408,420,413,-1,413,420,421,-1,413,421,417,-1,417,421,422,-1,417,422,425,-1,425,422,423,-1,425,423,427,-1,427,423,424,-1,427,424,332,-1,431,222,349,-1,432,433,434,-1,434,433,435,-1,435,436,434,-1,434,436,437,-1,434,437,438,-1,438,439,434,-1,434,439,440,-1,434,440,441,-1,431,349,442,-1,441,442,434,-1,434,442,349,-1,434,349,443,-1,443,349,350,-1,443,350,444,-1,444,350,351,-1,444,351,445,-1,445,351,352,-1,445,352,446,-1,446,352,341,-1,446,341,447,-1,447,341,340,-1,447,340,448,-1,448,340,338,-1,448,338,449,-1,449,338,337,-1,449,337,450,-1,450,337,370,-1,450,370,451,-1,370,369,451,-1,451,369,333,-1,451,333,452,-1,453,454,455,-1,383,384,456,-1,454,457,455,-1,455,457,458,-1,455,458,432,-1,456,453,383,-1,383,453,455,-1,383,455,382,-1,382,455,459,-1,382,459,381,-1,381,459,460,-1,381,460,380,-1,380,460,461,-1,380,461,379,-1,379,461,462,-1,379,462,378,-1,378,462,463,-1,378,463,377,-1,377,463,464,-1,377,464,376,-1,376,464,465,-1,376,465,375,-1,465,466,375,-1,375,466,467,-1,375,467,374,-1,468,469,395,-1,395,469,394,-1,394,469,393,-1,393,469,470,-1,393,470,392,-1,392,470,471,-1,392,471,391,-1,391,471,472,-1,391,472,390,-1,390,472,473,-1,390,473,389,-1,389,473,474,-1,389,474,388,-1,388,474,475,-1,388,475,387,-1,387,475,476,-1,387,476,386,-1,476,477,386,-1,386,477,478,-1,386,478,385,-1,301,478,403,-1,403,478,479,-1,403,479,405,-1,405,479,480,-1,405,480,409,-1,409,480,481,-1,409,481,410,-1,410,481,482,-1,410,482,414,-1,414,482,483,-1,414,483,415,-1,415,483,484,-1,415,484,428,-1,428,484,485,-1,428,485,429,-1,429,485,486,-1,429,486,430,-1,430,486,487,-1,430,487,396,-1,487,488,396,-1,396,488,489,-1,396,489,332,-1,451,452,490,-1,491,492,493,-1,494,495,496,-1,497,498,499,-1,455,432,434,-1,460,459,500,-1,500,459,455,-1,466,465,498,-1,498,465,464,-1,498,464,499,-1,499,464,463,-1,499,463,462,-1,467,466,501,-1,501,466,498,-1,501,498,502,-1,502,498,497,-1,502,497,503,-1,503,497,504,-1,455,434,500,-1,500,434,443,-1,500,443,505,-1,495,504,496,-1,496,504,497,-1,496,497,506,-1,506,497,499,-1,506,499,507,-1,507,499,462,-1,443,444,505,-1,505,444,445,-1,505,445,508,-1,492,494,493,-1,493,494,496,-1,493,496,509,-1,509,496,506,-1,509,506,510,-1,510,506,507,-1,445,446,508,-1,508,446,447,-1,508,447,511,-1,510,512,509,-1,509,512,513,-1,509,513,493,-1,493,513,514,-1,493,514,491,-1,461,460,515,-1,515,460,500,-1,515,500,516,-1,516,500,505,-1,516,505,517,-1,517,505,508,-1,517,508,518,-1,518,508,511,-1,518,511,519,-1,519,511,490,-1,519,490,452,-1,452,520,514,-1,514,520,521,-1,514,521,491,-1,512,522,513,-1,513,522,523,-1,513,523,514,-1,514,523,452,-1,522,524,523,-1,523,524,452,-1,447,448,511,-1,511,448,449,-1,511,449,490,-1,490,449,450,-1,490,450,451,-1,462,461,507,-1,507,461,515,-1,507,515,510,-1,510,515,516,-1,510,516,512,-1,512,516,517,-1,512,517,522,-1,522,517,518,-1,522,518,524,-1,524,518,519,-1,524,519,452,-1,525,489,526,-1,486,485,527,-1,484,483,528,-1,529,530,531,-1,469,468,532,-1,471,470,533,-1,533,470,469,-1,477,476,530,-1,530,476,475,-1,530,475,531,-1,531,475,474,-1,531,474,473,-1,478,477,479,-1,479,477,530,-1,479,530,480,-1,480,530,529,-1,480,529,481,-1,481,529,482,-1,469,532,533,-1,533,532,534,-1,533,534,535,-1,483,482,528,-1,528,482,529,-1,528,529,536,-1,536,529,531,-1,536,531,537,-1,537,531,473,-1,534,538,535,-1,535,538,539,-1,535,539,540,-1,485,484,527,-1,527,484,528,-1,527,528,541,-1,541,528,536,-1,541,536,542,-1,542,536,537,-1,539,543,540,-1,540,543,544,-1,540,544,545,-1,542,546,541,-1,541,546,547,-1,541,547,527,-1,527,547,548,-1,527,548,486,-1,472,471,549,-1,549,471,533,-1,549,533,550,-1,550,533,535,-1,550,535,551,-1,551,535,540,-1,551,540,552,-1,552,540,545,-1,552,545,553,-1,553,545,526,-1,553,526,489,-1,489,488,548,-1,548,488,487,-1,548,487,486,-1,546,554,547,-1,547,554,555,-1,547,555,548,-1,548,555,489,-1,554,556,555,-1,555,556,489,-1,544,557,545,-1,545,557,558,-1,545,558,526,-1,526,558,559,-1,526,559,525,-1,473,472,537,-1,537,472,549,-1,537,549,542,-1,542,549,550,-1,542,550,546,-1,546,550,551,-1,546,551,554,-1,554,551,552,-1,554,552,556,-1,556,552,553,-1,556,553,489,-1,468,467,532,-1,532,467,501,-1,532,501,534,-1,534,501,502,-1,534,502,538,-1,538,502,503,-1,538,503,539,-1,539,503,504,-1,539,504,543,-1,543,504,495,-1,543,495,544,-1,544,495,494,-1,544,494,557,-1,557,494,492,-1,557,492,558,-1,558,492,491,-1,558,491,559,-1,559,491,521,-1,559,521,525,-1,521,520,525,-1,525,520,452,-1,525,452,489,-1,
        ]
    }
}