#VRML V2.0 utf8
# 3D model generated by easyeda2kicad.py (https://github.com/uPesy/easyeda2kicad.py)

Shape{
    appearance Appearance {
        material  Material 	{
            diffuseColor 0.5019607843137255 0.5019607843137255 0.5019607843137255
            specularColor 0.25098039215686274 0.25098039215686274 0.25098039215686274
            ambientIntensity 0.502
            transparency 0.0
            shininess 0.5
        }
    }
    geometry IndexedFaceSet {
        ccw TRUE
        solid FALSE
        coord DEF co Coordinate {
            point [
                -0.0296 0.8241 0.0394, -0.0219 -0.0555 0.0394, -0.0296 -0.0646 0.0394, -0.0219 -0.0641 0.0394, 0.0203 -0.0641 0.0394, -0.02 0.006 0.0394, 0.0098 0.006 0.0394, 0.0098 -0.02 0.0394, 0.0357 -0.0601 0.0394, 0.0357 -0.0514 0.0394, 0.0203 0.0146 0.0394, 0.0098 -0.0286 0.0394, 0.0098 -0.0555 0.0394, -0.0181 -0.0286 0.0394, -0.0181 -0.02 0.0394, 0.0747 -0.0615 0.0394, 0.101 -0.0641 0.0394, 0.0671 -0.0641 0.0394, 0.062 -0.0646 0.0394, 1.2375 -0.0646 0.0394, 0.1413 -0.0641 0.0394, 1.2375 0.8241 0.0394, 0.1413 0.0146 0.0394, 0.1308 0.0146 0.0394, -0.02 0.0146 0.0394, 0.0619 0.0061 0.0394, 0.0678 0.0039 0.0394, 0.0371 -0.0522 0.0394, 0.0732 0.0003 0.0394, 0.078 -0.005 0.0394, 0.0837 -0.0256 0.0394, 0.0829 -0.0341 0.0394, 0.0808 -0.0409 0.0394, 0.0633 -0.0556 0.0394, 0.0559 -0.0565 0.0394, 0.069 -0.0535 0.0394, 0.0738 -0.0503 0.0394, 0.0775 -0.0464 0.0394, 0.0455 -0.0553 0.0394, 0.0812 -0.0111 0.0394, 0.0833 -0.0195 0.0394, 0.0784 0.0081 0.0394, 0.0855 0.0012 0.0394, 0.0901 -0.0061 0.0394, 0.081 -0.0574 0.0394, 0.0869 -0.0512 0.0394, 0.101 -0.0555 0.0394, 0.0911 -0.0437 0.0394, 0.1308 -0.0555 0.0394, 0.0935 -0.0354 0.0394, 0.0943 -0.0263 0.0394, 0.0931 -0.0151 0.0394, 0.0709 0.0124 0.0394, 0.0621 0.0149 0.0394, 0.0542 0.0156 0.0394, 0.0448 0.0149 0.0394, 0.0357 0.0124 0.0394, 0.0357 0.0019 0.0394, 0.0446 0.0057 0.0394, 0.0541 0.0069 0.0394, 0.0574 -0.0651 0.0394, 1.2375 -0.8241 0.0394, 0.0552 -0.0651 0.0394, -0.0296 -0.8241 0.0394, 0.052 -0.0646 0.0394, -1.2375 -0.8241 0.0394, -1.2375 -0.0646 0.0394, 0.0441 -0.0635 0.0394, -0.1064 -0.0641 0.0394, -0.0967 -0.0426 0.0394, -0.0922 -0.0496 0.0394, -0.166 -0.0641 0.0394, -0.1775 -0.0641 0.0394, -0.1467 0.0146 0.0394, -1.2375 0.8241 0.0394, -0.1362 0.0146 0.0394, -0.0857 -0.0558 0.0394, -0.0775 -0.0606 0.0394, -0.0684 -0.0633 0.0394, -0.0587 -0.0641 0.0394, -0.0373 -0.0641 0.0394, -0.0373 0.0146 0.0394, -0.0595 0.0146 0.0394, -0.0887 0.0043 0.0394, -0.0943 -0.0018 0.0394, -0.098 -0.0086 0.0394, -0.0709 0.0134 0.0394, -0.0801 0.0102 0.0394, -0.0887 0.0044 0.0394, -0.1179 -0.0641 0.0394, -0.1255 -0.0421 0.0394, -0.158 -0.0421 0.0394, -0.1001 -0.0164 0.0394, -0.1007 -0.0238 0.0394, -0.0996 -0.0343 0.0394, -1.26 0.8661 0.2165, -1.2008 0.8661 0.2165, -1.2008 0.8617 0.185, -1.2375 0.8436 0.0563, -1.1024 0.8617 0.185, 1.2375 0.8436 0.0563, -0.689 0.8617 0.185, -0.5906 0.8617 0.185, -0.8465 0.8617 0.185, -0.8465 0.8661 0.2165, -0.689 0.8661 0.2165, -0.9449 0.8617 0.185, -0.9449 0.8661 0.2165, -1.1024 0.8661 0.2165, -0.1772 0.8617 0.185, -0.0787 0.8617 0.185, -0.3346 0.8617 0.185, -0.3346 0.8661 0.2165, -0.1772 0.8661 0.2165, -0.4331 0.8617 0.185, -0.4331 0.8661 0.2165, -0.5906 0.8661 0.2165, 0.3346 0.8617 0.185, 0.4331 0.8617 0.185, 0.1772 0.8617 0.185, 0.1772 0.8661 0.2165, 0.3346 0.8661 0.2165, 0.0787 0.8617 0.185, 0.0787 0.8661 0.2165, -0.0787 0.8661 0.2165, 0.8465 0.8617 0.185, 0.9449 0.8617 0.185, 0.689 0.8617 0.185, 0.689 0.8661 0.2165, 0.8465 0.8661 0.2165, 0.5906 0.8617 0.185, 0.5906 0.8661 0.2165, 0.4331 0.8661 0.2165, 1.2008 0.8661 0.2165, 1.26 0.8661 0.2165, 1.2008 0.8617 0.185, 1.1024 0.8617 0.185, 1.1024 0.8661 0.2165, 0.9449 0.8661 0.2165, 1.1024 0.8623 0.2441, 1.2375 0.8436 0.3768, 1.2008 0.8623 0.2441, 0.9449 0.8623 0.2441, 0.8465 0.8623 0.2441, 0.689 0.8623 0.2441, 0.5906 0.8623 0.2441, 0.4331 0.8623 0.2441, 0.3346 0.8623 0.2441, 0.1772 0.8623 0.2441, 0.0787 0.8623 0.2441, -0.0787 0.8623 0.2441, -0.1772 0.8623 0.2441, -0.689 0.8623 0.2441, -0.3346 0.8623 0.2441, -0.4331 0.8623 0.2441, -0.5906 0.8623 0.2441, -0.8465 0.8623 0.2441, -0.9449 0.8623 0.2441, -1.1024 0.8623 0.2441, -1.2008 0.8623 0.2441, -1.2375 0.8436 0.3768, 1.26 -0.8661 0.2165, 1.2008 -0.8661 0.2165, 1.2008 -0.8617 0.185, 1.2375 -0.8436 0.0563, 1.1024 -0.8617 0.185, -1.2375 -0.8436 0.0563, 0.8465 -0.8617 0.185, 0.8465 -0.8661 0.2165, 0.689 -0.8661 0.2165, 0.689 -0.8617 0.185, 0.5906 -0.8617 0.185, 0.9449 -0.8617 0.185, 0.9449 -0.8661 0.2165, 1.1024 -0.8661 0.2165, 0.3346 -0.8617 0.185, 0.3346 -0.8661 0.2165, 0.1772 -0.8661 0.2165, 0.1772 -0.8617 0.185, 0.0787 -0.8617 0.185, 0.4331 -0.8617 0.185, 0.4331 -0.8661 0.2165, 0.5906 -0.8661 0.2165, -0.1772 -0.8617 0.185, -0.1772 -0.8661 0.2165, -0.3346 -0.8661 0.2165, -0.3346 -0.8617 0.185, -0.4331 -0.8617 0.185, -0.0787 -0.8617 0.185, -0.0787 -0.8661 0.2165, 0.0787 -0.8661 0.2165, -0.689 -0.8617 0.185, -0.689 -0.8661 0.2165, -0.8465 -0.8661 0.2165, -0.8465 -0.8617 0.185, -0.9449 -0.8617 0.185, -0.5906 -0.8617 0.185, -0.5906 -0.8661 0.2165, -0.4331 -0.8661 0.2165, -1.2008 -0.8661 0.2165, -1.26 -0.8661 0.2165, -1.2008 -0.8617 0.185, -1.1024 -0.8617 0.185, -1.1024 -0.8661 0.2165, -0.9449 -0.8661 0.2165, -1.2008 -0.8623 0.2441, -1.2375 -0.8436 0.3768, -1.1024 -0.8623 0.2441, 1.2375 -0.8436 0.3768, -0.8465 -0.8623 0.2441, -0.689 -0.8623 0.2441, -0.5906 -0.8623 0.2441, -0.9449 -0.8623 0.2441, -0.3346 -0.8623 0.2441, -0.1772 -0.8623 0.2441, -0.0787 -0.8623 0.2441, -0.4331 -0.8623 0.2441, 0.1772 -0.8623 0.2441, 0.3346 -0.8623 0.2441, 0.4331 -0.8623 0.2441, 0.0787 -0.8623 0.2441, 0.689 -0.8623 0.2441, 0.8465 -0.8623 0.2441, 0.9449 -0.8623 0.2441, 0.5906 -0.8623 0.2441, 1.2008 -0.8623 0.2441, 1.1024 -0.8623 0.2441, 1.257 -0.8241 0.0563, 1.257 0.8241 0.0563, 1.2795 -0.8466 0.2165, 1.2795 0.8466 0.2165, -1.257 0.8241 0.0563, -1.257 -0.8241 0.0563, -1.2795 0.8466 0.2165, -1.2795 -0.8466 0.2165, 1.257 -0.8241 0.3768, 1.257 0.8241 0.3768, -1.257 0.8241 0.3768, -1.257 -0.8241 0.3768, -0.9594 -0.6608 0.3937, 1.2375 -0.8241 0.3937, -0.944 -0.6407 0.3937, -0.9344 -0.6174 0.3937, -1.053 -0.4988 0.3937, -1.2375 0.8241 0.3937, -1.0763 -0.5084 0.3937, -1.0964 -0.5238 0.3937, -0.9594 -0.5238 0.3937, -0.944 -0.5439 0.3937, 1.2375 0.8241 0.3937, -0.9344 -0.5672 0.3937, -0.9311 -0.5923 0.3937, -0.9795 -0.6762 0.3937, -1.0028 -0.6858 0.3937, -1.2375 -0.8241 0.3937, -1.0279 -0.6891 0.3937, -1.053 -0.6858 0.3937, -1.0763 -0.6762 0.3937, -1.0964 -0.6608 0.3937, -1.1118 -0.6407 0.3937, -1.1214 -0.6174 0.3937, -1.1247 -0.5923 0.3937, -1.1214 -0.5672 0.3937, -1.1118 -0.5439 0.3937, -1.0279 -0.4955 0.3937, -1.0028 -0.4988 0.3937, -0.9795 -0.5084 0.3937
            ]
        }
        coordIndex [
            0,1,2,-1,2,1,3,-1,2,3,4,-1,5,6,7,-1,8,4,9,-1,9,4,10,-1,11,12,13,-1,13,12,1,-1,13,1,14,-1,15,16,17,-1,17,16,18,-1,19,20,21,-1,21,20,22,-1,21,22,0,-1,0,22,23,-1,7,14,5,-1,5,14,1,-1,5,1,24,-1,24,1,0,-1,24,0,10,-1,25,26,27,-1,27,26,28,-1,27,28,29,-1,30,31,27,-1,27,31,32,-1,33,34,35,-1,35,34,36,-1,32,37,27,-1,27,37,36,-1,27,36,38,-1,38,36,34,-1,29,39,27,-1,27,39,40,-1,27,40,30,-1,41,0,42,-1,42,0,23,-1,42,23,43,-1,15,44,16,-1,16,44,45,-1,16,45,46,-1,46,45,47,-1,46,47,48,-1,47,49,48,-1,48,49,50,-1,48,50,23,-1,23,50,51,-1,23,51,43,-1,41,52,0,-1,0,52,53,-1,0,53,54,-1,54,55,0,-1,0,55,56,-1,0,56,10,-1,10,56,57,-1,10,57,9,-1,9,57,58,-1,9,58,27,-1,27,58,59,-1,27,59,25,-1,16,20,18,-1,18,20,19,-1,18,19,60,-1,60,19,61,-1,60,61,62,-1,62,61,63,-1,62,63,64,-1,65,66,63,-1,63,66,2,-1,63,2,64,-1,64,2,4,-1,64,4,67,-1,67,4,8,-1,68,69,70,-1,71,2,72,-1,72,2,66,-1,72,66,73,-1,73,66,74,-1,73,74,75,-1,75,74,0,-1,70,76,68,-1,68,76,77,-1,68,77,78,-1,79,80,2,-1,2,80,81,-1,2,81,0,-1,0,81,82,-1,83,84,75,-1,75,84,85,-1,82,86,0,-1,0,86,87,-1,0,87,75,-1,75,87,88,-1,75,88,83,-1,78,79,68,-1,68,79,2,-1,68,2,89,-1,89,2,71,-1,89,71,90,-1,90,71,91,-1,85,92,75,-1,75,92,93,-1,75,93,68,-1,68,93,94,-1,68,94,69,-1,95,96,97,-1,95,97,98,-1,98,97,99,-1,98,99,100,-1,101,102,100,-1,103,104,105,-1,105,101,103,-1,103,101,100,-1,103,100,106,-1,106,100,99,-1,106,99,107,-1,107,99,108,-1,109,110,100,-1,111,112,113,-1,113,109,111,-1,111,109,100,-1,111,100,114,-1,114,100,102,-1,114,102,115,-1,115,102,116,-1,117,118,100,-1,119,120,121,-1,121,117,119,-1,119,117,100,-1,119,100,122,-1,122,100,110,-1,122,110,123,-1,123,110,124,-1,125,126,100,-1,127,128,129,-1,129,125,127,-1,127,125,100,-1,127,100,130,-1,130,100,118,-1,130,118,131,-1,131,118,132,-1,133,134,135,-1,135,134,100,-1,135,100,136,-1,136,100,126,-1,136,126,137,-1,137,126,138,-1,139,140,141,-1,141,140,134,-1,141,134,133,-1,137,138,139,-1,139,138,142,-1,139,142,140,-1,140,142,143,-1,129,128,143,-1,143,128,144,-1,143,144,140,-1,140,144,145,-1,131,132,145,-1,145,132,146,-1,145,146,140,-1,140,146,147,-1,121,120,147,-1,147,120,148,-1,147,148,140,-1,140,148,149,-1,123,124,149,-1,149,124,150,-1,149,150,140,-1,140,150,151,-1,152,105,104,-1,113,112,151,-1,151,112,153,-1,151,153,140,-1,140,153,154,-1,115,116,154,-1,154,116,155,-1,154,155,140,-1,140,155,152,-1,140,152,156,-1,156,152,104,-1,107,108,157,-1,157,108,158,-1,96,95,159,-1,159,95,160,-1,159,160,158,-1,158,160,140,-1,158,140,157,-1,157,140,156,-1,161,162,163,-1,161,163,164,-1,164,163,165,-1,164,165,166,-1,167,168,169,-1,170,171,166,-1,169,170,167,-1,167,170,166,-1,167,166,172,-1,172,166,165,-1,172,165,173,-1,173,165,174,-1,175,176,177,-1,178,179,166,-1,177,178,175,-1,175,178,166,-1,175,166,180,-1,180,166,171,-1,180,171,181,-1,181,171,182,-1,183,184,185,-1,186,187,166,-1,185,186,183,-1,183,186,166,-1,183,166,188,-1,188,166,179,-1,188,179,189,-1,189,179,190,-1,191,192,193,-1,194,195,166,-1,193,194,191,-1,191,194,166,-1,191,166,196,-1,196,166,187,-1,196,187,197,-1,197,187,198,-1,199,200,201,-1,201,200,166,-1,201,166,202,-1,202,166,195,-1,202,195,203,-1,203,195,204,-1,200,199,205,-1,200,205,206,-1,206,205,207,-1,206,207,208,-1,209,193,192,-1,210,211,208,-1,192,210,209,-1,209,210,208,-1,209,208,212,-1,212,208,207,-1,212,207,204,-1,204,207,203,-1,213,185,184,-1,214,215,208,-1,184,214,213,-1,213,214,208,-1,213,208,216,-1,216,208,211,-1,216,211,198,-1,198,211,197,-1,217,177,176,-1,218,219,208,-1,176,218,217,-1,217,218,208,-1,217,208,220,-1,220,208,215,-1,220,215,190,-1,190,215,189,-1,221,169,168,-1,222,223,208,-1,168,222,221,-1,221,222,208,-1,221,208,224,-1,224,208,219,-1,224,219,182,-1,182,219,181,-1,162,161,225,-1,225,161,208,-1,225,208,226,-1,226,208,223,-1,226,223,174,-1,174,223,173,-1,227,228,229,-1,229,228,230,-1,231,232,233,-1,233,232,234,-1,229,230,235,-1,235,230,236,-1,233,234,237,-1,237,234,238,-1,239,240,241,-1,241,240,242,-1,243,244,245,-1,245,244,246,-1,247,248,249,-1,249,248,250,-1,249,250,240,-1,240,250,251,-1,240,251,242,-1,239,252,240,-1,240,252,253,-1,240,253,254,-1,253,255,254,-1,254,255,256,-1,254,256,257,-1,257,258,254,-1,254,258,259,-1,254,259,260,-1,260,261,254,-1,254,261,262,-1,254,262,244,-1,244,262,263,-1,244,263,246,-1,243,264,244,-1,244,264,265,-1,244,265,249,-1,249,265,266,-1,249,266,247,-1,
        ]
    }
}
Shape{
    appearance Appearance {
        material  Material 	{
            diffuseColor 0.0 0.0 0.0
            specularColor 0.0 0.0 0.0
            ambientIntensity 0.0
            transparency 0.0
            shininess 0.5
        }
    }
    geometry IndexedFaceSet {
        ccw TRUE
        solid FALSE
        coord DEF co Coordinate {
            point [
                -0.9311 -0.5923 0.3933, -0.9311 -0.5923 0.3937, -0.9344 -0.5672 0.3933, -0.9344 -0.5672 0.3937, -0.944 -0.5439 0.3933, -0.944 -0.5439 0.3937, -0.9594 -0.5238 0.3933, -0.9594 -0.5238 0.3937, -0.9795 -0.5084 0.3933, -0.9795 -0.5084 0.3937, -1.0028 -0.4988 0.3933, -1.0028 -0.4988 0.3937, -1.0279 -0.4955 0.3933, -1.0279 -0.4955 0.3937, -1.053 -0.4988 0.3933, -1.053 -0.4988 0.3937, -1.0763 -0.5084 0.3933, -1.0763 -0.5084 0.3937, -1.0964 -0.5238 0.3933, -1.0964 -0.5238 0.3937, -1.1118 -0.5439 0.3933, -1.1118 -0.5439 0.3937, -1.1214 -0.5672 0.3933, -1.1214 -0.5672 0.3937, -1.1247 -0.5923 0.3933, -1.1247 -0.5923 0.3937, -1.1214 -0.6174 0.3933, -1.1214 -0.6174 0.3937, -1.1118 -0.6407 0.3933, -1.1118 -0.6407 0.3937, -1.0964 -0.6608 0.3933, -1.0964 -0.6608 0.3937, -1.0763 -0.6762 0.3933, -1.0763 -0.6762 0.3937, -1.053 -0.6858 0.3933, -1.053 -0.6858 0.3937, -1.0279 -0.6891 0.3933, -1.0279 -0.6891 0.3937, -1.0028 -0.6858 0.3933, -1.0028 -0.6858 0.3937, -0.9795 -0.6762 0.3933, -0.9795 -0.6762 0.3937, -0.9594 -0.6608 0.3933, -0.9594 -0.6608 0.3937, -0.944 -0.6407 0.3933, -0.944 -0.6407 0.3937, -0.9344 -0.6174 0.3933, -0.9344 -0.6174 0.3937, -1.0279 -0.5923 0.3933
            ]
        }
        coordIndex [
            0,1,2,-1,2,1,3,-1,2,3,4,-1,4,3,5,-1,4,5,6,-1,6,5,7,-1,6,7,8,-1,8,7,9,-1,8,9,10,-1,10,9,11,-1,10,11,12,-1,12,11,13,-1,12,13,14,-1,14,13,15,-1,14,15,16,-1,16,15,17,-1,16,17,18,-1,18,17,19,-1,18,19,20,-1,20,19,21,-1,20,21,22,-1,22,21,23,-1,22,23,24,-1,24,23,25,-1,24,25,26,-1,26,25,27,-1,26,27,28,-1,28,27,29,-1,28,29,30,-1,30,29,31,-1,30,31,32,-1,32,31,33,-1,32,33,34,-1,34,33,35,-1,34,35,36,-1,36,35,37,-1,36,37,38,-1,38,37,39,-1,38,39,40,-1,40,39,41,-1,40,41,42,-1,42,41,43,-1,42,43,44,-1,44,43,45,-1,44,45,46,-1,46,45,47,-1,46,47,0,-1,0,47,1,-1,44,46,48,-1,48,46,0,-1,48,0,2,-1,38,40,48,-1,48,40,42,-1,48,42,44,-1,32,34,48,-1,48,34,36,-1,48,36,38,-1,26,28,48,-1,48,28,30,-1,48,30,32,-1,20,22,48,-1,48,22,24,-1,48,24,26,-1,14,16,48,-1,48,16,18,-1,48,18,20,-1,8,10,48,-1,48,10,12,-1,48,12,14,-1,2,4,48,-1,48,4,6,-1,48,6,8,-1,
        ]
    }
}
Shape{
    appearance Appearance {
        material  Material 	{
            diffuseColor 1.0 1.0 1.0
            specularColor 0.5019607843137255 0.5019607843137255 0.5019607843137255
            ambientIntensity 1.0
            transparency 0.0
            shininess 0.5
        }
    }
    geometry IndexedFaceSet {
        ccw TRUE
        solid FALSE
        coord DEF co Coordinate {
            point [
                0.0787 -0.8623 0.2441, 0.0787 -0.962 0.2441, 0.1772 -0.8623 0.2441, 0.1772 -0.962 0.2441, 0.1772 -1.2598 0.0591, 0.1772 -1.0991 0.0591, 0.0787 -1.2598 0.0591, 0.0787 -1.0991 0.0591, 0.1772 -1.2598 0.0, 0.0787 -1.2598 0.0, 0.1772 -1.0991 0.0, 0.0787 -1.0991 0.0, 0.0787 -1.0737 0.0034, 0.1772 -1.0737 0.0034, 0.0787 -1.0499 0.0132, 0.1772 -1.0499 0.0132, 0.0787 -1.0295 0.0288, 0.1772 -1.0295 0.0288, 0.0787 -1.0139 0.0492, 0.1772 -1.0139 0.0492, 0.0787 -1.0041 0.073, 0.1772 -1.0041 0.073, 0.1772 -0.9772 0.1734, 0.0787 -0.9772 0.1734, 0.1772 -0.9756 0.1772, 0.0787 -0.9756 0.1772, 0.1772 -0.9731 0.1804, 0.0787 -0.9731 0.1804, 0.1772 -0.9698 0.1829, 0.0787 -0.9698 0.1829, 0.1772 -0.966 0.1845, 0.0787 -0.966 0.1845, 0.1772 -0.962 0.185, 0.0787 -0.962 0.185, 0.1772 -0.8617 0.185, 0.0787 -0.8617 0.185, 0.0787 -0.9813 0.2415, 0.1772 -0.9813 0.2415, 0.0787 -0.9994 0.2341, 0.1772 -0.9994 0.2341, 0.0787 -1.0149 0.2222, 0.1772 -1.0149 0.2222, 0.0787 -1.0267 0.2067, 0.1772 -1.0267 0.2067, 0.0787 -1.0342 0.1887, 0.1772 -1.0342 0.1887, 0.1772 -1.0611 0.0882, 0.0787 -1.0611 0.0882, 0.1772 -1.0651 0.0787, 0.0787 -1.0651 0.0787, 0.1772 -1.0713 0.0706, 0.0787 -1.0713 0.0706, 0.1772 -1.0795 0.0643, 0.0787 -1.0795 0.0643, 0.1772 -1.089 0.0604, 0.0787 -1.089 0.0604, 0.1772 -0.8661 0.2165, 0.0787 -0.8661 0.2165, 0.4331 -1.2598 0.0591, 0.4331 -1.0991 0.0591, 0.3346 -1.2598 0.0591, 0.3346 -1.0991 0.0591, 0.4331 -1.2598 0.0, 0.3346 -1.2598 0.0, 0.4331 -1.0991 0.0, 0.3346 -1.0991 0.0, 0.3346 -1.0737 0.0034, 0.4331 -1.0737 0.0034, 0.3346 -1.0499 0.0132, 0.4331 -1.0499 0.0132, 0.3346 -1.0295 0.0288, 0.4331 -1.0295 0.0288, 0.3346 -1.0139 0.0492, 0.4331 -1.0139 0.0492, 0.3346 -1.0041 0.073, 0.4331 -1.0041 0.073, 0.4331 -0.9772 0.1734, 0.3346 -0.9772 0.1734, 0.4331 -0.9756 0.1772, 0.3346 -0.9756 0.1772, 0.4331 -0.9731 0.1804, 0.3346 -0.9731 0.1804, 0.4331 -0.9698 0.1829, 0.3346 -0.9698 0.1829, 0.4331 -0.966 0.1845, 0.3346 -0.966 0.1845, 0.4331 -0.962 0.185, 0.3346 -0.962 0.185, 0.4331 -0.8617 0.185, 0.3346 -0.8617 0.185, 0.3346 -0.8623 0.2441, 0.3346 -0.962 0.2441, 0.4331 -0.8623 0.2441, 0.4331 -0.962 0.2441, 0.3346 -0.9813 0.2415, 0.4331 -0.9813 0.2415, 0.3346 -0.9994 0.2341, 0.4331 -0.9994 0.2341, 0.3346 -1.0149 0.2222, 0.4331 -1.0149 0.2222, 0.3346 -1.0267 0.2067, 0.4331 -1.0267 0.2067, 0.3346 -1.0342 0.1887, 0.4331 -1.0342 0.1887, 0.4331 -1.0611 0.0882, 0.3346 -1.0611 0.0882, 0.4331 -0.8661 0.2165, 0.4331 -1.089 0.0604, 0.4331 -1.0795 0.0643, 0.4331 -1.0713 0.0706, 0.4331 -1.0651 0.0787, 0.3346 -1.0651 0.0787, 0.3346 -1.0713 0.0706, 0.3346 -1.0795 0.0643, 0.3346 -1.089 0.0604, 0.3346 -0.8661 0.2165, 0.689 -1.2598 0.0591, 0.689 -1.0991 0.0591, 0.5906 -1.2598 0.0591, 0.5906 -1.0991 0.0591, 0.689 -1.2598 0.0, 0.5906 -1.2598 0.0, 0.689 -1.0991 0.0, 0.5906 -1.0991 0.0, 0.5906 -1.0737 0.0034, 0.689 -1.0737 0.0034, 0.5906 -1.0499 0.0132, 0.689 -1.0499 0.0132, 0.5906 -1.0295 0.0288, 0.689 -1.0295 0.0288, 0.5906 -1.0139 0.0492, 0.689 -1.0139 0.0492, 0.5906 -1.0041 0.073, 0.689 -1.0041 0.073, 0.689 -0.9772 0.1734, 0.5906 -0.9772 0.1734, 0.689 -0.9756 0.1772, 0.5906 -0.9756 0.1772, 0.689 -0.9731 0.1804, 0.5906 -0.9731 0.1804, 0.689 -0.9698 0.1829, 0.5906 -0.9698 0.1829, 0.689 -0.966 0.1845, 0.5906 -0.966 0.1845, 0.689 -0.962 0.185, 0.5906 -0.962 0.185, 0.689 -0.8617 0.185, 0.5906 -0.8617 0.185, 0.5906 -0.8623 0.2441, 0.5906 -0.962 0.2441, 0.689 -0.8623 0.2441, 0.689 -0.962 0.2441, 0.5906 -0.9813 0.2415, 0.689 -0.9813 0.2415, 0.5906 -0.9994 0.2341, 0.689 -0.9994 0.2341, 0.5906 -1.0149 0.2222, 0.689 -1.0149 0.2222, 0.5906 -1.0267 0.2067, 0.689 -1.0267 0.2067, 0.5906 -1.0342 0.1887, 0.689 -1.0342 0.1887, 0.689 -1.0611 0.0882, 0.5906 -1.0611 0.0882, 0.689 -0.8661 0.2165, 0.689 -1.089 0.0604, 0.689 -1.0795 0.0643, 0.689 -1.0713 0.0706, 0.689 -1.0651 0.0787, 0.5906 -1.0651 0.0787, 0.5906 -1.0713 0.0706, 0.5906 -1.0795 0.0643, 0.5906 -1.089 0.0604, 0.5906 -0.8661 0.2165, 0.9449 -1.2598 0.0591, 0.9449 -1.0991 0.0591, 0.8465 -1.2598 0.0591, 0.8465 -1.0991 0.0591, 0.9449 -1.2598 0.0, 0.8465 -1.2598 0.0, 0.9449 -1.0991 0.0, 0.8465 -1.0991 0.0, 0.8465 -1.0737 0.0034, 0.9449 -1.0737 0.0034, 0.8465 -1.0499 0.0132, 0.9449 -1.0499 0.0132, 0.8465 -1.0295 0.0288, 0.9449 -1.0295 0.0288, 0.8465 -1.0139 0.0492, 0.9449 -1.0139 0.0492, 0.8465 -1.0041 0.073, 0.9449 -1.0041 0.073, 0.9449 -0.9772 0.1734, 0.8465 -0.9772 0.1734, 0.9449 -0.9756 0.1772, 0.8465 -0.9756 0.1772, 0.9449 -0.9731 0.1804, 0.8465 -0.9731 0.1804, 0.9449 -0.9698 0.1829, 0.8465 -0.9698 0.1829, 0.9449 -0.966 0.1845, 0.8465 -0.966 0.1845, 0.9449 -0.962 0.185, 0.8465 -0.962 0.185, 0.9449 -0.8617 0.185, 0.8465 -0.8617 0.185, 0.8465 -0.8623 0.2441, 0.8465 -0.962 0.2441, 0.9449 -0.8623 0.2441, 0.9449 -0.962 0.2441, 0.8465 -0.9813 0.2415, 0.9449 -0.9813 0.2415, 0.8465 -0.9994 0.2341, 0.9449 -0.9994 0.2341, 0.8465 -1.0149 0.2222, 0.9449 -1.0149 0.2222, 0.8465 -1.0267 0.2067, 0.9449 -1.0267 0.2067, 0.8465 -1.0342 0.1887, 0.9449 -1.0342 0.1887, 0.9449 -1.0611 0.0882, 0.8465 -1.0611 0.0882, 0.9449 -0.8661 0.2165, 0.9449 -1.089 0.0604, 0.9449 -1.0795 0.0643, 0.9449 -1.0713 0.0706, 0.9449 -1.0651 0.0787, 0.8465 -1.0651 0.0787, 0.8465 -1.0713 0.0706, 0.8465 -1.0795 0.0643, 0.8465 -1.089 0.0604, 0.8465 -0.8661 0.2165, 1.2008 -1.2598 0.0591, 1.2008 -1.0991 0.0591, 1.1024 -1.2598 0.0591, 1.1024 -1.0991 0.0591, 1.2008 -1.2598 0.0, 1.1024 -1.2598 0.0, 1.2008 -1.0991 0.0, 1.1024 -1.0991 0.0, 1.1024 -1.0737 0.0034, 1.2008 -1.0737 0.0034, 1.1024 -1.0499 0.0132, 1.2008 -1.0499 0.0132, 1.1024 -1.0295 0.0288, 1.2008 -1.0295 0.0288, 1.1024 -1.0139 0.0492, 1.2008 -1.0139 0.0492, 1.1024 -1.0041 0.073, 1.2008 -1.0041 0.073, 1.2008 -0.9772 0.1734, 1.1024 -0.9772 0.1734, 1.2008 -0.9756 0.1772, 1.1024 -0.9756 0.1772, 1.2008 -0.9731 0.1804, 1.1024 -0.9731 0.1804, 1.2008 -0.9698 0.1829, 1.1024 -0.9698 0.1829, 1.2008 -0.966 0.1845, 1.1024 -0.966 0.1845, 1.2008 -0.962 0.185, 1.1024 -0.962 0.185, 1.2008 -0.8617 0.185, 1.1024 -0.8617 0.185, 1.1024 -0.8623 0.2441, 1.1024 -0.962 0.2441, 1.2008 -0.8623 0.2441, 1.2008 -0.962 0.2441, 1.1024 -0.9813 0.2415, 1.2008 -0.9813 0.2415, 1.1024 -0.9994 0.2341, 1.2008 -0.9994 0.2341, 1.1024 -1.0149 0.2222, 1.2008 -1.0149 0.2222, 1.1024 -1.0267 0.2067, 1.2008 -1.0267 0.2067, 1.1024 -1.0342 0.1887, 1.2008 -1.0342 0.1887, 1.2008 -1.0611 0.0882, 1.1024 -1.0611 0.0882, 1.2008 -0.8661 0.2165, 1.2008 -1.089 0.0604, 1.2008 -1.0795 0.0643, 1.2008 -1.0713 0.0706, 1.2008 -1.0651 0.0787, 1.1024 -1.0651 0.0787, 1.1024 -1.0713 0.0706, 1.1024 -1.0795 0.0643, 1.1024 -1.089 0.0604, 1.1024 -0.8661 0.2165, -0.0787 -1.2598 0.0591, -0.0787 -1.0991 0.0591, -0.1772 -1.2598 0.0591, -0.1772 -1.0991 0.0591, -0.0787 -1.2598 0.0, -0.1772 -1.2598 0.0, -0.0787 -1.0991 0.0, -0.1772 -1.0991 0.0, -0.1772 -1.0737 0.0034, -0.0787 -1.0737 0.0034, -0.1772 -1.0499 0.0132, -0.0787 -1.0499 0.0132, -0.1772 -1.0295 0.0288, -0.0787 -1.0295 0.0288, -0.1772 -1.0139 0.0492, -0.0787 -1.0139 0.0492, -0.1772 -1.0041 0.073, -0.0787 -1.0041 0.073, -0.0787 -0.9772 0.1734, -0.1772 -0.9772 0.1734, -0.0787 -0.9756 0.1772, -0.1772 -0.9756 0.1772, -0.0787 -0.9731 0.1804, -0.1772 -0.9731 0.1804, -0.0787 -0.9698 0.1829, -0.1772 -0.9698 0.1829, -0.0787 -0.966 0.1845, -0.1772 -0.966 0.1845, -0.0787 -0.962 0.185, -0.1772 -0.962 0.185, -0.0787 -0.8617 0.185, -0.1772 -0.8617 0.185, -0.1772 -0.8623 0.2441, -0.1772 -0.962 0.2441, -0.0787 -0.8623 0.2441, -0.0787 -0.962 0.2441, -0.1772 -0.9813 0.2415, -0.0787 -0.9813 0.2415, -0.1772 -0.9994 0.2341, -0.0787 -0.9994 0.2341, -0.1772 -1.0149 0.2222, -0.0787 -1.0149 0.2222, -0.1772 -1.0267 0.2067, -0.0787 -1.0267 0.2067, -0.1772 -1.0342 0.1887, -0.0787 -1.0342 0.1887, -0.0787 -1.0611 0.0882, -0.1772 -1.0611 0.0882, -0.0787 -0.8661 0.2165, -0.0787 -1.089 0.0604, -0.0787 -1.0795 0.0643, -0.0787 -1.0713 0.0706, -0.0787 -1.0651 0.0787, -0.1772 -1.0651 0.0787, -0.1772 -1.0713 0.0706, -0.1772 -1.0795 0.0643, -0.1772 -1.089 0.0604, -0.1772 -0.8661 0.2165, -0.3346 -1.2598 0.0591, -0.3346 -1.0991 0.0591, -0.4331 -1.2598 0.0591, -0.4331 -1.0991 0.0591, -0.3346 -1.2598 0.0, -0.4331 -1.2598 0.0, -0.3346 -1.0991 0.0, -0.4331 -1.0991 0.0, -0.4331 -1.0737 0.0034, -0.3346 -1.0737 0.0034, -0.4331 -1.0499 0.0132, -0.3346 -1.0499 0.0132, -0.4331 -1.0295 0.0288, -0.3346 -1.0295 0.0288, -0.4331 -1.0139 0.0492, -0.3346 -1.0139 0.0492, -0.4331 -1.0041 0.073, -0.3346 -1.0041 0.073, -0.3346 -0.9772 0.1734, -0.4331 -0.9772 0.1734, -0.3346 -0.9756 0.1772, -0.4331 -0.9756 0.1772, -0.3346 -0.9731 0.1804, -0.4331 -0.9731 0.1804, -0.3346 -0.9698 0.1829, -0.4331 -0.9698 0.1829, -0.3346 -0.966 0.1845, -0.4331 -0.966 0.1845, -0.3346 -0.962 0.185, -0.4331 -0.962 0.185, -0.3346 -0.8617 0.185, -0.4331 -0.8617 0.185, -0.4331 -0.8623 0.2441, -0.4331 -0.962 0.2441, -0.3346 -0.8623 0.2441, -0.3346 -0.962 0.2441, -0.4331 -0.9813 0.2415, -0.3346 -0.9813 0.2415, -0.4331 -0.9994 0.2341, -0.3346 -0.9994 0.2341, -0.4331 -1.0149 0.2222, -0.3346 -1.0149 0.2222, -0.4331 -1.0267 0.2067, -0.3346 -1.0267 0.2067, -0.4331 -1.0342 0.1887, -0.3346 -1.0342 0.1887, -0.3346 -1.0611 0.0882, -0.4331 -1.0611 0.0882, -0.3346 -0.8661 0.2165, -0.3346 -1.089 0.0604, -0.3346 -1.0795 0.0643, -0.3346 -1.0713 0.0706, -0.3346 -1.0651 0.0787, -0.4331 -1.0651 0.0787, -0.4331 -1.0713 0.0706, -0.4331 -1.0795 0.0643, -0.4331 -1.089 0.0604, -0.4331 -0.8661 0.2165, -0.5906 -1.2598 0.0591, -0.5906 -1.0991 0.0591, -0.689 -1.2598 0.0591, -0.689 -1.0991 0.0591, -0.5906 -1.2598 0.0, -0.689 -1.2598 0.0, -0.5906 -1.0991 0.0, -0.689 -1.0991 0.0, -0.689 -1.0737 0.0034, -0.5906 -1.0737 0.0034, -0.689 -1.0499 0.0132, -0.5906 -1.0499 0.0132, -0.689 -1.0295 0.0288, -0.5906 -1.0295 0.0288, -0.689 -1.0139 0.0492, -0.5906 -1.0139 0.0492, -0.689 -1.0041 0.073, -0.5906 -1.0041 0.073, -0.5906 -0.9772 0.1734, -0.689 -0.9772 0.1734, -0.5906 -0.9756 0.1772, -0.689 -0.9756 0.1772, -0.5906 -0.9731 0.1804, -0.689 -0.9731 0.1804, -0.5906 -0.9698 0.1829, -0.689 -0.9698 0.1829, -0.5906 -0.966 0.1845, -0.689 -0.966 0.1845, -0.5906 -0.962 0.185, -0.689 -0.962 0.185, -0.5906 -0.8617 0.185, -0.689 -0.8617 0.185, -0.689 -0.8623 0.2441, -0.689 -0.962 0.2441, -0.5906 -0.8623 0.2441, -0.5906 -0.962 0.2441, -0.689 -0.9813 0.2415, -0.5906 -0.9813 0.2415, -0.689 -0.9994 0.2341, -0.5906 -0.9994 0.2341, -0.689 -1.0149 0.2222, -0.5906 -1.0149 0.2222, -0.689 -1.0267 0.2067, -0.5906 -1.0267 0.2067, -0.689 -1.0342 0.1887, -0.5906 -1.0342 0.1887, -0.5906 -1.0611 0.0882, -0.689 -1.0611 0.0882, -0.5906 -0.8661 0.2165, -0.5906 -1.089 0.0604, -0.5906 -1.0795 0.0643, -0.5906 -1.0713 0.0706, -0.5906 -1.0651 0.0787, -0.689 -1.0651 0.0787, -0.689 -1.0713 0.0706, -0.689 -1.0795 0.0643, -0.689 -1.089 0.0604, -0.689 -0.8661 0.2165, -0.8465 -1.2598 0.0591, -0.8465 -1.0991 0.0591, -0.9449 -1.2598 0.0591, -0.9449 -1.0991 0.0591, -0.8465 -1.2598 0.0, -0.9449 -1.2598 0.0, -0.8465 -1.0991 0.0, -0.9449 -1.0991 0.0, -0.9449 -1.0737 0.0034, -0.8465 -1.0737 0.0034, -0.9449 -1.0499 0.0132, -0.8465 -1.0499 0.0132, -0.9449 -1.0295 0.0288, -0.8465 -1.0295 0.0288, -0.9449 -1.0139 0.0492, -0.8465 -1.0139 0.0492, -0.9449 -1.0041 0.073, -0.8465 -1.0041 0.073, -0.8465 -0.9772 0.1734, -0.9449 -0.9772 0.1734, -0.8465 -0.9756 0.1772, -0.9449 -0.9756 0.1772, -0.8465 -0.9731 0.1804, -0.9449 -0.9731 0.1804, -0.8465 -0.9698 0.1829, -0.9449 -0.9698 0.1829, -0.8465 -0.966 0.1845, -0.9449 -0.966 0.1845, -0.8465 -0.962 0.185, -0.9449 -0.962 0.185, -0.8465 -0.8617 0.185, -0.9449 -0.8617 0.185, -0.9449 -0.8623 0.2441, -0.9449 -0.962 0.2441, -0.8465 -0.8623 0.2441, -0.8465 -0.962 0.2441, -0.9449 -0.9813 0.2415, -0.8465 -0.9813 0.2415, -0.9449 -0.9994 0.2341, -0.8465 -0.9994 0.2341, -0.9449 -1.0149 0.2222, -0.8465 -1.0149 0.2222, -0.9449 -1.0267 0.2067, -0.8465 -1.0267 0.2067, -0.9449 -1.0342 0.1887, -0.8465 -1.0342 0.1887, -0.8465 -1.0611 0.0882, -0.9449 -1.0611 0.0882, -0.8465 -0.8661 0.2165, -0.8465 -1.089 0.0604, -0.8465 -1.0795 0.0643, -0.8465 -1.0713 0.0706, -0.8465 -1.0651 0.0787, -0.9449 -1.0651 0.0787, -0.9449 -1.0713 0.0706, -0.9449 -1.0795 0.0643, -0.9449 -1.089 0.0604, -0.9449 -0.8661 0.2165, -1.1024 -1.2598 0.0591, -1.1024 -1.0991 0.0591, -1.2008 -1.2598 0.0591, -1.2008 -1.0991 0.0591, -1.1024 -1.2598 0.0, -1.2008 -1.2598 0.0, -1.1024 -1.0991 0.0, -1.2008 -1.0991 0.0, -1.2008 -1.0737 0.0034, -1.1024 -1.0737 0.0034, -1.2008 -1.0499 0.0132, -1.1024 -1.0499 0.0132, -1.2008 -1.0295 0.0288, -1.1024 -1.0295 0.0288, -1.2008 -1.0139 0.0492, -1.1024 -1.0139 0.0492, -1.2008 -1.0041 0.073, -1.1024 -1.0041 0.073, -1.1024 -0.9772 0.1734, -1.2008 -0.9772 0.1734, -1.1024 -0.9756 0.1772, -1.2008 -0.9756 0.1772, -1.1024 -0.9731 0.1804, -1.2008 -0.9731 0.1804, -1.1024 -0.9698 0.1829, -1.2008 -0.9698 0.1829, -1.1024 -0.966 0.1845, -1.2008 -0.966 0.1845, -1.1024 -0.962 0.185, -1.2008 -0.962 0.185, -1.1024 -0.8617 0.185, -1.2008 -0.8617 0.185, -1.2008 -0.8623 0.2441, -1.2008 -0.962 0.2441, -1.1024 -0.8623 0.2441, -1.1024 -0.962 0.2441, -1.2008 -0.9813 0.2415, -1.1024 -0.9813 0.2415, -1.2008 -0.9994 0.2341, -1.1024 -0.9994 0.2341, -1.2008 -1.0149 0.2222, -1.1024 -1.0149 0.2222, -1.2008 -1.0267 0.2067, -1.1024 -1.0267 0.2067, -1.2008 -1.0342 0.1887, -1.1024 -1.0342 0.1887, -1.1024 -1.0611 0.0882, -1.2008 -1.0611 0.0882, -1.1024 -0.8661 0.2165, -1.1024 -1.089 0.0604, -1.1024 -1.0795 0.0643, -1.1024 -1.0713 0.0706, -1.1024 -1.0651 0.0787, -1.2008 -1.0651 0.0787, -1.2008 -1.0713 0.0706, -1.2008 -1.0795 0.0643, -1.2008 -1.089 0.0604, -1.2008 -0.8661 0.2165, 0.1772 1.0991 0.0591, 0.1772 1.2598 0.0591, 0.0787 1.0991 0.0591, 0.0787 1.2598 0.0591, 0.1772 1.2598 0.0, 0.0787 1.2598 0.0, 0.1772 1.0991 0.0, 0.0787 1.0991 0.0, 0.1772 1.0041 0.073, 0.0787 1.0041 0.073, 0.0787 1.0139 0.0492, 0.1772 1.0139 0.0492, 0.0787 1.0295 0.0288, 0.1772 1.0295 0.0288, 0.0787 1.0499 0.0132, 0.1772 1.0499 0.0132, 0.0787 1.0737 0.0034, 0.1772 1.0737 0.0034, 0.1772 0.9772 0.1734, 0.0787 0.9772 0.1734, 0.1772 0.962 0.185, 0.0787 0.962 0.185, 0.1772 0.966 0.1845, 0.0787 0.966 0.1845, 0.1772 0.9698 0.1829, 0.0787 0.9698 0.1829, 0.1772 0.9731 0.1804, 0.0787 0.9731 0.1804, 0.1772 0.9756 0.1772, 0.0787 0.9756 0.1772, 0.1772 0.8617 0.185, 0.0787 0.8617 0.185, 0.0787 0.962 0.2441, 0.0787 0.8623 0.2441, 0.1772 0.962 0.2441, 0.1772 0.8623 0.2441, 0.1772 1.0342 0.1887, 0.0787 1.0342 0.1887, 0.0787 1.0267 0.2067, 0.1772 1.0267 0.2067, 0.0787 1.0149 0.2222, 0.1772 1.0149 0.2222, 0.0787 0.9994 0.2341, 0.1772 0.9994 0.2341, 0.0787 0.9813 0.2415, 0.1772 0.9813 0.2415, 0.1772 1.0611 0.0882, 0.0787 1.0611 0.0882, 0.1772 0.8661 0.2165, 0.1772 1.0651 0.0787, 0.1772 1.0713 0.0706, 0.1772 1.0795 0.0643, 0.1772 1.089 0.0604, 0.0787 1.089 0.0604, 0.0787 1.0795 0.0643, 0.0787 1.0713 0.0706, 0.0787 1.0651 0.0787, 0.0787 0.8661 0.2165, 0.4331 1.0991 0.0591, 0.4331 1.2598 0.0591, 0.3346 1.0991 0.0591, 0.3346 1.2598 0.0591, 0.4331 1.2598 0.0, 0.3346 1.2598 0.0, 0.4331 1.0991 0.0, 0.3346 1.0991 0.0, 0.4331 1.0041 0.073, 0.3346 1.0041 0.073, 0.3346 1.0139 0.0492, 0.4331 1.0139 0.0492, 0.3346 1.0295 0.0288, 0.4331 1.0295 0.0288, 0.3346 1.0499 0.0132, 0.4331 1.0499 0.0132, 0.3346 1.0737 0.0034, 0.4331 1.0737 0.0034, 0.4331 0.9772 0.1734, 0.3346 0.9772 0.1734, 0.4331 0.962 0.185, 0.3346 0.962 0.185, 0.4331 0.966 0.1845, 0.3346 0.966 0.1845, 0.4331 0.9698 0.1829, 0.3346 0.9698 0.1829, 0.4331 0.9731 0.1804, 0.3346 0.9731 0.1804, 0.4331 0.9756 0.1772, 0.3346 0.9756 0.1772, 0.4331 0.8617 0.185, 0.3346 0.8617 0.185, 0.3346 0.962 0.2441, 0.3346 0.8623 0.2441, 0.4331 0.962 0.2441, 0.4331 0.8623 0.2441, 0.4331 1.0342 0.1887, 0.3346 1.0342 0.1887, 0.3346 1.0267 0.2067, 0.4331 1.0267 0.2067, 0.3346 1.0149 0.2222, 0.4331 1.0149 0.2222, 0.3346 0.9994 0.2341, 0.4331 0.9994 0.2341, 0.3346 0.9813 0.2415, 0.4331 0.9813 0.2415, 0.4331 1.0611 0.0882, 0.3346 1.0611 0.0882, 0.4331 0.8661 0.2165, 0.4331 1.0651 0.0787, 0.4331 1.0713 0.0706, 0.4331 1.0795 0.0643, 0.4331 1.089 0.0604, 0.3346 1.089 0.0604, 0.3346 1.0795 0.0643, 0.3346 1.0713 0.0706, 0.3346 1.0651 0.0787, 0.3346 0.8661 0.2165, 0.689 1.0991 0.0591, 0.689 1.2598 0.0591, 0.5906 1.0991 0.0591, 0.5906 1.2598 0.0591, 0.689 1.2598 0.0, 0.5906 1.2598 0.0, 0.689 1.0991 0.0, 0.5906 1.0991 0.0, 0.689 1.0041 0.073, 0.5906 1.0041 0.073, 0.5906 1.0139 0.0492, 0.689 1.0139 0.0492, 0.5906 1.0295 0.0288, 0.689 1.0295 0.0288, 0.5906 1.0499 0.0132, 0.689 1.0499 0.0132, 0.5906 1.0737 0.0034, 0.689 1.0737 0.0034, 0.689 0.9772 0.1734, 0.5906 0.9772 0.1734, 0.689 0.962 0.185, 0.5906 0.962 0.185, 0.689 0.966 0.1845, 0.5906 0.966 0.1845, 0.689 0.9698 0.1829, 0.5906 0.9698 0.1829, 0.689 0.9731 0.1804, 0.5906 0.9731 0.1804, 0.689 0.9756 0.1772, 0.5906 0.9756 0.1772, 0.689 0.8617 0.185, 0.5906 0.8617 0.185, 0.5906 0.962 0.2441, 0.5906 0.8623 0.2441, 0.689 0.962 0.2441, 0.689 0.8623 0.2441, 0.689 1.0342 0.1887, 0.5906 1.0342 0.1887, 0.5906 1.0267 0.2067, 0.689 1.0267 0.2067, 0.5906 1.0149 0.2222, 0.689 1.0149 0.2222, 0.5906 0.9994 0.2341, 0.689 0.9994 0.2341, 0.5906 0.9813 0.2415, 0.689 0.9813 0.2415, 0.689 1.0611 0.0882, 0.5906 1.0611 0.0882, 0.689 0.8661 0.2165, 0.689 1.0651 0.0787, 0.689 1.0713 0.0706, 0.689 1.0795 0.0643, 0.689 1.089 0.0604, 0.5906 1.089 0.0604, 0.5906 1.0795 0.0643, 0.5906 1.0713 0.0706, 0.5906 1.0651 0.0787, 0.5906 0.8661 0.2165, 0.9449 1.0991 0.0591, 0.9449 1.2598 0.0591, 0.8465 1.0991 0.0591, 0.8465 1.2598 0.0591, 0.9449 1.2598 0.0, 0.8465 1.2598 0.0, 0.9449 1.0991 0.0, 0.8465 1.0991 0.0, 0.9449 1.0041 0.073, 0.8465 1.0041 0.073, 0.8465 1.0139 0.0492, 0.9449 1.0139 0.0492, 0.8465 1.0295 0.0288, 0.9449 1.0295 0.0288, 0.8465 1.0499 0.0132, 0.9449 1.0499 0.0132, 0.8465 1.0737 0.0034, 0.9449 1.0737 0.0034, 0.9449 0.9772 0.1734, 0.8465 0.9772 0.1734, 0.9449 0.962 0.185, 0.8465 0.962 0.185, 0.9449 0.966 0.1845, 0.8465 0.966 0.1845, 0.9449 0.9698 0.1829, 0.8465 0.9698 0.1829, 0.9449 0.9731 0.1804, 0.8465 0.9731 0.1804, 0.9449 0.9756 0.1772, 0.8465 0.9756 0.1772, 0.9449 0.8617 0.185, 0.8465 0.8617 0.185, 0.8465 0.962 0.2441, 0.8465 0.8623 0.2441, 0.9449 0.962 0.2441, 0.9449 0.8623 0.2441, 0.9449 1.0342 0.1887, 0.8465 1.0342 0.1887, 0.8465 1.0267 0.2067, 0.9449 1.0267 0.2067, 0.8465 1.0149 0.2222, 0.9449 1.0149 0.2222, 0.8465 0.9994 0.2341, 0.9449 0.9994 0.2341, 0.8465 0.9813 0.2415, 0.9449 0.9813 0.2415, 0.9449 1.0611 0.0882, 0.8465 1.0611 0.0882, 0.9449 0.8661 0.2165, 0.9449 1.0651 0.0787, 0.9449 1.0713 0.0706, 0.9449 1.0795 0.0643, 0.9449 1.089 0.0604, 0.8465 1.089 0.0604, 0.8465 1.0795 0.0643, 0.8465 1.0713 0.0706, 0.8465 1.0651 0.0787, 0.8465 0.8661 0.2165, 1.2008 1.0991 0.0591, 1.2008 1.2598 0.0591, 1.1024 1.0991 0.0591, 1.1024 1.2598 0.0591, 1.2008 1.2598 0.0, 1.1024 1.2598 0.0, 1.2008 1.0991 0.0, 1.1024 1.0991 0.0, 1.2008 1.0041 0.073, 1.1024 1.0041 0.073, 1.1024 1.0139 0.0492, 1.2008 1.0139 0.0492, 1.1024 1.0295 0.0288, 1.2008 1.0295 0.0288, 1.1024 1.0499 0.0132, 1.2008 1.0499 0.0132, 1.1024 1.0737 0.0034, 1.2008 1.0737 0.0034, 1.2008 0.9772 0.1734, 1.1024 0.9772 0.1734, 1.2008 0.962 0.185, 1.1024 0.962 0.185, 1.2008 0.966 0.1845, 1.1024 0.966 0.1845, 1.2008 0.9698 0.1829, 1.1024 0.9698 0.1829, 1.2008 0.9731 0.1804, 1.1024 0.9731 0.1804, 1.2008 0.9756 0.1772, 1.1024 0.9756 0.1772, 1.2008 0.8617 0.185, 1.1024 0.8617 0.185, 1.1024 0.962 0.2441, 1.1024 0.8623 0.2441, 1.2008 0.962 0.2441, 1.2008 0.8623 0.2441, 1.2008 1.0342 0.1887, 1.1024 1.0342 0.1887, 1.1024 1.0267 0.2067, 1.2008 1.0267 0.2067, 1.1024 1.0149 0.2222, 1.2008 1.0149 0.2222, 1.1024 0.9994 0.2341, 1.2008 0.9994 0.2341, 1.1024 0.9813 0.2415, 1.2008 0.9813 0.2415, 1.2008 1.0611 0.0882, 1.1024 1.0611 0.0882, 1.2008 0.8661 0.2165, 1.2008 1.0651 0.0787, 1.2008 1.0713 0.0706, 1.2008 1.0795 0.0643, 1.2008 1.089 0.0604, 1.1024 1.089 0.0604, 1.1024 1.0795 0.0643, 1.1024 1.0713 0.0706, 1.1024 1.0651 0.0787, 1.1024 0.8661 0.2165, -0.0787 1.0991 0.0591, -0.0787 1.2598 0.0591, -0.1772 1.0991 0.0591, -0.1772 1.2598 0.0591, -0.0787 1.2598 0.0, -0.1772 1.2598 0.0, -0.0787 1.0991 0.0, -0.1772 1.0991 0.0, -0.0787 1.0041 0.073, -0.1772 1.0041 0.073, -0.1772 1.0139 0.0492, -0.0787 1.0139 0.0492, -0.1772 1.0295 0.0288, -0.0787 1.0295 0.0288, -0.1772 1.0499 0.0132, -0.0787 1.0499 0.0132, -0.1772 1.0737 0.0034, -0.0787 1.0737 0.0034, -0.0787 0.9772 0.1734, -0.1772 0.9772 0.1734, -0.0787 0.962 0.185, -0.1772 0.962 0.185, -0.0787 0.966 0.1845, -0.1772 0.966 0.1845, -0.0787 0.9698 0.1829, -0.1772 0.9698 0.1829, -0.0787 0.9731 0.1804, -0.1772 0.9731 0.1804, -0.0787 0.9756 0.1772, -0.1772 0.9756 0.1772, -0.0787 0.8617 0.185, -0.1772 0.8617 0.185, -0.1772 0.962 0.2441, -0.1772 0.8623 0.2441, -0.0787 0.962 0.2441, -0.0787 0.8623 0.2441, -0.0787 1.0342 0.1887, -0.1772 1.0342 0.1887, -0.1772 1.0267 0.2067, -0.0787 1.0267 0.2067, -0.1772 1.0149 0.2222, -0.0787 1.0149 0.2222, -0.1772 0.9994 0.2341, -0.0787 0.9994 0.2341, -0.1772 0.9813 0.2415, -0.0787 0.9813 0.2415, -0.0787 1.0611 0.0882, -0.1772 1.0611 0.0882, -0.0787 0.8661 0.2165, -0.0787 1.0651 0.0787, -0.0787 1.0713 0.0706, -0.0787 1.0795 0.0643, -0.0787 1.089 0.0604, -0.1772 1.089 0.0604, -0.1772 1.0795 0.0643, -0.1772 1.0713 0.0706, -0.1772 1.0651 0.0787, -0.1772 0.8661 0.2165, -0.3346 1.0991 0.0591, -0.3346 1.2598 0.0591, -0.4331 1.0991 0.0591, -0.4331 1.2598 0.0591, -0.3346 1.2598 0.0, -0.4331 1.2598 0.0, -0.3346 1.0991 0.0, -0.4331 1.0991 0.0, -0.3346 1.0041 0.073, -0.4331 1.0041 0.073, -0.4331 1.0139 0.0492, -0.3346 1.0139 0.0492, -0.4331 1.0295 0.0288, -0.3346 1.0295 0.0288, -0.4331 1.0499 0.0132, -0.3346 1.0499 0.0132, -0.4331 1.0737 0.0034, -0.3346 1.0737 0.0034, -0.3346 0.9772 0.1734, -0.4331 0.9772 0.1734, -0.3346 0.962 0.185, -0.4331 0.962 0.185, -0.3346 0.966 0.1845, -0.4331 0.966 0.1845, -0.3346 0.9698 0.1829, -0.4331 0.9698 0.1829, -0.3346 0.9731 0.1804, -0.4331 0.9731 0.1804, -0.3346 0.9756 0.1772, -0.4331 0.9756 0.1772, -0.3346 0.8617 0.185, -0.4331 0.8617 0.185, -0.4331 0.962 0.2441, -0.4331 0.8623 0.2441, -0.3346 0.962 0.2441, -0.3346 0.8623 0.2441, -0.3346 1.0342 0.1887, -0.4331 1.0342 0.1887, -0.4331 1.0267 0.2067, -0.3346 1.0267 0.2067, -0.4331 1.0149 0.2222, -0.3346 1.0149 0.2222, -0.4331 0.9994 0.2341, -0.3346 0.9994 0.2341, -0.4331 0.9813 0.2415, -0.3346 0.9813 0.2415, -0.3346 1.0611 0.0882, -0.4331 1.0611 0.0882, -0.3346 0.8661 0.2165, -0.3346 1.0651 0.0787, -0.3346 1.0713 0.0706, -0.3346 1.0795 0.0643, -0.3346 1.089 0.0604, -0.4331 1.089 0.0604, -0.4331 1.0795 0.0643, -0.4331 1.0713 0.0706, -0.4331 1.0651 0.0787, -0.4331 0.8661 0.2165, -0.5906 1.0991 0.0591, -0.5906 1.2598 0.0591, -0.689 1.0991 0.0591, -0.689 1.2598 0.0591, -0.5906 1.2598 0.0, -0.689 1.2598 0.0, -0.5906 1.0991 0.0, -0.689 1.0991 0.0, -0.5906 1.0041 0.073, -0.689 1.0041 0.073, -0.689 1.0139 0.0492, -0.5906 1.0139 0.0492, -0.689 1.0295 0.0288, -0.5906 1.0295 0.0288, -0.689 1.0499 0.0132, -0.5906 1.0499 0.0132, -0.689 1.0737 0.0034, -0.5906 1.0737 0.0034, -0.5906 0.9772 0.1734, -0.689 0.9772 0.1734, -0.5906 0.962 0.185, -0.689 0.962 0.185, -0.5906 0.966 0.1845, -0.689 0.966 0.1845, -0.5906 0.9698 0.1829, -0.689 0.9698 0.1829, -0.5906 0.9731 0.1804, -0.689 0.9731 0.1804, -0.5906 0.9756 0.1772, -0.689 0.9756 0.1772, -0.5906 0.8617 0.185, -0.689 0.8617 0.185, -0.689 0.962 0.2441, -0.689 0.8623 0.2441, -0.5906 0.962 0.2441, -0.5906 0.8623 0.2441, -0.5906 1.0342 0.1887, -0.689 1.0342 0.1887, -0.689 1.0267 0.2067, -0.5906 1.0267 0.2067, -0.689 1.0149 0.2222, -0.5906 1.0149 0.2222, -0.689 0.9994 0.2341, -0.5906 0.9994 0.2341, -0.689 0.9813 0.2415, -0.5906 0.9813 0.2415, -0.5906 1.0611 0.0882, -0.689 1.0611 0.0882, -0.5906 0.8661 0.2165, -0.5906 1.0651 0.0787, -0.5906 1.0713 0.0706, -0.5906 1.0795 0.0643, -0.5906 1.089 0.0604, -0.689 1.089 0.0604, -0.689 1.0795 0.0643, -0.689 1.0713 0.0706, -0.689 1.0651 0.0787, -0.689 0.8661 0.2165, -0.8465 1.0991 0.0591, -0.8465 1.2598 0.0591, -0.9449 1.0991 0.0591, -0.9449 1.2598 0.0591, -0.8465 1.2598 0.0, -0.9449 1.2598 0.0, -0.8465 1.0991 0.0, -0.9449 1.0991 0.0, -0.8465 1.0041 0.073, -0.9449 1.0041 0.073, -0.9449 1.0139 0.0492, -0.8465 1.0139 0.0492, -0.9449 1.0295 0.0288, -0.8465 1.0295 0.0288, -0.9449 1.0499 0.0132, -0.8465 1.0499 0.0132, -0.9449 1.0737 0.0034, -0.8465 1.0737 0.0034, -0.8465 0.9772 0.1734, -0.9449 0.9772 0.1734, -0.8465 0.962 0.185, -0.9449 0.962 0.185, -0.8465 0.966 0.1845, -0.9449 0.966 0.1845, -0.8465 0.9698 0.1829, -0.9449 0.9698 0.1829, -0.8465 0.9731 0.1804, -0.9449 0.9731 0.1804, -0.8465 0.9756 0.1772, -0.9449 0.9756 0.1772, -0.8465 0.8617 0.185, -0.9449 0.8617 0.185, -0.9449 0.962 0.2441, -0.9449 0.8623 0.2441, -0.8465 0.962 0.2441, -0.8465 0.8623 0.2441, -0.8465 1.0342 0.1887, -0.9449 1.0342 0.1887, -0.9449 1.0267 0.2067, -0.8465 1.0267 0.2067, -0.9449 1.0149 0.2222, -0.8465 1.0149 0.2222, -0.9449 0.9994 0.2341, -0.8465 0.9994 0.2341, -0.9449 0.9813 0.2415, -0.8465 0.9813 0.2415, -0.8465 1.0611 0.0882, -0.9449 1.0611 0.0882, -0.8465 0.8661 0.2165, -0.8465 1.0651 0.0787, -0.8465 1.0713 0.0706, -0.8465 1.0795 0.0643, -0.8465 1.089 0.0604, -0.9449 1.089 0.0604, -0.9449 1.0795 0.0643, -0.9449 1.0713 0.0706, -0.9449 1.0651 0.0787, -0.9449 0.8661 0.2165, -1.1024 1.0991 0.0591, -1.1024 1.2598 0.0591, -1.2008 1.0991 0.0591, -1.2008 1.2598 0.0591, -1.1024 1.2598 0.0, -1.2008 1.2598 0.0, -1.1024 1.0991 0.0, -1.2008 1.0991 0.0, -1.1024 1.0041 0.073, -1.2008 1.0041 0.073, -1.2008 1.0139 0.0492, -1.1024 1.0139 0.0492, -1.2008 1.0295 0.0288, -1.1024 1.0295 0.0288, -1.2008 1.0499 0.0132, -1.1024 1.0499 0.0132, -1.2008 1.0737 0.0034, -1.1024 1.0737 0.0034, -1.1024 0.9772 0.1734, -1.2008 0.9772 0.1734, -1.1024 0.962 0.185, -1.2008 0.962 0.185, -1.1024 0.966 0.1845, -1.2008 0.966 0.1845, -1.1024 0.9698 0.1829, -1.2008 0.9698 0.1829, -1.1024 0.9731 0.1804, -1.2008 0.9731 0.1804, -1.1024 0.9756 0.1772, -1.2008 0.9756 0.1772, -1.1024 0.8617 0.185, -1.2008 0.8617 0.185, -1.2008 0.962 0.2441, -1.2008 0.8623 0.2441, -1.1024 0.962 0.2441, -1.1024 0.8623 0.2441, -1.1024 1.0342 0.1887, -1.2008 1.0342 0.1887, -1.2008 1.0267 0.2067, -1.1024 1.0267 0.2067, -1.2008 1.0149 0.2222, -1.1024 1.0149 0.2222, -1.2008 0.9994 0.2341, -1.1024 0.9994 0.2341, -1.2008 0.9813 0.2415, -1.1024 0.9813 0.2415, -1.1024 1.0611 0.0882, -1.2008 1.0611 0.0882, -1.1024 0.8661 0.2165, -1.1024 1.0651 0.0787, -1.1024 1.0713 0.0706, -1.1024 1.0795 0.0643, -1.1024 1.089 0.0604, -1.2008 1.089 0.0604, -1.2008 1.0795 0.0643, -1.2008 1.0713 0.0706, -1.2008 1.0651 0.0787, -1.2008 0.8661 0.2165
            ]
        }
        coordIndex [
            0,1,2,-1,2,1,3,-1,4,5,6,-1,6,5,7,-1,8,4,9,-1,9,4,6,-1,10,8,11,-1,11,8,9,-1,10,11,12,-1,10,12,13,-1,13,12,14,-1,13,14,15,-1,15,14,16,-1,15,16,17,-1,17,16,18,-1,17,18,19,-1,19,18,20,-1,19,20,21,-1,22,21,23,-1,23,21,20,-1,22,23,24,-1,24,23,25,-1,24,25,26,-1,26,25,27,-1,26,27,28,-1,28,27,29,-1,28,29,30,-1,30,29,31,-1,30,31,32,-1,32,31,33,-1,34,32,35,-1,35,32,33,-1,3,1,36,-1,3,36,37,-1,37,36,38,-1,37,38,39,-1,39,38,40,-1,39,40,41,-1,41,40,42,-1,41,42,43,-1,43,42,44,-1,43,44,45,-1,46,45,47,-1,47,45,44,-1,46,47,48,-1,48,47,49,-1,48,49,50,-1,50,49,51,-1,50,51,52,-1,52,51,53,-1,52,53,54,-1,54,53,55,-1,54,55,5,-1,5,55,7,-1,56,2,3,-1,3,37,56,-1,56,37,39,-1,56,39,41,-1,4,8,5,-1,5,8,10,-1,5,10,54,-1,54,10,13,-1,54,13,52,-1,52,13,15,-1,52,15,50,-1,50,15,17,-1,50,17,48,-1,48,17,19,-1,48,19,46,-1,46,19,21,-1,46,21,45,-1,45,21,22,-1,45,22,43,-1,43,22,24,-1,43,24,41,-1,41,24,26,-1,41,26,28,-1,34,56,32,-1,32,56,41,-1,32,41,30,-1,30,41,28,-1,38,36,57,-1,57,36,1,-1,57,1,0,-1,33,31,40,-1,38,57,40,-1,40,57,35,-1,40,35,33,-1,31,29,40,-1,40,29,27,-1,40,27,42,-1,42,27,25,-1,42,25,44,-1,44,25,23,-1,44,23,47,-1,47,23,20,-1,47,20,49,-1,49,20,18,-1,49,18,51,-1,51,18,16,-1,51,16,53,-1,53,16,14,-1,53,14,55,-1,55,14,12,-1,55,12,7,-1,7,12,11,-1,7,11,6,-1,6,11,9,-1,58,59,60,-1,60,59,61,-1,62,58,63,-1,63,58,60,-1,64,62,65,-1,65,62,63,-1,64,65,66,-1,64,66,67,-1,67,66,68,-1,67,68,69,-1,69,68,70,-1,69,70,71,-1,71,70,72,-1,71,72,73,-1,73,72,74,-1,73,74,75,-1,76,75,77,-1,77,75,74,-1,76,77,78,-1,78,77,79,-1,78,79,80,-1,80,79,81,-1,80,81,82,-1,82,81,83,-1,82,83,84,-1,84,83,85,-1,84,85,86,-1,86,85,87,-1,88,86,89,-1,89,86,87,-1,90,91,92,-1,92,91,93,-1,93,91,94,-1,93,94,95,-1,95,94,96,-1,95,96,97,-1,97,96,98,-1,97,98,99,-1,99,98,100,-1,99,100,101,-1,101,100,102,-1,101,102,103,-1,104,103,105,-1,105,103,102,-1,106,92,93,-1,93,95,106,-1,106,95,97,-1,106,97,99,-1,58,62,59,-1,59,62,64,-1,59,64,107,-1,107,64,67,-1,107,67,108,-1,108,67,69,-1,108,69,109,-1,109,69,71,-1,109,71,110,-1,110,71,73,-1,110,73,104,-1,104,73,75,-1,104,75,103,-1,103,75,76,-1,103,76,101,-1,101,76,78,-1,101,78,99,-1,99,78,80,-1,99,80,82,-1,88,106,86,-1,86,106,99,-1,86,99,84,-1,84,99,82,-1,104,105,110,-1,110,105,111,-1,110,111,109,-1,109,111,112,-1,109,112,108,-1,108,112,113,-1,108,113,107,-1,107,113,114,-1,107,114,59,-1,59,114,61,-1,96,94,115,-1,115,94,91,-1,115,91,90,-1,87,85,98,-1,96,115,98,-1,98,115,89,-1,98,89,87,-1,85,83,98,-1,98,83,81,-1,98,81,100,-1,100,81,79,-1,100,79,102,-1,102,79,77,-1,102,77,105,-1,105,77,74,-1,105,74,111,-1,111,74,72,-1,111,72,112,-1,112,72,70,-1,112,70,113,-1,113,70,68,-1,113,68,114,-1,114,68,66,-1,114,66,61,-1,61,66,65,-1,61,65,60,-1,60,65,63,-1,116,117,118,-1,118,117,119,-1,120,116,121,-1,121,116,118,-1,122,120,123,-1,123,120,121,-1,122,123,124,-1,122,124,125,-1,125,124,126,-1,125,126,127,-1,127,126,128,-1,127,128,129,-1,129,128,130,-1,129,130,131,-1,131,130,132,-1,131,132,133,-1,134,133,135,-1,135,133,132,-1,134,135,136,-1,136,135,137,-1,136,137,138,-1,138,137,139,-1,138,139,140,-1,140,139,141,-1,140,141,142,-1,142,141,143,-1,142,143,144,-1,144,143,145,-1,146,144,147,-1,147,144,145,-1,148,149,150,-1,150,149,151,-1,151,149,152,-1,151,152,153,-1,153,152,154,-1,153,154,155,-1,155,154,156,-1,155,156,157,-1,157,156,158,-1,157,158,159,-1,159,158,160,-1,159,160,161,-1,162,161,163,-1,163,161,160,-1,164,150,151,-1,151,153,164,-1,164,153,155,-1,164,155,157,-1,116,120,117,-1,117,120,122,-1,117,122,165,-1,165,122,125,-1,165,125,166,-1,166,125,127,-1,166,127,167,-1,167,127,129,-1,167,129,168,-1,168,129,131,-1,168,131,162,-1,162,131,133,-1,162,133,161,-1,161,133,134,-1,161,134,159,-1,159,134,136,-1,159,136,157,-1,157,136,138,-1,157,138,140,-1,146,164,144,-1,144,164,157,-1,144,157,142,-1,142,157,140,-1,162,163,168,-1,168,163,169,-1,168,169,167,-1,167,169,170,-1,167,170,166,-1,166,170,171,-1,166,171,165,-1,165,171,172,-1,165,172,117,-1,117,172,119,-1,154,152,173,-1,173,152,149,-1,173,149,148,-1,145,143,156,-1,154,173,156,-1,156,173,147,-1,156,147,145,-1,143,141,156,-1,156,141,139,-1,156,139,158,-1,158,139,137,-1,158,137,160,-1,160,137,135,-1,160,135,163,-1,163,135,132,-1,163,132,169,-1,169,132,130,-1,169,130,170,-1,170,130,128,-1,170,128,171,-1,171,128,126,-1,171,126,172,-1,172,126,124,-1,172,124,119,-1,119,124,123,-1,119,123,118,-1,118,123,121,-1,174,175,176,-1,176,175,177,-1,178,174,179,-1,179,174,176,-1,180,178,181,-1,181,178,179,-1,180,181,182,-1,180,182,183,-1,183,182,184,-1,183,184,185,-1,185,184,186,-1,185,186,187,-1,187,186,188,-1,187,188,189,-1,189,188,190,-1,189,190,191,-1,192,191,193,-1,193,191,190,-1,192,193,194,-1,194,193,195,-1,194,195,196,-1,196,195,197,-1,196,197,198,-1,198,197,199,-1,198,199,200,-1,200,199,201,-1,200,201,202,-1,202,201,203,-1,204,202,205,-1,205,202,203,-1,206,207,208,-1,208,207,209,-1,209,207,210,-1,209,210,211,-1,211,210,212,-1,211,212,213,-1,213,212,214,-1,213,214,215,-1,215,214,216,-1,215,216,217,-1,217,216,218,-1,217,218,219,-1,220,219,221,-1,221,219,218,-1,222,208,209,-1,209,211,222,-1,222,211,213,-1,222,213,215,-1,174,178,175,-1,175,178,180,-1,175,180,223,-1,223,180,183,-1,223,183,224,-1,224,183,185,-1,224,185,225,-1,225,185,187,-1,225,187,226,-1,226,187,189,-1,226,189,220,-1,220,189,191,-1,220,191,219,-1,219,191,192,-1,219,192,217,-1,217,192,194,-1,217,194,215,-1,215,194,196,-1,215,196,198,-1,204,222,202,-1,202,222,215,-1,202,215,200,-1,200,215,198,-1,220,221,226,-1,226,221,227,-1,226,227,225,-1,225,227,228,-1,225,228,224,-1,224,228,229,-1,224,229,223,-1,223,229,230,-1,223,230,175,-1,175,230,177,-1,212,210,231,-1,231,210,207,-1,231,207,206,-1,203,201,214,-1,212,231,214,-1,214,231,205,-1,214,205,203,-1,201,199,214,-1,214,199,197,-1,214,197,216,-1,216,197,195,-1,216,195,218,-1,218,195,193,-1,218,193,221,-1,221,193,190,-1,221,190,227,-1,227,190,188,-1,227,188,228,-1,228,188,186,-1,228,186,229,-1,229,186,184,-1,229,184,230,-1,230,184,182,-1,230,182,177,-1,177,182,181,-1,177,181,176,-1,176,181,179,-1,232,233,234,-1,234,233,235,-1,236,232,237,-1,237,232,234,-1,238,236,239,-1,239,236,237,-1,238,239,240,-1,238,240,241,-1,241,240,242,-1,241,242,243,-1,243,242,244,-1,243,244,245,-1,245,244,246,-1,245,246,247,-1,247,246,248,-1,247,248,249,-1,250,249,251,-1,251,249,248,-1,250,251,252,-1,252,251,253,-1,252,253,254,-1,254,253,255,-1,254,255,256,-1,256,255,257,-1,256,257,258,-1,258,257,259,-1,258,259,260,-1,260,259,261,-1,262,260,263,-1,263,260,261,-1,264,265,266,-1,266,265,267,-1,267,265,268,-1,267,268,269,-1,269,268,270,-1,269,270,271,-1,271,270,272,-1,271,272,273,-1,273,272,274,-1,273,274,275,-1,275,274,276,-1,275,276,277,-1,278,277,279,-1,279,277,276,-1,280,266,267,-1,267,269,280,-1,280,269,271,-1,280,271,273,-1,232,236,233,-1,233,236,238,-1,233,238,281,-1,281,238,241,-1,281,241,282,-1,282,241,243,-1,282,243,283,-1,283,243,245,-1,283,245,284,-1,284,245,247,-1,284,247,278,-1,278,247,249,-1,278,249,277,-1,277,249,250,-1,277,250,275,-1,275,250,252,-1,275,252,273,-1,273,252,254,-1,273,254,256,-1,262,280,260,-1,260,280,273,-1,260,273,258,-1,258,273,256,-1,278,279,284,-1,284,279,285,-1,284,285,283,-1,283,285,286,-1,283,286,282,-1,282,286,287,-1,282,287,281,-1,281,287,288,-1,281,288,233,-1,233,288,235,-1,270,268,289,-1,289,268,265,-1,289,265,264,-1,261,259,272,-1,270,289,272,-1,272,289,263,-1,272,263,261,-1,259,257,272,-1,272,257,255,-1,272,255,274,-1,274,255,253,-1,274,253,276,-1,276,253,251,-1,276,251,279,-1,279,251,248,-1,279,248,285,-1,285,248,246,-1,285,246,286,-1,286,246,244,-1,286,244,287,-1,287,244,242,-1,287,242,288,-1,288,242,240,-1,288,240,235,-1,235,240,239,-1,235,239,234,-1,234,239,237,-1,290,291,292,-1,292,291,293,-1,294,290,295,-1,295,290,292,-1,296,294,297,-1,297,294,295,-1,296,297,298,-1,296,298,299,-1,299,298,300,-1,299,300,301,-1,301,300,302,-1,301,302,303,-1,303,302,304,-1,303,304,305,-1,305,304,306,-1,305,306,307,-1,308,307,309,-1,309,307,306,-1,308,309,310,-1,310,309,311,-1,310,311,312,-1,312,311,313,-1,312,313,314,-1,314,313,315,-1,314,315,316,-1,316,315,317,-1,316,317,318,-1,318,317,319,-1,320,318,321,-1,321,318,319,-1,322,323,324,-1,324,323,325,-1,325,323,326,-1,325,326,327,-1,327,326,328,-1,327,328,329,-1,329,328,330,-1,329,330,331,-1,331,330,332,-1,331,332,333,-1,333,332,334,-1,333,334,335,-1,336,335,337,-1,337,335,334,-1,338,324,325,-1,325,327,338,-1,338,327,329,-1,338,329,331,-1,290,294,291,-1,291,294,296,-1,291,296,339,-1,339,296,299,-1,339,299,340,-1,340,299,301,-1,340,301,341,-1,341,301,303,-1,341,303,342,-1,342,303,305,-1,342,305,336,-1,336,305,307,-1,336,307,335,-1,335,307,308,-1,335,308,333,-1,333,308,310,-1,333,310,331,-1,331,310,312,-1,331,312,314,-1,320,338,318,-1,318,338,331,-1,318,331,316,-1,316,331,314,-1,336,337,342,-1,342,337,343,-1,342,343,341,-1,341,343,344,-1,341,344,340,-1,340,344,345,-1,340,345,339,-1,339,345,346,-1,339,346,291,-1,291,346,293,-1,328,326,347,-1,347,326,323,-1,347,323,322,-1,319,317,330,-1,328,347,330,-1,330,347,321,-1,330,321,319,-1,317,315,330,-1,330,315,313,-1,330,313,332,-1,332,313,311,-1,332,311,334,-1,334,311,309,-1,334,309,337,-1,337,309,306,-1,337,306,343,-1,343,306,304,-1,343,304,344,-1,344,304,302,-1,344,302,345,-1,345,302,300,-1,345,300,346,-1,346,300,298,-1,346,298,293,-1,293,298,297,-1,293,297,292,-1,292,297,295,-1,348,349,350,-1,350,349,351,-1,352,348,353,-1,353,348,350,-1,354,352,355,-1,355,352,353,-1,354,355,356,-1,354,356,357,-1,357,356,358,-1,357,358,359,-1,359,358,360,-1,359,360,361,-1,361,360,362,-1,361,362,363,-1,363,362,364,-1,363,364,365,-1,366,365,367,-1,367,365,364,-1,366,367,368,-1,368,367,369,-1,368,369,370,-1,370,369,371,-1,370,371,372,-1,372,371,373,-1,372,373,374,-1,374,373,375,-1,374,375,376,-1,376,375,377,-1,378,376,379,-1,379,376,377,-1,380,381,382,-1,382,381,383,-1,383,381,384,-1,383,384,385,-1,385,384,386,-1,385,386,387,-1,387,386,388,-1,387,388,389,-1,389,388,390,-1,389,390,391,-1,391,390,392,-1,391,392,393,-1,394,393,395,-1,395,393,392,-1,396,382,383,-1,383,385,396,-1,396,385,387,-1,396,387,389,-1,348,352,349,-1,349,352,354,-1,349,354,397,-1,397,354,357,-1,397,357,398,-1,398,357,359,-1,398,359,399,-1,399,359,361,-1,399,361,400,-1,400,361,363,-1,400,363,394,-1,394,363,365,-1,394,365,393,-1,393,365,366,-1,393,366,391,-1,391,366,368,-1,391,368,389,-1,389,368,370,-1,389,370,372,-1,378,396,376,-1,376,396,389,-1,376,389,374,-1,374,389,372,-1,394,395,400,-1,400,395,401,-1,400,401,399,-1,399,401,402,-1,399,402,398,-1,398,402,403,-1,398,403,397,-1,397,403,404,-1,397,404,349,-1,349,404,351,-1,386,384,405,-1,405,384,381,-1,405,381,380,-1,377,375,388,-1,386,405,388,-1,388,405,379,-1,388,379,377,-1,375,373,388,-1,388,373,371,-1,388,371,390,-1,390,371,369,-1,390,369,392,-1,392,369,367,-1,392,367,395,-1,395,367,364,-1,395,364,401,-1,401,364,362,-1,401,362,402,-1,402,362,360,-1,402,360,403,-1,403,360,358,-1,403,358,404,-1,404,358,356,-1,404,356,351,-1,351,356,355,-1,351,355,350,-1,350,355,353,-1,406,407,408,-1,408,407,409,-1,410,406,411,-1,411,406,408,-1,412,410,413,-1,413,410,411,-1,412,413,414,-1,412,414,415,-1,415,414,416,-1,415,416,417,-1,417,416,418,-1,417,418,419,-1,419,418,420,-1,419,420,421,-1,421,420,422,-1,421,422,423,-1,424,423,425,-1,425,423,422,-1,424,425,426,-1,426,425,427,-1,426,427,428,-1,428,427,429,-1,428,429,430,-1,430,429,431,-1,430,431,432,-1,432,431,433,-1,432,433,434,-1,434,433,435,-1,436,434,437,-1,437,434,435,-1,438,439,440,-1,440,439,441,-1,441,439,442,-1,441,442,443,-1,443,442,444,-1,443,444,445,-1,445,444,446,-1,445,446,447,-1,447,446,448,-1,447,448,449,-1,449,448,450,-1,449,450,451,-1,452,451,453,-1,453,451,450,-1,454,440,441,-1,441,443,454,-1,454,443,445,-1,454,445,447,-1,406,410,407,-1,407,410,412,-1,407,412,455,-1,455,412,415,-1,455,415,456,-1,456,415,417,-1,456,417,457,-1,457,417,419,-1,457,419,458,-1,458,419,421,-1,458,421,452,-1,452,421,423,-1,452,423,451,-1,451,423,424,-1,451,424,449,-1,449,424,426,-1,449,426,447,-1,447,426,428,-1,447,428,430,-1,436,454,434,-1,434,454,447,-1,434,447,432,-1,432,447,430,-1,452,453,458,-1,458,453,459,-1,458,459,457,-1,457,459,460,-1,457,460,456,-1,456,460,461,-1,456,461,455,-1,455,461,462,-1,455,462,407,-1,407,462,409,-1,444,442,463,-1,463,442,439,-1,463,439,438,-1,435,433,446,-1,444,463,446,-1,446,463,437,-1,446,437,435,-1,433,431,446,-1,446,431,429,-1,446,429,448,-1,448,429,427,-1,448,427,450,-1,450,427,425,-1,450,425,453,-1,453,425,422,-1,453,422,459,-1,459,422,420,-1,459,420,460,-1,460,420,418,-1,460,418,461,-1,461,418,416,-1,461,416,462,-1,462,416,414,-1,462,414,409,-1,409,414,413,-1,409,413,408,-1,408,413,411,-1,464,465,466,-1,466,465,467,-1,468,464,469,-1,469,464,466,-1,470,468,471,-1,471,468,469,-1,470,471,472,-1,470,472,473,-1,473,472,474,-1,473,474,475,-1,475,474,476,-1,475,476,477,-1,477,476,478,-1,477,478,479,-1,479,478,480,-1,479,480,481,-1,482,481,483,-1,483,481,480,-1,482,483,484,-1,484,483,485,-1,484,485,486,-1,486,485,487,-1,486,487,488,-1,488,487,489,-1,488,489,490,-1,490,489,491,-1,490,491,492,-1,492,491,493,-1,494,492,495,-1,495,492,493,-1,496,497,498,-1,498,497,499,-1,499,497,500,-1,499,500,501,-1,501,500,502,-1,501,502,503,-1,503,502,504,-1,503,504,505,-1,505,504,506,-1,505,506,507,-1,507,506,508,-1,507,508,509,-1,510,509,511,-1,511,509,508,-1,512,498,499,-1,499,501,512,-1,512,501,503,-1,512,503,505,-1,464,468,465,-1,465,468,470,-1,465,470,513,-1,513,470,473,-1,513,473,514,-1,514,473,475,-1,514,475,515,-1,515,475,477,-1,515,477,516,-1,516,477,479,-1,516,479,510,-1,510,479,481,-1,510,481,509,-1,509,481,482,-1,509,482,507,-1,507,482,484,-1,507,484,505,-1,505,484,486,-1,505,486,488,-1,494,512,492,-1,492,512,505,-1,492,505,490,-1,490,505,488,-1,510,511,516,-1,516,511,517,-1,516,517,515,-1,515,517,518,-1,515,518,514,-1,514,518,519,-1,514,519,513,-1,513,519,520,-1,513,520,465,-1,465,520,467,-1,502,500,521,-1,521,500,497,-1,521,497,496,-1,493,491,504,-1,502,521,504,-1,504,521,495,-1,504,495,493,-1,491,489,504,-1,504,489,487,-1,504,487,506,-1,506,487,485,-1,506,485,508,-1,508,485,483,-1,508,483,511,-1,511,483,480,-1,511,480,517,-1,517,480,478,-1,517,478,518,-1,518,478,476,-1,518,476,519,-1,519,476,474,-1,519,474,520,-1,520,474,472,-1,520,472,467,-1,467,472,471,-1,467,471,466,-1,466,471,469,-1,522,523,524,-1,524,523,525,-1,526,522,527,-1,527,522,524,-1,528,526,529,-1,529,526,527,-1,528,529,530,-1,528,530,531,-1,531,530,532,-1,531,532,533,-1,533,532,534,-1,533,534,535,-1,535,534,536,-1,535,536,537,-1,537,536,538,-1,537,538,539,-1,540,539,541,-1,541,539,538,-1,540,541,542,-1,542,541,543,-1,542,543,544,-1,544,543,545,-1,544,545,546,-1,546,545,547,-1,546,547,548,-1,548,547,549,-1,548,549,550,-1,550,549,551,-1,552,550,553,-1,553,550,551,-1,554,555,556,-1,556,555,557,-1,557,555,558,-1,557,558,559,-1,559,558,560,-1,559,560,561,-1,561,560,562,-1,561,562,563,-1,563,562,564,-1,563,564,565,-1,565,564,566,-1,565,566,567,-1,568,567,569,-1,569,567,566,-1,570,556,557,-1,557,559,570,-1,570,559,561,-1,570,561,563,-1,522,526,523,-1,523,526,528,-1,523,528,571,-1,571,528,531,-1,571,531,572,-1,572,531,533,-1,572,533,573,-1,573,533,535,-1,573,535,574,-1,574,535,537,-1,574,537,568,-1,568,537,539,-1,568,539,567,-1,567,539,540,-1,567,540,565,-1,565,540,542,-1,565,542,563,-1,563,542,544,-1,563,544,546,-1,552,570,550,-1,550,570,563,-1,550,563,548,-1,548,563,546,-1,568,569,574,-1,574,569,575,-1,574,575,573,-1,573,575,576,-1,573,576,572,-1,572,576,577,-1,572,577,571,-1,571,577,578,-1,571,578,523,-1,523,578,525,-1,560,558,579,-1,579,558,555,-1,579,555,554,-1,551,549,562,-1,560,579,562,-1,562,579,553,-1,562,553,551,-1,549,547,562,-1,562,547,545,-1,562,545,564,-1,564,545,543,-1,564,543,566,-1,566,543,541,-1,566,541,569,-1,569,541,538,-1,569,538,575,-1,575,538,536,-1,575,536,576,-1,576,536,534,-1,576,534,577,-1,577,534,532,-1,577,532,578,-1,578,532,530,-1,578,530,525,-1,525,530,529,-1,525,529,524,-1,524,529,527,-1,580,581,582,-1,582,581,583,-1,581,584,583,-1,583,584,585,-1,584,586,585,-1,585,586,587,-1,588,589,590,-1,588,590,591,-1,591,590,592,-1,591,592,593,-1,593,592,594,-1,593,594,595,-1,595,594,596,-1,595,596,597,-1,597,596,587,-1,597,587,586,-1,588,598,589,-1,589,598,599,-1,600,601,602,-1,602,601,603,-1,602,603,604,-1,604,603,605,-1,604,605,606,-1,606,605,607,-1,606,607,608,-1,608,607,609,-1,608,609,598,-1,598,609,599,-1,600,610,601,-1,601,610,611,-1,612,613,614,-1,614,613,615,-1,616,617,618,-1,616,618,619,-1,619,618,620,-1,619,620,621,-1,621,620,622,-1,621,622,623,-1,623,622,624,-1,623,624,625,-1,625,624,612,-1,625,612,614,-1,616,626,617,-1,617,626,627,-1,623,625,628,-1,628,625,614,-1,628,614,615,-1,600,602,621,-1,623,628,621,-1,621,628,610,-1,621,610,600,-1,602,604,621,-1,621,604,606,-1,621,606,619,-1,619,606,608,-1,619,608,616,-1,616,608,598,-1,616,598,626,-1,626,598,588,-1,626,588,629,-1,629,588,591,-1,629,591,630,-1,630,591,593,-1,630,593,631,-1,631,593,595,-1,631,595,632,-1,632,595,597,-1,632,597,580,-1,580,597,586,-1,580,586,581,-1,581,586,584,-1,580,582,632,-1,632,582,633,-1,632,633,631,-1,631,633,634,-1,631,634,630,-1,630,634,635,-1,630,635,629,-1,629,635,636,-1,629,636,626,-1,626,636,627,-1,637,613,612,-1,612,624,637,-1,637,624,622,-1,637,622,620,-1,611,637,601,-1,601,637,620,-1,601,620,603,-1,603,620,605,-1,583,585,582,-1,582,585,587,-1,582,587,633,-1,633,587,596,-1,633,596,634,-1,634,596,594,-1,634,594,635,-1,635,594,592,-1,635,592,636,-1,636,592,590,-1,636,590,627,-1,627,590,589,-1,627,589,617,-1,617,589,599,-1,617,599,618,-1,618,599,609,-1,618,609,620,-1,620,609,607,-1,620,607,605,-1,638,639,640,-1,640,639,641,-1,639,642,641,-1,641,642,643,-1,642,644,643,-1,643,644,645,-1,646,647,648,-1,646,648,649,-1,649,648,650,-1,649,650,651,-1,651,650,652,-1,651,652,653,-1,653,652,654,-1,653,654,655,-1,655,654,645,-1,655,645,644,-1,646,656,647,-1,647,656,657,-1,658,659,660,-1,660,659,661,-1,660,661,662,-1,662,661,663,-1,662,663,664,-1,664,663,665,-1,664,665,666,-1,666,665,667,-1,666,667,656,-1,656,667,657,-1,658,668,659,-1,659,668,669,-1,670,671,672,-1,672,671,673,-1,674,675,676,-1,674,676,677,-1,677,676,678,-1,677,678,679,-1,679,678,680,-1,679,680,681,-1,681,680,682,-1,681,682,683,-1,683,682,670,-1,683,670,672,-1,674,684,675,-1,675,684,685,-1,681,683,686,-1,686,683,672,-1,686,672,673,-1,658,660,679,-1,681,686,679,-1,679,686,668,-1,679,668,658,-1,660,662,679,-1,679,662,664,-1,679,664,677,-1,677,664,666,-1,677,666,674,-1,674,666,656,-1,674,656,684,-1,684,656,646,-1,684,646,687,-1,687,646,649,-1,687,649,688,-1,688,649,651,-1,688,651,689,-1,689,651,653,-1,689,653,690,-1,690,653,655,-1,690,655,638,-1,638,655,644,-1,638,644,639,-1,639,644,642,-1,638,640,690,-1,690,640,691,-1,690,691,689,-1,689,691,692,-1,689,692,688,-1,688,692,693,-1,688,693,687,-1,687,693,694,-1,687,694,684,-1,684,694,685,-1,695,671,670,-1,670,682,695,-1,695,682,680,-1,695,680,678,-1,669,695,659,-1,659,695,678,-1,659,678,661,-1,661,678,663,-1,641,643,640,-1,640,643,645,-1,640,645,691,-1,691,645,654,-1,691,654,692,-1,692,654,652,-1,692,652,693,-1,693,652,650,-1,693,650,694,-1,694,650,648,-1,694,648,685,-1,685,648,647,-1,685,647,675,-1,675,647,657,-1,675,657,676,-1,676,657,667,-1,676,667,678,-1,678,667,665,-1,678,665,663,-1,696,697,698,-1,698,697,699,-1,697,700,699,-1,699,700,701,-1,700,702,701,-1,701,702,703,-1,704,705,706,-1,704,706,707,-1,707,706,708,-1,707,708,709,-1,709,708,710,-1,709,710,711,-1,711,710,712,-1,711,712,713,-1,713,712,703,-1,713,703,702,-1,704,714,705,-1,705,714,715,-1,716,717,718,-1,718,717,719,-1,718,719,720,-1,720,719,721,-1,720,721,722,-1,722,721,723,-1,722,723,724,-1,724,723,725,-1,724,725,714,-1,714,725,715,-1,716,726,717,-1,717,726,727,-1,728,729,730,-1,730,729,731,-1,732,733,734,-1,732,734,735,-1,735,734,736,-1,735,736,737,-1,737,736,738,-1,737,738,739,-1,739,738,740,-1,739,740,741,-1,741,740,728,-1,741,728,730,-1,732,742,733,-1,733,742,743,-1,739,741,744,-1,744,741,730,-1,744,730,731,-1,716,718,737,-1,739,744,737,-1,737,744,726,-1,737,726,716,-1,718,720,737,-1,737,720,722,-1,737,722,735,-1,735,722,724,-1,735,724,732,-1,732,724,714,-1,732,714,742,-1,742,714,704,-1,742,704,745,-1,745,704,707,-1,745,707,746,-1,746,707,709,-1,746,709,747,-1,747,709,711,-1,747,711,748,-1,748,711,713,-1,748,713,696,-1,696,713,702,-1,696,702,697,-1,697,702,700,-1,696,698,748,-1,748,698,749,-1,748,749,747,-1,747,749,750,-1,747,750,746,-1,746,750,751,-1,746,751,745,-1,745,751,752,-1,745,752,742,-1,742,752,743,-1,753,729,728,-1,728,740,753,-1,753,740,738,-1,753,738,736,-1,727,753,717,-1,717,753,736,-1,717,736,719,-1,719,736,721,-1,699,701,698,-1,698,701,703,-1,698,703,749,-1,749,703,712,-1,749,712,750,-1,750,712,710,-1,750,710,751,-1,751,710,708,-1,751,708,752,-1,752,708,706,-1,752,706,743,-1,743,706,705,-1,743,705,733,-1,733,705,715,-1,733,715,734,-1,734,715,725,-1,734,725,736,-1,736,725,723,-1,736,723,721,-1,754,755,756,-1,756,755,757,-1,755,758,757,-1,757,758,759,-1,758,760,759,-1,759,760,761,-1,762,763,764,-1,762,764,765,-1,765,764,766,-1,765,766,767,-1,767,766,768,-1,767,768,769,-1,769,768,770,-1,769,770,771,-1,771,770,761,-1,771,761,760,-1,762,772,763,-1,763,772,773,-1,774,775,776,-1,776,775,777,-1,776,777,778,-1,778,777,779,-1,778,779,780,-1,780,779,781,-1,780,781,782,-1,782,781,783,-1,782,783,772,-1,772,783,773,-1,774,784,775,-1,775,784,785,-1,786,787,788,-1,788,787,789,-1,790,791,792,-1,790,792,793,-1,793,792,794,-1,793,794,795,-1,795,794,796,-1,795,796,797,-1,797,796,798,-1,797,798,799,-1,799,798,786,-1,799,786,788,-1,790,800,791,-1,791,800,801,-1,797,799,802,-1,802,799,788,-1,802,788,789,-1,774,776,795,-1,797,802,795,-1,795,802,784,-1,795,784,774,-1,776,778,795,-1,795,778,780,-1,795,780,793,-1,793,780,782,-1,793,782,790,-1,790,782,772,-1,790,772,800,-1,800,772,762,-1,800,762,803,-1,803,762,765,-1,803,765,804,-1,804,765,767,-1,804,767,805,-1,805,767,769,-1,805,769,806,-1,806,769,771,-1,806,771,754,-1,754,771,760,-1,754,760,755,-1,755,760,758,-1,754,756,806,-1,806,756,807,-1,806,807,805,-1,805,807,808,-1,805,808,804,-1,804,808,809,-1,804,809,803,-1,803,809,810,-1,803,810,800,-1,800,810,801,-1,811,787,786,-1,786,798,811,-1,811,798,796,-1,811,796,794,-1,785,811,775,-1,775,811,794,-1,775,794,777,-1,777,794,779,-1,757,759,756,-1,756,759,761,-1,756,761,807,-1,807,761,770,-1,807,770,808,-1,808,770,768,-1,808,768,809,-1,809,768,766,-1,809,766,810,-1,810,766,764,-1,810,764,801,-1,801,764,763,-1,801,763,791,-1,791,763,773,-1,791,773,792,-1,792,773,783,-1,792,783,794,-1,794,783,781,-1,794,781,779,-1,812,813,814,-1,814,813,815,-1,813,816,815,-1,815,816,817,-1,816,818,817,-1,817,818,819,-1,820,821,822,-1,820,822,823,-1,823,822,824,-1,823,824,825,-1,825,824,826,-1,825,826,827,-1,827,826,828,-1,827,828,829,-1,829,828,819,-1,829,819,818,-1,820,830,821,-1,821,830,831,-1,832,833,834,-1,834,833,835,-1,834,835,836,-1,836,835,837,-1,836,837,838,-1,838,837,839,-1,838,839,840,-1,840,839,841,-1,840,841,830,-1,830,841,831,-1,832,842,833,-1,833,842,843,-1,844,845,846,-1,846,845,847,-1,848,849,850,-1,848,850,851,-1,851,850,852,-1,851,852,853,-1,853,852,854,-1,853,854,855,-1,855,854,856,-1,855,856,857,-1,857,856,844,-1,857,844,846,-1,848,858,849,-1,849,858,859,-1,855,857,860,-1,860,857,846,-1,860,846,847,-1,832,834,853,-1,855,860,853,-1,853,860,842,-1,853,842,832,-1,834,836,853,-1,853,836,838,-1,853,838,851,-1,851,838,840,-1,851,840,848,-1,848,840,830,-1,848,830,858,-1,858,830,820,-1,858,820,861,-1,861,820,823,-1,861,823,862,-1,862,823,825,-1,862,825,863,-1,863,825,827,-1,863,827,864,-1,864,827,829,-1,864,829,812,-1,812,829,818,-1,812,818,813,-1,813,818,816,-1,812,814,864,-1,864,814,865,-1,864,865,863,-1,863,865,866,-1,863,866,862,-1,862,866,867,-1,862,867,861,-1,861,867,868,-1,861,868,858,-1,858,868,859,-1,869,845,844,-1,844,856,869,-1,869,856,854,-1,869,854,852,-1,843,869,833,-1,833,869,852,-1,833,852,835,-1,835,852,837,-1,815,817,814,-1,814,817,819,-1,814,819,865,-1,865,819,828,-1,865,828,866,-1,866,828,826,-1,866,826,867,-1,867,826,824,-1,867,824,868,-1,868,824,822,-1,868,822,859,-1,859,822,821,-1,859,821,849,-1,849,821,831,-1,849,831,850,-1,850,831,841,-1,850,841,852,-1,852,841,839,-1,852,839,837,-1,870,871,872,-1,872,871,873,-1,871,874,873,-1,873,874,875,-1,874,876,875,-1,875,876,877,-1,878,879,880,-1,878,880,881,-1,881,880,882,-1,881,882,883,-1,883,882,884,-1,883,884,885,-1,885,884,886,-1,885,886,887,-1,887,886,877,-1,887,877,876,-1,878,888,879,-1,879,888,889,-1,890,891,892,-1,892,891,893,-1,892,893,894,-1,894,893,895,-1,894,895,896,-1,896,895,897,-1,896,897,898,-1,898,897,899,-1,898,899,888,-1,888,899,889,-1,890,900,891,-1,891,900,901,-1,902,903,904,-1,904,903,905,-1,906,907,908,-1,906,908,909,-1,909,908,910,-1,909,910,911,-1,911,910,912,-1,911,912,913,-1,913,912,914,-1,913,914,915,-1,915,914,902,-1,915,902,904,-1,906,916,907,-1,907,916,917,-1,913,915,918,-1,918,915,904,-1,918,904,905,-1,890,892,911,-1,913,918,911,-1,911,918,900,-1,911,900,890,-1,892,894,911,-1,911,894,896,-1,911,896,909,-1,909,896,898,-1,909,898,906,-1,906,898,888,-1,906,888,916,-1,916,888,878,-1,916,878,919,-1,919,878,881,-1,919,881,920,-1,920,881,883,-1,920,883,921,-1,921,883,885,-1,921,885,922,-1,922,885,887,-1,922,887,870,-1,870,887,876,-1,870,876,871,-1,871,876,874,-1,870,872,922,-1,922,872,923,-1,922,923,921,-1,921,923,924,-1,921,924,920,-1,920,924,925,-1,920,925,919,-1,919,925,926,-1,919,926,916,-1,916,926,917,-1,927,903,902,-1,902,914,927,-1,927,914,912,-1,927,912,910,-1,901,927,891,-1,891,927,910,-1,891,910,893,-1,893,910,895,-1,873,875,872,-1,872,875,877,-1,872,877,923,-1,923,877,886,-1,923,886,924,-1,924,886,884,-1,924,884,925,-1,925,884,882,-1,925,882,926,-1,926,882,880,-1,926,880,917,-1,917,880,879,-1,917,879,907,-1,907,879,889,-1,907,889,908,-1,908,889,899,-1,908,899,910,-1,910,899,897,-1,910,897,895,-1,928,929,930,-1,930,929,931,-1,929,932,931,-1,931,932,933,-1,932,934,933,-1,933,934,935,-1,936,937,938,-1,936,938,939,-1,939,938,940,-1,939,940,941,-1,941,940,942,-1,941,942,943,-1,943,942,944,-1,943,944,945,-1,945,944,935,-1,945,935,934,-1,936,946,937,-1,937,946,947,-1,948,949,950,-1,950,949,951,-1,950,951,952,-1,952,951,953,-1,952,953,954,-1,954,953,955,-1,954,955,956,-1,956,955,957,-1,956,957,946,-1,946,957,947,-1,948,958,949,-1,949,958,959,-1,960,961,962,-1,962,961,963,-1,964,965,966,-1,964,966,967,-1,967,966,968,-1,967,968,969,-1,969,968,970,-1,969,970,971,-1,971,970,972,-1,971,972,973,-1,973,972,960,-1,973,960,962,-1,964,974,965,-1,965,974,975,-1,971,973,976,-1,976,973,962,-1,976,962,963,-1,948,950,969,-1,971,976,969,-1,969,976,958,-1,969,958,948,-1,950,952,969,-1,969,952,954,-1,969,954,967,-1,967,954,956,-1,967,956,964,-1,964,956,946,-1,964,946,974,-1,974,946,936,-1,974,936,977,-1,977,936,939,-1,977,939,978,-1,978,939,941,-1,978,941,979,-1,979,941,943,-1,979,943,980,-1,980,943,945,-1,980,945,928,-1,928,945,934,-1,928,934,929,-1,929,934,932,-1,928,930,980,-1,980,930,981,-1,980,981,979,-1,979,981,982,-1,979,982,978,-1,978,982,983,-1,978,983,977,-1,977,983,984,-1,977,984,974,-1,974,984,975,-1,985,961,960,-1,960,972,985,-1,985,972,970,-1,985,970,968,-1,959,985,949,-1,949,985,968,-1,949,968,951,-1,951,968,953,-1,931,933,930,-1,930,933,935,-1,930,935,981,-1,981,935,944,-1,981,944,982,-1,982,944,942,-1,982,942,983,-1,983,942,940,-1,983,940,984,-1,984,940,938,-1,984,938,975,-1,975,938,937,-1,975,937,965,-1,965,937,947,-1,965,947,966,-1,966,947,957,-1,966,957,968,-1,968,957,955,-1,968,955,953,-1,986,987,988,-1,988,987,989,-1,987,990,989,-1,989,990,991,-1,990,992,991,-1,991,992,993,-1,994,995,996,-1,994,996,997,-1,997,996,998,-1,997,998,999,-1,999,998,1000,-1,999,1000,1001,-1,1001,1000,1002,-1,1001,1002,1003,-1,1003,1002,993,-1,1003,993,992,-1,994,1004,995,-1,995,1004,1005,-1,1006,1007,1008,-1,1008,1007,1009,-1,1008,1009,1010,-1,1010,1009,1011,-1,1010,1011,1012,-1,1012,1011,1013,-1,1012,1013,1014,-1,1014,1013,1015,-1,1014,1015,1004,-1,1004,1015,1005,-1,1006,1016,1007,-1,1007,1016,1017,-1,1018,1019,1020,-1,1020,1019,1021,-1,1022,1023,1024,-1,1022,1024,1025,-1,1025,1024,1026,-1,1025,1026,1027,-1,1027,1026,1028,-1,1027,1028,1029,-1,1029,1028,1030,-1,1029,1030,1031,-1,1031,1030,1018,-1,1031,1018,1020,-1,1022,1032,1023,-1,1023,1032,1033,-1,1029,1031,1034,-1,1034,1031,1020,-1,1034,1020,1021,-1,1006,1008,1027,-1,1029,1034,1027,-1,1027,1034,1016,-1,1027,1016,1006,-1,1008,1010,1027,-1,1027,1010,1012,-1,1027,1012,1025,-1,1025,1012,1014,-1,1025,1014,1022,-1,1022,1014,1004,-1,1022,1004,1032,-1,1032,1004,994,-1,1032,994,1035,-1,1035,994,997,-1,1035,997,1036,-1,1036,997,999,-1,1036,999,1037,-1,1037,999,1001,-1,1037,1001,1038,-1,1038,1001,1003,-1,1038,1003,986,-1,986,1003,992,-1,986,992,987,-1,987,992,990,-1,986,988,1038,-1,1038,988,1039,-1,1038,1039,1037,-1,1037,1039,1040,-1,1037,1040,1036,-1,1036,1040,1041,-1,1036,1041,1035,-1,1035,1041,1042,-1,1035,1042,1032,-1,1032,1042,1033,-1,1043,1019,1018,-1,1018,1030,1043,-1,1043,1030,1028,-1,1043,1028,1026,-1,1017,1043,1007,-1,1007,1043,1026,-1,1007,1026,1009,-1,1009,1026,1011,-1,989,991,988,-1,988,991,993,-1,988,993,1039,-1,1039,993,1002,-1,1039,1002,1040,-1,1040,1002,1000,-1,1040,1000,1041,-1,1041,1000,998,-1,1041,998,1042,-1,1042,998,996,-1,1042,996,1033,-1,1033,996,995,-1,1033,995,1023,-1,1023,995,1005,-1,1023,1005,1024,-1,1024,1005,1015,-1,1024,1015,1026,-1,1026,1015,1013,-1,1026,1013,1011,-1,1044,1045,1046,-1,1046,1045,1047,-1,1045,1048,1047,-1,1047,1048,1049,-1,1048,1050,1049,-1,1049,1050,1051,-1,1052,1053,1054,-1,1052,1054,1055,-1,1055,1054,1056,-1,1055,1056,1057,-1,1057,1056,1058,-1,1057,1058,1059,-1,1059,1058,1060,-1,1059,1060,1061,-1,1061,1060,1051,-1,1061,1051,1050,-1,1052,1062,1053,-1,1053,1062,1063,-1,1064,1065,1066,-1,1066,1065,1067,-1,1066,1067,1068,-1,1068,1067,1069,-1,1068,1069,1070,-1,1070,1069,1071,-1,1070,1071,1072,-1,1072,1071,1073,-1,1072,1073,1062,-1,1062,1073,1063,-1,1064,1074,1065,-1,1065,1074,1075,-1,1076,1077,1078,-1,1078,1077,1079,-1,1080,1081,1082,-1,1080,1082,1083,-1,1083,1082,1084,-1,1083,1084,1085,-1,1085,1084,1086,-1,1085,1086,1087,-1,1087,1086,1088,-1,1087,1088,1089,-1,1089,1088,1076,-1,1089,1076,1078,-1,1080,1090,1081,-1,1081,1090,1091,-1,1087,1089,1092,-1,1092,1089,1078,-1,1092,1078,1079,-1,1064,1066,1085,-1,1087,1092,1085,-1,1085,1092,1074,-1,1085,1074,1064,-1,1066,1068,1085,-1,1085,1068,1070,-1,1085,1070,1083,-1,1083,1070,1072,-1,1083,1072,1080,-1,1080,1072,1062,-1,1080,1062,1090,-1,1090,1062,1052,-1,1090,1052,1093,-1,1093,1052,1055,-1,1093,1055,1094,-1,1094,1055,1057,-1,1094,1057,1095,-1,1095,1057,1059,-1,1095,1059,1096,-1,1096,1059,1061,-1,1096,1061,1044,-1,1044,1061,1050,-1,1044,1050,1045,-1,1045,1050,1048,-1,1044,1046,1096,-1,1096,1046,1097,-1,1096,1097,1095,-1,1095,1097,1098,-1,1095,1098,1094,-1,1094,1098,1099,-1,1094,1099,1093,-1,1093,1099,1100,-1,1093,1100,1090,-1,1090,1100,1091,-1,1101,1077,1076,-1,1076,1088,1101,-1,1101,1088,1086,-1,1101,1086,1084,-1,1075,1101,1065,-1,1065,1101,1084,-1,1065,1084,1067,-1,1067,1084,1069,-1,1047,1049,1046,-1,1046,1049,1051,-1,1046,1051,1097,-1,1097,1051,1060,-1,1097,1060,1098,-1,1098,1060,1058,-1,1098,1058,1099,-1,1099,1058,1056,-1,1099,1056,1100,-1,1100,1056,1054,-1,1100,1054,1091,-1,1091,1054,1053,-1,1091,1053,1081,-1,1081,1053,1063,-1,1081,1063,1082,-1,1082,1063,1073,-1,1082,1073,1084,-1,1084,1073,1071,-1,1084,1071,1069,-1,1102,1103,1104,-1,1104,1103,1105,-1,1103,1106,1105,-1,1105,1106,1107,-1,1106,1108,1107,-1,1107,1108,1109,-1,1110,1111,1112,-1,1110,1112,1113,-1,1113,1112,1114,-1,1113,1114,1115,-1,1115,1114,1116,-1,1115,1116,1117,-1,1117,1116,1118,-1,1117,1118,1119,-1,1119,1118,1109,-1,1119,1109,1108,-1,1110,1120,1111,-1,1111,1120,1121,-1,1122,1123,1124,-1,1124,1123,1125,-1,1124,1125,1126,-1,1126,1125,1127,-1,1126,1127,1128,-1,1128,1127,1129,-1,1128,1129,1130,-1,1130,1129,1131,-1,1130,1131,1120,-1,1120,1131,1121,-1,1122,1132,1123,-1,1123,1132,1133,-1,1134,1135,1136,-1,1136,1135,1137,-1,1138,1139,1140,-1,1138,1140,1141,-1,1141,1140,1142,-1,1141,1142,1143,-1,1143,1142,1144,-1,1143,1144,1145,-1,1145,1144,1146,-1,1145,1146,1147,-1,1147,1146,1134,-1,1147,1134,1136,-1,1138,1148,1139,-1,1139,1148,1149,-1,1145,1147,1150,-1,1150,1147,1136,-1,1150,1136,1137,-1,1122,1124,1143,-1,1145,1150,1143,-1,1143,1150,1132,-1,1143,1132,1122,-1,1124,1126,1143,-1,1143,1126,1128,-1,1143,1128,1141,-1,1141,1128,1130,-1,1141,1130,1138,-1,1138,1130,1120,-1,1138,1120,1148,-1,1148,1120,1110,-1,1148,1110,1151,-1,1151,1110,1113,-1,1151,1113,1152,-1,1152,1113,1115,-1,1152,1115,1153,-1,1153,1115,1117,-1,1153,1117,1154,-1,1154,1117,1119,-1,1154,1119,1102,-1,1102,1119,1108,-1,1102,1108,1103,-1,1103,1108,1106,-1,1102,1104,1154,-1,1154,1104,1155,-1,1154,1155,1153,-1,1153,1155,1156,-1,1153,1156,1152,-1,1152,1156,1157,-1,1152,1157,1151,-1,1151,1157,1158,-1,1151,1158,1148,-1,1148,1158,1149,-1,1159,1135,1134,-1,1134,1146,1159,-1,1159,1146,1144,-1,1159,1144,1142,-1,1133,1159,1123,-1,1123,1159,1142,-1,1123,1142,1125,-1,1125,1142,1127,-1,1105,1107,1104,-1,1104,1107,1109,-1,1104,1109,1155,-1,1155,1109,1118,-1,1155,1118,1156,-1,1156,1118,1116,-1,1156,1116,1157,-1,1157,1116,1114,-1,1157,1114,1158,-1,1158,1114,1112,-1,1158,1112,1149,-1,1149,1112,1111,-1,1149,1111,1139,-1,1139,1111,1121,-1,1139,1121,1140,-1,1140,1121,1131,-1,1140,1131,1142,-1,1142,1131,1129,-1,1142,1129,1127,-1,
        ]
    }
}
Shape{
    appearance Appearance {
        material  Material 	{
            diffuseColor 0.0 0.0 0.0
            specularColor 0.0 0.0 0.0
            ambientIntensity 0.0
            transparency 0.0
            shininess 0.5
        }
    }
    geometry IndexedFaceSet {
        ccw TRUE
        solid FALSE
        coord DEF co Coordinate {
            point [
                -0.1467 0.0146 0.0398, -0.1775 -0.0641 0.0398, -0.1467 0.0146 0.0394, -0.1775 -0.0641 0.0394, -0.166 -0.0641 0.0398, -0.166 -0.0641 0.0394, -0.158 -0.0421 0.0398, -0.158 -0.0421 0.0394, -0.1255 -0.0421 0.0398, -0.1255 -0.0421 0.0394, -0.1179 -0.0641 0.0398, -0.1179 -0.0641 0.0394, -0.1064 -0.0641 0.0398, -0.1064 -0.0641 0.0394, -0.1362 0.0146 0.0398, -0.1362 0.0146 0.0394, -0.1281 -0.0334 0.0398, -0.1544 -0.0334 0.0398, -0.1399 -0.0005 0.0398, -0.1406 0.0022 0.0398, -0.1411 0.005 0.0398, -0.1414 0.005 0.0398, -0.1419 0.0022 0.0398, -0.1426 -0.0005 0.0398, -0.1281 -0.0334 0.0394, -0.1544 -0.0334 0.0394, -0.1399 -0.0005 0.0394, -0.1406 0.0022 0.0394, -0.1411 0.005 0.0394, -0.1414 0.005 0.0394, -0.1419 0.0022 0.0394, -0.1426 -0.0005 0.0394, -0.0587 -0.0641 0.0398, -0.0373 -0.0641 0.0398, -0.0587 -0.0641 0.0394, -0.0373 -0.0641 0.0394, -0.0373 0.0146 0.0398, -0.0373 0.0146 0.0394, -0.0595 0.0146 0.0398, -0.0595 0.0146 0.0394, -0.1007 -0.0238 0.0398, -0.1007 -0.0238 0.0394, -0.1001 -0.0164 0.0394, -0.1001 -0.0164 0.0398, -0.098 -0.0086 0.0394, -0.098 -0.0086 0.0398, -0.0943 -0.0018 0.0394, -0.0943 -0.0018 0.0398, -0.0887 0.0043 0.0394, -0.0887 0.0043 0.0398, -0.0887 0.0044 0.0394, -0.0887 0.0044 0.0398, -0.0801 0.0102 0.0394, -0.0801 0.0102 0.0398, -0.0709 0.0134 0.0394, -0.0709 0.0134 0.0398, -0.0684 -0.0633 0.0394, -0.0684 -0.0633 0.0398, -0.0775 -0.0606 0.0394, -0.0775 -0.0606 0.0398, -0.0857 -0.0558 0.0394, -0.0857 -0.0558 0.0398, -0.0922 -0.0496 0.0394, -0.0922 -0.0496 0.0398, -0.0967 -0.0426 0.0394, -0.0967 -0.0426 0.0398, -0.0996 -0.0343 0.0394, -0.0996 -0.0343 0.0398, -0.0849 -0.0051 0.0398, -0.081 -0.001 0.0398, -0.0753 0.0027 0.0398, -0.0688 0.005 0.0398, -0.0595 0.006 0.0398, -0.0478 0.006 0.0398, -0.0478 -0.0555 0.0398, -0.059 -0.0555 0.0398, -0.0673 -0.0547 0.0398, -0.074 -0.0527 0.0398, -0.0793 -0.0495 0.0398, -0.0837 -0.0451 0.0398, -0.0871 -0.0397 0.0398, -0.0894 -0.0323 0.0398, -0.0901 -0.024 0.0398, -0.0894 -0.0162 0.0398, -0.0876 -0.0099 0.0398, -0.0595 0.006 0.0394, -0.0478 0.006 0.0394, -0.0688 0.005 0.0394, -0.0753 0.0027 0.0394, -0.081 -0.001 0.0394, -0.0849 -0.0051 0.0394, -0.0876 -0.0099 0.0394, -0.0894 -0.0162 0.0394, -0.0901 -0.024 0.0394, -0.0894 -0.0323 0.0394, -0.0871 -0.0397 0.0394, -0.0837 -0.0451 0.0394, -0.0793 -0.0495 0.0394, -0.074 -0.0527 0.0394, -0.0673 -0.0547 0.0394, -0.059 -0.0555 0.0394, -0.0478 -0.0555 0.0394, -0.0219 -0.0555 0.0398, -0.0219 -0.0641 0.0398, -0.0219 -0.0555 0.0394, -0.0219 -0.0641 0.0394, 0.0203 -0.0641 0.0398, 0.0203 -0.0641 0.0394, 0.0203 0.0146 0.0398, 0.0203 0.0146 0.0394, -0.02 0.0146 0.0398, -0.02 0.0146 0.0394, -0.02 0.006 0.0398, -0.02 0.006 0.0394, 0.0098 0.006 0.0398, 0.0098 0.006 0.0394, 0.0098 -0.02 0.0398, 0.0098 -0.02 0.0394, -0.0181 -0.02 0.0398, -0.0181 -0.02 0.0394, -0.0181 -0.0286 0.0398, -0.0181 -0.0286 0.0394, 0.0098 -0.0286 0.0398, 0.0098 -0.0286 0.0394, 0.0098 -0.0555 0.0398, 0.0098 -0.0555 0.0394, 0.0357 -0.0514 0.0398, 0.0357 -0.0601 0.0398, 0.0357 -0.0514 0.0394, 0.0357 -0.0601 0.0394, 0.0441 -0.0635 0.0398, 0.0574 -0.0651 0.0398, 0.0574 -0.0651 0.0394, 0.0552 -0.0651 0.0394, 0.0552 -0.0651 0.0398, 0.052 -0.0646 0.0394, 0.0441 -0.0635 0.0394, 0.062 -0.0646 0.0394, 0.0671 -0.0641 0.0398, 0.0671 -0.0641 0.0394, 0.0747 -0.0615 0.0398, 0.0747 -0.0615 0.0394, 0.081 -0.0574 0.0398, 0.081 -0.0574 0.0394, 0.0869 -0.0512 0.0398, 0.0869 -0.0512 0.0394, 0.0911 -0.0437 0.0398, 0.0911 -0.0437 0.0394, 0.0935 -0.0354 0.0398, 0.0935 -0.0354 0.0394, 0.0943 -0.0263 0.0398, 0.0943 -0.0263 0.0394, 0.0542 0.0156 0.0398, 0.0542 0.0156 0.0394, 0.0621 0.0149 0.0394, 0.0621 0.0149 0.0398, 0.0709 0.0124 0.0394, 0.0709 0.0124 0.0398, 0.0784 0.0081 0.0394, 0.0784 0.0081 0.0398, 0.0855 0.0012 0.0394, 0.0855 0.0012 0.0398, 0.0901 -0.0061 0.0394, 0.0901 -0.0061 0.0398, 0.0931 -0.0151 0.0394, 0.0931 -0.0151 0.0398, 0.0357 0.0124 0.0398, 0.0357 0.0124 0.0394, 0.0448 0.0149 0.0394, 0.0448 0.0149 0.0398, 0.0357 0.0019 0.0398, 0.0357 0.0019 0.0394, 0.0541 0.0069 0.0398, 0.0541 0.0069 0.0394, 0.0446 0.0057 0.0394, 0.0446 0.0057 0.0398, 0.0837 -0.0256 0.0398, 0.0837 -0.0256 0.0394, 0.0833 -0.0195 0.0394, 0.0833 -0.0195 0.0398, 0.0812 -0.0111 0.0394, 0.0812 -0.0111 0.0398, 0.078 -0.005 0.0394, 0.078 -0.005 0.0398, 0.0732 0.0003 0.0394, 0.0732 0.0003 0.0398, 0.0678 0.0039 0.0394, 0.0678 0.0039 0.0398, 0.0619 0.0061 0.0394, 0.0619 0.0061 0.0398, 0.0559 -0.0565 0.0398, 0.0559 -0.0565 0.0394, 0.0633 -0.0556 0.0394, 0.0633 -0.0556 0.0398, 0.069 -0.0535 0.0394, 0.069 -0.0535 0.0398, 0.0738 -0.0503 0.0394, 0.0738 -0.0503 0.0398, 0.0775 -0.0464 0.0394, 0.0775 -0.0464 0.0398, 0.0808 -0.0409 0.0394, 0.0808 -0.0409 0.0398, 0.0829 -0.0341 0.0394, 0.0829 -0.0341 0.0398, 0.0371 -0.0522 0.0394, 0.0371 -0.0522 0.0398, 0.0455 -0.0553 0.0394, 0.0455 -0.0553 0.0398, 0.101 -0.0555 0.0398, 0.101 -0.0641 0.0398, 0.101 -0.0555 0.0394, 0.101 -0.0641 0.0394, 0.1413 -0.0641 0.0398, 0.1413 -0.0641 0.0394, 0.1413 0.0146 0.0398, 0.1413 0.0146 0.0394, 0.1308 0.0146 0.0398, 0.1308 0.0146 0.0394, 0.1308 -0.0555 0.0398, 0.1308 -0.0555 0.0394
            ]
        }
        coordIndex [
            0,1,2,-1,2,1,3,-1,1,4,3,-1,3,4,5,-1,4,6,5,-1,5,6,7,-1,6,8,7,-1,7,8,9,-1,8,10,9,-1,9,10,11,-1,10,12,11,-1,11,12,13,-1,12,14,13,-1,13,14,15,-1,14,0,15,-1,15,0,2,-1,16,8,17,-1,17,8,6,-1,18,14,16,-1,16,14,12,-1,16,12,8,-1,8,12,10,-1,18,19,14,-1,14,19,20,-1,14,20,0,-1,0,20,21,-1,0,21,22,-1,22,23,0,-1,0,23,17,-1,0,17,1,-1,1,17,6,-1,1,6,4,-1,16,17,24,-1,24,17,25,-1,18,16,26,-1,26,16,24,-1,18,26,27,-1,18,27,19,-1,19,27,28,-1,19,28,20,-1,21,20,29,-1,29,20,28,-1,21,29,30,-1,21,30,22,-1,22,30,31,-1,22,31,23,-1,17,23,25,-1,25,23,31,-1,32,33,34,-1,34,33,35,-1,33,36,35,-1,35,36,37,-1,36,38,37,-1,37,38,39,-1,40,41,42,-1,40,42,43,-1,43,42,44,-1,43,44,45,-1,45,44,46,-1,45,46,47,-1,47,46,48,-1,47,48,49,-1,49,48,50,-1,49,50,51,-1,51,50,52,-1,51,52,53,-1,53,52,54,-1,53,54,55,-1,55,54,39,-1,55,39,38,-1,32,34,56,-1,32,56,57,-1,57,56,58,-1,57,58,59,-1,59,58,60,-1,59,60,61,-1,61,60,62,-1,61,62,63,-1,63,62,64,-1,63,64,65,-1,65,64,66,-1,65,66,67,-1,67,66,41,-1,67,41,40,-1,45,47,68,-1,68,47,49,-1,68,49,69,-1,69,49,51,-1,69,51,70,-1,70,51,53,-1,70,53,71,-1,71,53,55,-1,71,55,72,-1,72,55,38,-1,72,38,73,-1,73,38,36,-1,73,36,74,-1,74,36,33,-1,74,33,75,-1,75,33,32,-1,75,32,76,-1,76,32,57,-1,76,57,77,-1,77,57,59,-1,77,59,78,-1,78,59,61,-1,78,61,79,-1,79,61,63,-1,79,63,80,-1,80,63,65,-1,80,65,81,-1,81,65,67,-1,81,67,82,-1,82,67,40,-1,82,40,83,-1,83,40,43,-1,83,43,84,-1,84,43,45,-1,84,45,68,-1,72,73,85,-1,85,73,86,-1,72,85,87,-1,72,87,71,-1,71,87,88,-1,71,88,70,-1,70,88,89,-1,70,89,69,-1,69,89,90,-1,69,90,68,-1,68,90,91,-1,68,91,84,-1,84,91,92,-1,84,92,83,-1,83,92,93,-1,83,93,82,-1,82,93,94,-1,82,94,81,-1,81,94,95,-1,81,95,80,-1,80,95,96,-1,80,96,79,-1,79,96,97,-1,79,97,78,-1,78,97,98,-1,78,98,77,-1,77,98,99,-1,77,99,76,-1,76,99,100,-1,76,100,75,-1,74,75,101,-1,101,75,100,-1,73,74,86,-1,86,74,101,-1,102,103,104,-1,104,103,105,-1,103,106,105,-1,105,106,107,-1,106,108,107,-1,107,108,109,-1,108,110,109,-1,109,110,111,-1,110,112,111,-1,111,112,113,-1,112,114,113,-1,113,114,115,-1,114,116,115,-1,115,116,117,-1,116,118,117,-1,117,118,119,-1,118,120,119,-1,119,120,121,-1,120,122,121,-1,121,122,123,-1,122,124,123,-1,123,124,125,-1,124,102,125,-1,125,102,104,-1,106,103,102,-1,102,124,106,-1,106,124,122,-1,106,122,108,-1,112,110,114,-1,114,110,108,-1,114,108,116,-1,116,108,122,-1,116,122,118,-1,118,122,120,-1,126,127,128,-1,128,127,129,-1,129,127,130,-1,131,132,133,-1,131,133,134,-1,134,133,135,-1,134,135,130,-1,130,135,136,-1,130,136,129,-1,132,131,137,-1,137,131,138,-1,137,138,139,-1,139,138,140,-1,139,140,141,-1,141,140,142,-1,141,142,143,-1,143,142,144,-1,143,144,145,-1,145,144,146,-1,145,146,147,-1,147,146,148,-1,147,148,149,-1,149,148,150,-1,149,150,151,-1,152,153,154,-1,152,154,155,-1,155,154,156,-1,155,156,157,-1,157,156,158,-1,157,158,159,-1,159,158,160,-1,159,160,161,-1,161,160,162,-1,161,162,163,-1,163,162,164,-1,163,164,165,-1,165,164,151,-1,165,151,150,-1,166,167,168,-1,166,168,169,-1,169,168,153,-1,169,153,152,-1,166,170,167,-1,167,170,171,-1,172,173,174,-1,172,174,175,-1,175,174,171,-1,175,171,170,-1,176,177,178,-1,176,178,179,-1,179,178,180,-1,179,180,181,-1,181,180,182,-1,181,182,183,-1,183,182,184,-1,183,184,185,-1,185,184,186,-1,185,186,187,-1,187,186,188,-1,187,188,189,-1,189,188,173,-1,189,173,172,-1,190,191,192,-1,190,192,193,-1,193,192,194,-1,193,194,195,-1,195,194,196,-1,195,196,197,-1,197,196,198,-1,197,198,199,-1,199,198,200,-1,199,200,201,-1,201,200,202,-1,201,202,203,-1,203,202,177,-1,203,177,176,-1,126,128,204,-1,126,204,205,-1,205,204,206,-1,205,206,207,-1,207,206,191,-1,207,191,190,-1,193,131,190,-1,190,131,134,-1,190,134,207,-1,207,134,130,-1,207,130,205,-1,205,130,127,-1,205,127,126,-1,170,166,175,-1,175,166,169,-1,175,169,172,-1,172,169,152,-1,172,152,189,-1,189,152,155,-1,189,155,187,-1,187,155,157,-1,187,157,185,-1,185,157,159,-1,185,159,183,-1,183,159,161,-1,183,161,181,-1,181,161,163,-1,181,163,179,-1,179,163,165,-1,179,165,176,-1,176,165,150,-1,176,150,203,-1,203,150,148,-1,203,148,201,-1,201,148,146,-1,201,146,199,-1,199,146,144,-1,199,144,197,-1,197,144,142,-1,197,142,195,-1,195,142,140,-1,195,140,193,-1,193,140,138,-1,193,138,131,-1,208,209,210,-1,210,209,211,-1,209,212,211,-1,211,212,213,-1,212,214,213,-1,213,214,215,-1,214,216,215,-1,215,216,217,-1,216,218,217,-1,217,218,219,-1,218,208,219,-1,219,208,210,-1,216,214,218,-1,218,214,212,-1,218,212,208,-1,208,212,209,-1,
        ]
    }
}
Shape{
    appearance Appearance {
        material  Material 	{
            diffuseColor 0.5019607843137255 0.5019607843137255 0.5019607843137255
            specularColor 0.25098039215686274 0.25098039215686274 0.25098039215686274
            ambientIntensity 0.502
            transparency 0.0
            shininess 0.5
        }
    }
    geometry IndexedFaceSet {
        ccw TRUE
        solid FALSE
        coord DEF co Coordinate {
            point [
                -0.1281 -0.0334 0.0394, -0.1544 -0.0334 0.0394, -0.1399 -0.0005 0.0394, -0.1426 -0.0005 0.0394, -0.1406 0.0022 0.0394, -0.1419 0.0022 0.0394, -0.1411 0.005 0.0394, -0.1414 0.005 0.0394, -0.0478 0.006 0.0394, -0.0478 -0.0555 0.0394, -0.0595 0.006 0.0394, -0.059 -0.0555 0.0394, -0.0673 -0.0547 0.0394, -0.0901 -0.024 0.0394, -0.0894 -0.0162 0.0394, -0.0876 -0.0099 0.0394, -0.0688 0.005 0.0394, -0.074 -0.0527 0.0394, -0.0793 -0.0495 0.0394, -0.0837 -0.0451 0.0394, -0.0871 -0.0397 0.0394, -0.0894 -0.0323 0.0394, -0.0849 -0.0051 0.0394, -0.081 -0.001 0.0394, -0.0753 0.0027 0.0394, -1.2375 0.8436 0.0563, -1.2425 0.8429 0.0557, -1.26 0.8661 0.2165, -1.2651 0.8655 0.2165, -1.2675 0.8647 0.2165, -1.2425 0.8429 0.0557, -1.2698 0.8635 0.2165, -1.2472 0.8409 0.0553, -1.2719 0.8621 0.2165, -1.2472 0.8409 0.0553, -1.2738 0.8605 0.2165, -1.2512 0.8378 0.0552, -1.2755 0.8585 0.2165, -1.2543 0.8338 0.0553, -1.2769 0.8564 0.2165, -1.2543 0.8338 0.0553, -1.2781 0.8541 0.2165, -1.2563 0.8291 0.0557, -1.2789 0.8517 0.2165, -1.2563 0.8291 0.0557, -1.257 0.8241 0.0563, -1.2795 0.8466 0.2165, -1.257 0.8241 0.3768, -1.2563 0.8291 0.3774, -1.2563 0.8291 0.3774, -1.2543 0.8338 0.3777, -1.2543 0.8338 0.3777, -1.2512 0.8378 0.3779, -1.2472 0.8409 0.3777, -1.2472 0.8409 0.3777, -1.2425 0.8429 0.3774, -1.2425 0.8429 0.3774, -1.2375 0.8436 0.3768, -1.2375 0.8288 0.0399, -1.2375 0.8241 0.0394, -1.2387 0.8286 0.0399, -1.2466 0.8241 0.0416, -1.2466 0.8241 0.0416, -1.2463 0.8265 0.0416, -1.2504 0.8241 0.0442, -1.2505 0.8241 0.0443, -1.2501 0.8275 0.0443, -1.2531 0.8283 0.0478, -1.2552 0.8289 0.0519, -1.2534 0.8333 0.0519, -1.2375 0.8425 0.0519, -1.2423 0.8419 0.0519, -1.2559 0.8241 0.0519, -1.2558 0.8241 0.0518, -1.2536 0.8241 0.0478, -1.2536 0.8241 0.0477, -1.2375 0.8424 0.0518, -1.2417 0.8397 0.0478, -1.2515 0.8322 0.0478, -1.2505 0.8371 0.0519, -1.2375 0.8403 0.0478, -1.2375 0.8402 0.0477, -1.2409 0.8367 0.0443, -1.2488 0.8306 0.0443, -1.2489 0.8355 0.0478, -1.2375 0.8371 0.0443, -1.2375 0.837 0.0442, -1.2399 0.8329 0.0416, -1.2467 0.8333 0.0443, -1.2454 0.8287 0.0416, -1.242 0.8253 0.0399, -1.2467 0.84 0.0519, -1.2456 0.8381 0.0478, -1.244 0.8354 0.0443, -1.2421 0.832 0.0416, -1.2399 0.8282 0.0399, -1.2422 0.8241 0.0399, -1.2422 0.8241 0.0399, -1.2439 0.8306 0.0416, -1.2416 0.8265 0.0399, -1.2408 0.8274 0.0399, -1.2375 0.8332 0.0416, -1.2375 0.8332 0.0416, -1.2375 0.8288 0.0399, -1.2536 0.8241 0.3854, -1.2505 0.8241 0.3888, -1.2501 0.8275 0.3888, -1.2463 0.8265 0.3915, -1.242 0.8253 0.3931, -1.2416 0.8265 0.3931, -1.2375 0.8241 0.3937, -1.2399 0.8282 0.3931, -1.2408 0.8274 0.3931, -1.2387 0.8286 0.3931, -1.2422 0.8241 0.3931, -1.2552 0.8289 0.3812, -1.2534 0.8333 0.3812, -1.2505 0.8371 0.3812, -1.2467 0.84 0.3812, -1.2423 0.8419 0.3812, -1.2375 0.8425 0.3812, -1.2375 0.8288 0.3931, -1.2504 0.8241 0.3889, -1.2466 0.8241 0.3915, -1.2466 0.8241 0.3915, -1.2422 0.8241 0.3931, -1.2454 0.8287 0.3915, -1.2439 0.8306 0.3915, -1.2421 0.832 0.3915, -1.2399 0.8329 0.3915, -1.2375 0.8288 0.3931, -1.2375 0.8332 0.3915, -1.2375 0.8332 0.3915, -1.2375 0.837 0.3889, -1.2488 0.8306 0.3888, -1.2467 0.8333 0.3888, -1.244 0.8354 0.3888, -1.2409 0.8367 0.3888, -1.2558 0.8241 0.3813, -1.2536 0.8241 0.3853, -1.2531 0.8283 0.3853, -1.2515 0.8322 0.3853, -1.2489 0.8355 0.3853, -1.2456 0.8381 0.3853, -1.2417 0.8397 0.3853, -1.2559 0.8241 0.3812, -1.2375 0.8371 0.3888, -1.2375 0.8402 0.3854, -1.2375 0.8403 0.3853, -1.2375 0.8424 0.3813, 1.257 0.8241 0.0563, 1.2563 0.8291 0.0557, 1.2795 0.8466 0.2165, 1.2789 0.8517 0.2165, 1.2781 0.8541 0.2165, 1.2563 0.8291 0.0557, 1.2769 0.8564 0.2165, 1.2543 0.8338 0.0553, 1.2755 0.8585 0.2165, 1.2543 0.8338 0.0553, 1.2738 0.8605 0.2165, 1.2512 0.8378 0.0552, 1.2719 0.8621 0.2165, 1.2472 0.8409 0.0553, 1.2698 0.8635 0.2165, 1.2472 0.8409 0.0553, 1.2675 0.8647 0.2165, 1.2425 0.8429 0.0557, 1.2651 0.8655 0.2165, 1.2425 0.8429 0.0557, 1.2375 0.8436 0.0563, 1.26 0.8661 0.2165, -0.0296 0.8241 0.0394, 1.2375 0.8241 0.0394, 1.2375 0.8288 0.0399, 1.2375 0.8288 0.0399, 1.2375 0.8332 0.0416, 1.2375 0.8332 0.0416, 1.2375 0.837 0.0442, 1.2375 0.8371 0.0443, 1.2375 0.8402 0.0477, 1.2375 0.8403 0.0478, 1.2375 0.8424 0.0518, 1.2375 0.8425 0.0519, -1.2375 -0.0646 0.0394, -1.2375 -0.8241 0.0394, -1.2422 -0.8241 0.0399, -1.257 -0.8241 0.0563, -1.2559 -0.8241 0.0519, -1.2558 -0.8241 0.0518, -1.2536 -0.8241 0.0478, -1.2536 -0.8241 0.0477, -1.2505 -0.8241 0.0443, -1.2504 -0.8241 0.0442, -1.2466 -0.8241 0.0416, -1.2466 -0.8241 0.0416, -1.2422 -0.8241 0.0399, -1.2795 -0.8466 0.2165, -1.2564 -0.8284 0.0558, -1.2789 -0.8517 0.2165, -1.2563 -0.8291 0.0557, -1.2781 -0.8541 0.2165, -1.2548 -0.8325 0.0554, -1.2769 -0.8564 0.2165, -1.2543 -0.8338 0.0553, -1.2755 -0.8585 0.2165, -1.2525 -0.8361 0.0553, -1.2738 -0.8605 0.2165, -1.2512 -0.8378 0.0552, -1.2719 -0.8621 0.2165, -1.2495 -0.8391 0.0553, -1.2698 -0.8635 0.2165, -1.2472 -0.8409 0.0553, -1.2675 -0.8647 0.2165, -1.2459 -0.8414 0.0554, -1.2651 -0.8655 0.2165, -1.2425 -0.8429 0.0557, -1.26 -0.8661 0.2165, -1.2418 -0.843 0.0558, -1.2375 -0.8436 0.0563, -1.2375 -0.8436 0.3768, -1.2425 -0.8429 0.3774, -1.2425 -0.8429 0.3774, -1.2472 -0.8409 0.3777, -1.2472 -0.8409 0.3777, -1.2512 -0.8378 0.3779, -1.2543 -0.8338 0.3777, -1.2543 -0.8338 0.3777, -1.2563 -0.8291 0.3774, -1.2563 -0.8291 0.3774, -1.257 -0.8241 0.3768, -1.2559 -0.8241 0.3812, -1.2558 -0.8241 0.3813, -1.2536 -0.8241 0.3853, -1.2536 -0.8241 0.3854, -1.2505 -0.8241 0.3888, -1.2504 -0.8241 0.3889, -1.2466 -0.8241 0.3915, -1.2466 -0.8241 0.3915, -1.2422 -0.8241 0.3931, -1.2422 -0.8241 0.3931, -1.2375 -0.8241 0.3937, 1.2375 0.8436 0.3768, 1.2375 0.8425 0.3812, 1.2375 0.8424 0.3813, 1.2375 0.8403 0.3853, 1.2375 0.8402 0.3854, 1.2375 0.8371 0.3888, 1.2375 0.837 0.3889, 1.2375 0.8332 0.3915, 1.2375 0.8332 0.3915, 1.2375 0.8288 0.3931, 1.2375 0.8288 0.3931, 1.2375 0.8241 0.3937, 1.2418 0.843 0.3773, 1.2425 0.8429 0.3774, 1.2459 0.8414 0.3776, 1.2472 0.8409 0.3777, 1.2495 0.8391 0.3778, 1.2512 0.8378 0.3779, 1.2525 0.8361 0.3778, 1.2543 0.8338 0.3777, 1.2548 0.8325 0.3776, 1.2563 0.8291 0.3774, 1.2564 0.8284 0.3773, 1.257 0.8241 0.3768, 1.2422 0.8241 0.0399, 1.242 0.8253 0.0399, 1.2399 0.8329 0.0416, 1.2409 0.8367 0.0443, 1.2417 0.8397 0.0478, 1.2423 0.8419 0.0519, 1.2467 0.84 0.0519, 1.2559 0.8241 0.0519, 1.2552 0.8289 0.0519, 1.2558 0.8241 0.0518, 1.2531 0.8283 0.0478, 1.2456 0.8381 0.0478, 1.2505 0.8371 0.0519, 1.2536 0.8241 0.0478, 1.2536 0.8241 0.0477, 1.2501 0.8275 0.0443, 1.244 0.8354 0.0443, 1.2489 0.8355 0.0478, 1.2505 0.8241 0.0443, 1.2504 0.8241 0.0442, 1.2463 0.8265 0.0416, 1.2467 0.8333 0.0443, 1.2421 0.832 0.0416, 1.2387 0.8286 0.0399, 1.2534 0.8333 0.0519, 1.2515 0.8322 0.0478, 1.2488 0.8306 0.0443, 1.2454 0.8287 0.0416, 1.2416 0.8265 0.0399, 1.2439 0.8306 0.0416, 1.2399 0.8282 0.0399, 1.2408 0.8274 0.0399, 1.2466 0.8241 0.0416, 1.2466 0.8241 0.0416, 1.2422 0.8241 0.0399, -1.2421 -0.8252 0.0399, -1.2404 -0.8278 0.0399, -1.2412 -0.827 0.0399, -1.2375 -0.8332 0.0416, -1.2375 -0.8332 0.0416, -1.2395 -0.833 0.0416, -1.2375 -0.837 0.0442, -1.2375 -0.8371 0.0443, -1.2404 -0.8368 0.0443, -1.2411 -0.8399 0.0478, -1.2416 -0.842 0.0519, -1.2455 -0.8407 0.0519, -1.254 -0.8321 0.0519, -1.2554 -0.8282 0.0519, -1.249 -0.8385 0.0519, -1.2375 -0.8425 0.0519, -1.2375 -0.8424 0.0518, -1.2375 -0.8403 0.0478, -1.2375 -0.8402 0.0477, -1.2532 -0.8277 0.0478, -1.2445 -0.8387 0.0478, -1.2502 -0.827 0.0443, -1.2431 -0.8358 0.0443, -1.2476 -0.8367 0.0478, -1.2519 -0.8356 0.0519, -1.2464 -0.8262 0.0416, -1.2501 -0.8342 0.0478, -1.2456 -0.8343 0.0443, -1.2415 -0.8323 0.0416, -1.2386 -0.8287 0.0399, -1.2446 -0.8298 0.0416, -1.252 -0.8311 0.0478, -1.2492 -0.8298 0.0443, -1.2457 -0.8281 0.0416, -1.2417 -0.8262 0.0399, -1.2375 -0.8288 0.0399, -1.2375 -0.8288 0.0399, -1.2477 -0.8322 0.0443, -1.2432 -0.8312 0.0416, -1.2395 -0.8283 0.0399, -1.2375 -0.8402 0.3854, -1.2375 -0.8371 0.3888, -1.2409 -0.8367 0.3888, -1.2399 -0.8329 0.3915, -1.2387 -0.8286 0.3931, -1.2399 -0.8282 0.3931, -1.2416 -0.8265 0.3931, -1.2408 -0.8274 0.3931, -1.242 -0.8253 0.3931, -1.2375 -0.8288 0.3931, -1.2423 -0.8419 0.3812, -1.2467 -0.84 0.3812, -1.2505 -0.8371 0.3812, -1.2534 -0.8333 0.3812, -1.2552 -0.8289 0.3812, -1.2375 -0.837 0.3889, -1.2375 -0.8332 0.3915, -1.2375 -0.8332 0.3915, -1.2375 -0.8288 0.3931, -1.2421 -0.832 0.3915, -1.2439 -0.8306 0.3915, -1.2454 -0.8287 0.3915, -1.2463 -0.8265 0.3915, -1.244 -0.8354 0.3888, -1.2467 -0.8333 0.3888, -1.2488 -0.8306 0.3888, -1.2501 -0.8275 0.3888, -1.2375 -0.8424 0.3813, -1.2375 -0.8403 0.3853, -1.2417 -0.8397 0.3853, -1.2456 -0.8381 0.3853, -1.2489 -0.8355 0.3853, -1.2515 -0.8322 0.3853, -1.2531 -0.8283 0.3853, -1.2375 -0.8425 0.3812, 1.2411 0.8399 0.3853, 1.2404 0.8368 0.3888, 1.2395 0.833 0.3915, 1.2386 0.8287 0.3931, 1.2395 0.8283 0.3931, 1.2417 0.8262 0.3931, 1.2412 0.827 0.3931, 1.2421 0.8252 0.3931, 1.2416 0.842 0.3812, 1.2455 0.8407 0.3812, 1.249 0.8385 0.3812, 1.2519 0.8356 0.3812, 1.254 0.8321 0.3812, 1.2554 0.8282 0.3812, 1.2559 0.8241 0.3812, 1.2422 0.8241 0.3931, 1.2432 0.8312 0.3915, 1.2446 0.8298 0.3915, 1.2457 0.8281 0.3915, 1.2464 0.8262 0.3915, 1.2415 0.8323 0.3915, 1.2404 0.8278 0.3931, 1.2422 0.8241 0.3931, 1.2466 0.8241 0.3915, 1.2466 0.8241 0.3915, 1.2504 0.8241 0.3889, 1.2431 0.8358 0.3888, 1.2456 0.8343 0.3888, 1.2477 0.8322 0.3888, 1.2492 0.8298 0.3888, 1.2502 0.827 0.3888, 1.2445 0.8387 0.3853, 1.2476 0.8367 0.3853, 1.2501 0.8342 0.3853, 1.252 0.8311 0.3853, 1.2532 0.8277 0.3853, 1.2505 0.8241 0.3888, 1.2536 0.8241 0.3854, 1.2536 0.8241 0.3853, 1.2558 0.8241 0.3813, 1.2375 -0.0646 0.0394, 1.2375 -0.8241 0.0394, 1.2422 -0.8241 0.0399, 1.2422 -0.8241 0.0399, 1.2466 -0.8241 0.0416, 1.2466 -0.8241 0.0416, 1.2504 -0.8241 0.0442, 1.2505 -0.8241 0.0443, 1.2536 -0.8241 0.0477, 1.2536 -0.8241 0.0478, 1.2558 -0.8241 0.0518, 1.2559 -0.8241 0.0519, 1.257 -0.8241 0.0563, -0.0296 -0.8241 0.0394, 1.2375 -0.8288 0.0399, 1.2375 -0.8288 0.0399, 1.2375 -0.8332 0.0416, 1.2375 -0.8332 0.0416, 1.2375 -0.837 0.0442, 1.2375 -0.8371 0.0443, 1.2375 -0.8402 0.0477, 1.2375 -0.8403 0.0478, 1.2375 -0.8424 0.0518, 1.2375 -0.8425 0.0519, 1.2375 -0.8436 0.0563, 1.2375 -0.8436 0.3768, 1.2375 -0.8425 0.3812, 1.2375 -0.8424 0.3813, 1.2375 -0.8403 0.3853, 1.2375 -0.8402 0.3854, 1.2375 -0.8371 0.3888, 1.2375 -0.837 0.3889, 1.2375 -0.8332 0.3915, 1.2375 -0.8332 0.3915, 1.2375 -0.8288 0.3931, 1.2375 -0.8288 0.3931, 1.2375 -0.8241 0.3937, 1.257 -0.8241 0.3768, 1.2559 -0.8241 0.3812, 1.2558 -0.8241 0.3813, 1.2536 -0.8241 0.3853, 1.2536 -0.8241 0.3854, 1.2505 -0.8241 0.3888, 1.2504 -0.8241 0.3889, 1.2466 -0.8241 0.3915, 1.2466 -0.8241 0.3915, 1.2422 -0.8241 0.3931, 1.2422 -0.8241 0.3931, 1.2386 -0.8287 0.0399, 1.2412 -0.827 0.0399, 1.2404 -0.8278 0.0399, 1.2464 -0.8262 0.0416, 1.2502 -0.827 0.0443, 1.2532 -0.8277 0.0478, 1.2554 -0.8282 0.0519, 1.254 -0.8321 0.0519, 1.2472 -0.8409 0.0553, 1.2459 -0.8414 0.0554, 1.2455 -0.8407 0.0519, 1.2425 -0.8429 0.0557, 1.2418 -0.843 0.0558, 1.2416 -0.842 0.0519, 1.2519 -0.8356 0.0519, 1.2525 -0.8361 0.0553, 1.2512 -0.8378 0.0552, 1.2548 -0.8325 0.0554, 1.2543 -0.8338 0.0553, 1.2563 -0.8291 0.0557, 1.2564 -0.8284 0.0558, 1.2411 -0.8399 0.0478, 1.252 -0.8311 0.0478, 1.2404 -0.8368 0.0443, 1.2492 -0.8298 0.0443, 1.2501 -0.8342 0.0478, 1.249 -0.8385 0.0519, 1.2495 -0.8391 0.0553, 1.2395 -0.833 0.0416, 1.2476 -0.8367 0.0478, 1.2477 -0.8322 0.0443, 1.2457 -0.8281 0.0416, 1.2421 -0.8252 0.0399, 1.2432 -0.8312 0.0416, 1.2445 -0.8387 0.0478, 1.2431 -0.8358 0.0443, 1.2415 -0.8323 0.0416, 1.2395 -0.8283 0.0399, 1.2456 -0.8343 0.0443, 1.2446 -0.8298 0.0416, 1.2417 -0.8262 0.0399, 1.2532 -0.8277 0.3853, 1.2502 -0.827 0.3888, 1.2464 -0.8262 0.3915, 1.2421 -0.8252 0.3931, 1.2417 -0.8262 0.3931, 1.2395 -0.8283 0.3931, 1.2404 -0.8278 0.3931, 1.2386 -0.8287 0.3931, 1.2564 -0.8284 0.3773, 1.2554 -0.8282 0.3812, 1.2563 -0.8291 0.3774, 1.254 -0.8321 0.3812, 1.2548 -0.8325 0.3776, 1.2543 -0.8338 0.3777, 1.2519 -0.8356 0.3812, 1.2525 -0.8361 0.3778, 1.2512 -0.8378 0.3779, 1.249 -0.8385 0.3812, 1.2495 -0.8391 0.3778, 1.2472 -0.8409 0.3777, 1.2455 -0.8407 0.3812, 1.2459 -0.8414 0.3776, 1.2425 -0.8429 0.3774, 1.2416 -0.842 0.3812, 1.2418 -0.843 0.3773, 1.2446 -0.8298 0.3915, 1.2432 -0.8312 0.3915, 1.2415 -0.8323 0.3915, 1.2395 -0.833 0.3915, 1.2457 -0.8281 0.3915, 1.2412 -0.827 0.3931, 1.2492 -0.8298 0.3888, 1.2477 -0.8322 0.3888, 1.2456 -0.8343 0.3888, 1.2431 -0.8358 0.3888, 1.2404 -0.8368 0.3888, 1.252 -0.8311 0.3853, 1.2501 -0.8342 0.3853, 1.2476 -0.8367 0.3853, 1.2445 -0.8387 0.3853, 1.2411 -0.8399 0.3853, 1.26 -0.8661 0.2165, 1.2651 -0.8655 0.2165, 1.2675 -0.8647 0.2165, 1.2698 -0.8635 0.2165, 1.2719 -0.8621 0.2165, 1.2738 -0.8605 0.2165, 1.2755 -0.8585 0.2165, 1.2769 -0.8564 0.2165, 1.2781 -0.8541 0.2165, 1.2789 -0.8517 0.2165, 1.2795 -0.8466 0.2165
            ]
        }
        coordIndex [
            0,1,2,-1,2,1,3,-1,2,3,4,-1,4,3,5,-1,4,5,6,-1,6,5,7,-1,8,9,10,-1,10,9,11,-1,10,11,12,-1,13,14,10,-1,10,14,15,-1,10,15,16,-1,12,17,10,-1,10,17,18,-1,10,18,19,-1,19,20,10,-1,10,20,21,-1,10,21,13,-1,22,23,15,-1,15,23,24,-1,15,24,16,-1,25,26,27,-1,27,26,28,-1,28,26,29,-1,29,26,30,-1,29,30,31,-1,31,30,32,-1,31,32,33,-1,33,32,34,-1,33,34,35,-1,35,34,36,-1,35,36,37,-1,37,36,38,-1,37,38,39,-1,39,38,40,-1,39,40,41,-1,41,40,42,-1,41,42,43,-1,42,44,43,-1,43,44,45,-1,43,45,46,-1,47,48,46,-1,46,48,43,-1,43,48,41,-1,41,48,49,-1,41,49,39,-1,39,49,50,-1,39,50,37,-1,37,50,51,-1,37,51,35,-1,35,51,52,-1,35,52,33,-1,33,52,53,-1,33,53,31,-1,31,53,54,-1,31,54,29,-1,29,54,55,-1,29,55,28,-1,55,56,28,-1,28,56,57,-1,28,57,27,-1,58,59,60,-1,61,62,63,-1,64,65,66,-1,67,68,69,-1,26,25,70,-1,32,30,71,-1,71,30,26,-1,44,42,68,-1,68,42,40,-1,68,40,69,-1,69,40,38,-1,69,38,36,-1,45,44,72,-1,72,44,68,-1,72,68,73,-1,73,68,67,-1,73,67,74,-1,74,67,75,-1,26,70,71,-1,71,70,76,-1,71,76,77,-1,65,75,66,-1,66,75,67,-1,66,67,78,-1,78,67,69,-1,78,69,79,-1,79,69,36,-1,76,80,77,-1,77,80,81,-1,77,81,82,-1,62,64,63,-1,63,64,66,-1,63,66,83,-1,83,66,78,-1,83,78,84,-1,84,78,79,-1,81,85,82,-1,82,85,86,-1,82,86,87,-1,84,88,83,-1,83,88,89,-1,83,89,63,-1,63,89,90,-1,63,90,61,-1,34,32,91,-1,91,32,71,-1,91,71,92,-1,92,71,77,-1,92,77,93,-1,93,77,82,-1,93,82,94,-1,94,82,87,-1,94,87,95,-1,95,87,60,-1,95,60,59,-1,59,96,90,-1,90,96,97,-1,90,97,61,-1,88,98,89,-1,89,98,99,-1,89,99,90,-1,90,99,59,-1,98,100,99,-1,99,100,59,-1,86,101,87,-1,87,101,102,-1,87,102,60,-1,60,102,103,-1,60,103,58,-1,36,34,79,-1,79,34,91,-1,79,91,84,-1,84,91,92,-1,84,92,88,-1,88,92,93,-1,88,93,98,-1,98,93,94,-1,98,94,100,-1,100,94,95,-1,100,95,59,-1,104,105,106,-1,107,108,109,-1,110,111,112,-1,113,111,110,-1,109,108,110,-1,114,110,108,-1,115,49,48,-1,49,115,50,-1,50,115,116,-1,50,116,51,-1,51,116,117,-1,51,117,52,-1,52,117,118,-1,52,118,53,-1,53,118,54,-1,54,118,119,-1,54,119,55,-1,55,119,56,-1,56,119,120,-1,56,120,57,-1,121,113,110,-1,122,123,107,-1,107,123,124,-1,107,124,108,-1,108,124,125,-1,108,125,114,-1,126,112,127,-1,127,112,111,-1,127,111,128,-1,128,111,113,-1,128,113,129,-1,121,130,113,-1,113,130,131,-1,113,131,129,-1,129,131,132,-1,129,132,133,-1,106,126,134,-1,134,126,127,-1,134,127,135,-1,135,127,128,-1,135,128,136,-1,136,128,129,-1,136,129,137,-1,137,129,133,-1,138,139,140,-1,140,139,104,-1,104,106,140,-1,140,106,134,-1,140,134,141,-1,141,134,135,-1,141,135,142,-1,142,135,136,-1,142,136,143,-1,143,136,137,-1,143,137,144,-1,105,122,106,-1,106,122,107,-1,106,107,126,-1,126,107,109,-1,126,109,112,-1,112,109,110,-1,138,115,145,-1,145,115,48,-1,145,48,47,-1,133,146,137,-1,137,146,147,-1,137,147,144,-1,144,147,148,-1,144,148,149,-1,138,140,115,-1,115,140,141,-1,115,141,116,-1,116,141,142,-1,116,142,117,-1,117,142,143,-1,117,143,118,-1,118,143,144,-1,118,144,119,-1,119,144,149,-1,119,149,120,-1,150,151,152,-1,152,151,153,-1,153,151,154,-1,154,151,155,-1,154,155,156,-1,156,155,157,-1,156,157,158,-1,158,157,159,-1,158,159,160,-1,160,159,161,-1,160,161,162,-1,162,161,163,-1,162,163,164,-1,164,163,165,-1,164,165,166,-1,166,165,167,-1,166,167,168,-1,167,169,168,-1,168,169,170,-1,168,170,171,-1,172,59,58,-1,173,172,174,-1,174,172,58,-1,174,58,175,-1,175,58,103,-1,175,103,176,-1,176,103,102,-1,176,102,177,-1,177,102,101,-1,177,101,178,-1,178,101,86,-1,178,86,179,-1,179,86,85,-1,179,85,180,-1,180,85,81,-1,180,81,181,-1,181,81,80,-1,181,80,182,-1,182,80,76,-1,182,76,183,-1,183,76,70,-1,183,70,170,-1,170,70,25,-1,184,185,186,-1,187,45,188,-1,188,45,72,-1,188,72,189,-1,189,72,73,-1,189,73,190,-1,190,73,74,-1,190,74,191,-1,191,74,75,-1,191,75,192,-1,192,75,65,-1,192,65,193,-1,193,65,64,-1,193,64,194,-1,194,64,62,-1,194,62,195,-1,195,62,61,-1,195,61,196,-1,196,61,97,-1,196,97,186,-1,186,97,96,-1,186,96,184,-1,184,96,59,-1,197,187,198,-1,197,198,199,-1,199,198,200,-1,199,200,201,-1,201,200,202,-1,201,202,203,-1,203,202,204,-1,203,204,205,-1,205,204,206,-1,205,206,207,-1,207,206,208,-1,207,208,209,-1,209,208,210,-1,209,210,211,-1,211,210,212,-1,211,212,213,-1,213,212,214,-1,213,214,215,-1,215,214,216,-1,215,216,217,-1,217,216,218,-1,217,218,219,-1,220,221,217,-1,217,221,215,-1,215,221,213,-1,213,221,222,-1,213,222,211,-1,211,222,223,-1,211,223,209,-1,209,223,224,-1,209,224,207,-1,207,224,225,-1,207,225,205,-1,205,225,226,-1,205,226,203,-1,203,226,227,-1,203,227,201,-1,201,227,228,-1,201,228,199,-1,228,229,199,-1,199,229,230,-1,199,230,197,-1,47,230,145,-1,145,230,231,-1,145,231,138,-1,138,231,232,-1,138,232,139,-1,139,232,233,-1,139,233,104,-1,104,233,234,-1,104,234,105,-1,105,234,235,-1,105,235,122,-1,122,235,236,-1,122,236,123,-1,123,236,237,-1,123,237,124,-1,124,237,238,-1,124,238,125,-1,125,238,239,-1,125,239,114,-1,239,240,114,-1,114,240,241,-1,114,241,110,-1,242,57,243,-1,243,57,120,-1,243,120,244,-1,244,120,149,-1,244,149,245,-1,245,149,148,-1,245,148,246,-1,246,148,147,-1,246,147,247,-1,247,147,146,-1,247,146,248,-1,248,146,133,-1,248,133,249,-1,249,133,132,-1,249,132,250,-1,250,132,131,-1,250,131,251,-1,251,131,130,-1,251,130,252,-1,130,121,252,-1,252,121,110,-1,252,110,253,-1,171,242,254,-1,171,254,168,-1,168,254,255,-1,168,255,166,-1,166,255,256,-1,166,256,164,-1,164,256,257,-1,164,257,162,-1,162,257,258,-1,162,258,160,-1,160,258,259,-1,160,259,158,-1,158,259,260,-1,158,260,156,-1,156,260,261,-1,156,261,154,-1,154,261,262,-1,154,262,153,-1,153,262,263,-1,153,263,152,-1,152,263,264,-1,152,264,265,-1,266,173,267,-1,176,177,268,-1,178,179,269,-1,270,271,272,-1,151,150,273,-1,157,155,274,-1,274,155,151,-1,169,167,271,-1,271,167,165,-1,271,165,272,-1,272,165,163,-1,272,163,161,-1,170,169,183,-1,183,169,271,-1,183,271,182,-1,182,271,270,-1,182,270,181,-1,181,270,180,-1,151,273,274,-1,274,273,275,-1,274,275,276,-1,179,180,269,-1,269,180,270,-1,269,270,277,-1,277,270,272,-1,277,272,278,-1,278,272,161,-1,275,279,276,-1,276,279,280,-1,276,280,281,-1,177,178,268,-1,268,178,269,-1,268,269,282,-1,282,269,277,-1,282,277,283,-1,283,277,278,-1,280,284,281,-1,281,284,285,-1,281,285,286,-1,283,287,282,-1,282,287,288,-1,282,288,268,-1,268,288,289,-1,268,289,176,-1,159,157,290,-1,290,157,274,-1,290,274,291,-1,291,274,276,-1,291,276,292,-1,292,276,281,-1,292,281,293,-1,293,281,286,-1,293,286,294,-1,294,286,267,-1,294,267,173,-1,173,174,289,-1,289,174,175,-1,289,175,176,-1,287,295,288,-1,288,295,296,-1,288,296,289,-1,289,296,173,-1,295,297,296,-1,296,297,173,-1,285,298,286,-1,286,298,299,-1,286,299,267,-1,267,299,300,-1,267,300,266,-1,161,159,278,-1,278,159,290,-1,278,290,283,-1,283,290,291,-1,283,291,287,-1,287,291,292,-1,287,292,295,-1,295,292,293,-1,295,293,297,-1,297,293,294,-1,297,294,173,-1,186,185,301,-1,302,303,185,-1,304,305,306,-1,307,308,309,-1,310,311,312,-1,204,202,313,-1,200,198,314,-1,314,198,187,-1,315,210,208,-1,312,214,212,-1,214,312,216,-1,216,312,311,-1,216,311,218,-1,219,218,316,-1,316,218,311,-1,316,311,317,-1,317,311,310,-1,317,310,318,-1,318,310,319,-1,187,188,314,-1,314,188,189,-1,314,189,320,-1,308,319,309,-1,309,319,310,-1,309,310,321,-1,321,310,312,-1,321,312,315,-1,315,312,212,-1,315,212,210,-1,189,190,320,-1,320,190,191,-1,320,191,322,-1,305,307,306,-1,306,307,309,-1,306,309,323,-1,323,309,321,-1,323,321,324,-1,324,321,315,-1,324,315,325,-1,325,315,208,-1,325,208,206,-1,191,192,322,-1,322,192,193,-1,322,193,326,-1,325,327,324,-1,324,327,328,-1,324,328,323,-1,323,328,329,-1,323,329,306,-1,306,329,330,-1,306,330,304,-1,303,302,331,-1,202,200,313,-1,313,200,314,-1,313,314,332,-1,332,314,320,-1,332,320,333,-1,333,320,322,-1,333,322,334,-1,334,322,326,-1,334,326,335,-1,335,326,301,-1,335,301,185,-1,185,336,330,-1,330,336,337,-1,330,337,304,-1,327,338,328,-1,328,338,339,-1,328,339,329,-1,329,339,340,-1,329,340,330,-1,330,340,185,-1,338,331,339,-1,339,331,302,-1,339,302,340,-1,340,302,185,-1,193,194,326,-1,326,194,195,-1,326,195,301,-1,301,195,196,-1,301,196,186,-1,206,204,325,-1,325,204,313,-1,325,313,327,-1,327,313,332,-1,327,332,338,-1,338,332,333,-1,338,333,331,-1,331,333,334,-1,331,334,303,-1,303,334,335,-1,303,335,185,-1,341,342,343,-1,344,345,346,-1,241,347,348,-1,349,347,241,-1,346,345,241,-1,350,241,345,-1,351,222,221,-1,222,351,223,-1,223,351,352,-1,223,352,224,-1,224,352,353,-1,224,353,225,-1,225,353,354,-1,225,354,226,-1,226,354,227,-1,227,354,355,-1,227,355,228,-1,228,355,229,-1,229,355,231,-1,229,231,230,-1,240,349,241,-1,356,357,344,-1,344,357,358,-1,344,358,345,-1,345,358,359,-1,345,359,350,-1,360,348,361,-1,361,348,347,-1,361,347,362,-1,362,347,349,-1,362,349,363,-1,240,239,349,-1,349,239,238,-1,349,238,363,-1,363,238,237,-1,363,237,236,-1,343,360,364,-1,364,360,361,-1,364,361,365,-1,365,361,362,-1,365,362,366,-1,366,362,363,-1,366,363,367,-1,367,363,236,-1,368,369,370,-1,370,369,341,-1,341,343,370,-1,370,343,364,-1,370,364,371,-1,371,364,365,-1,371,365,372,-1,372,365,366,-1,372,366,373,-1,373,366,367,-1,373,367,374,-1,342,356,343,-1,343,356,344,-1,343,344,360,-1,360,344,346,-1,360,346,348,-1,348,346,241,-1,368,351,375,-1,375,351,221,-1,375,221,220,-1,236,235,367,-1,367,235,234,-1,367,234,374,-1,374,234,233,-1,374,233,232,-1,368,370,351,-1,351,370,371,-1,351,371,352,-1,352,371,372,-1,352,372,353,-1,353,372,373,-1,353,373,354,-1,354,373,374,-1,354,374,355,-1,355,374,232,-1,355,232,231,-1,244,245,376,-1,246,247,377,-1,378,379,380,-1,253,381,382,-1,383,381,253,-1,380,379,253,-1,252,253,379,-1,254,384,255,-1,255,384,385,-1,255,385,256,-1,256,385,257,-1,257,385,386,-1,257,386,258,-1,258,386,259,-1,259,386,387,-1,259,387,260,-1,260,387,261,-1,261,387,388,-1,261,388,262,-1,262,388,263,-1,263,388,389,-1,263,389,264,-1,264,389,390,-1,264,390,265,-1,391,383,253,-1,248,249,378,-1,378,249,250,-1,378,250,379,-1,379,250,251,-1,379,251,252,-1,392,382,393,-1,393,382,381,-1,393,381,394,-1,394,381,383,-1,394,383,395,-1,247,248,377,-1,377,248,378,-1,377,378,396,-1,396,378,380,-1,396,380,397,-1,397,380,253,-1,391,398,383,-1,383,398,399,-1,383,399,395,-1,395,399,400,-1,395,400,401,-1,402,392,403,-1,403,392,393,-1,403,393,404,-1,404,393,394,-1,404,394,405,-1,405,394,395,-1,405,395,406,-1,406,395,401,-1,376,402,407,-1,407,402,403,-1,407,403,408,-1,408,403,404,-1,408,404,409,-1,409,404,405,-1,409,405,410,-1,410,405,406,-1,410,406,411,-1,245,246,376,-1,376,246,377,-1,376,377,402,-1,402,377,396,-1,402,396,392,-1,392,396,397,-1,392,397,382,-1,382,397,253,-1,254,242,384,-1,384,242,243,-1,384,243,244,-1,401,412,406,-1,406,412,413,-1,406,413,411,-1,411,413,414,-1,411,414,415,-1,244,376,384,-1,384,376,407,-1,384,407,385,-1,385,407,408,-1,385,408,386,-1,386,408,409,-1,386,409,387,-1,387,409,410,-1,387,410,388,-1,388,410,411,-1,388,411,389,-1,389,411,415,-1,389,415,390,-1,416,173,266,-1,417,416,418,-1,418,416,266,-1,418,266,419,-1,419,266,300,-1,419,300,420,-1,420,300,299,-1,420,299,421,-1,421,299,298,-1,421,298,422,-1,422,298,285,-1,422,285,423,-1,423,285,284,-1,423,284,424,-1,424,284,280,-1,424,280,425,-1,425,280,279,-1,425,279,426,-1,426,279,275,-1,426,275,427,-1,427,275,273,-1,427,273,428,-1,428,273,150,-1,429,417,430,-1,185,429,336,-1,336,429,430,-1,336,430,337,-1,337,430,431,-1,337,431,304,-1,304,431,432,-1,304,432,305,-1,305,432,433,-1,305,433,307,-1,307,433,434,-1,307,434,308,-1,308,434,435,-1,308,435,319,-1,319,435,436,-1,319,436,318,-1,318,436,437,-1,318,437,317,-1,317,437,438,-1,317,438,316,-1,316,438,439,-1,316,439,219,-1,219,439,440,-1,220,441,375,-1,375,441,442,-1,375,442,368,-1,368,442,443,-1,368,443,369,-1,369,443,444,-1,369,444,341,-1,341,444,445,-1,341,445,342,-1,342,445,446,-1,342,446,356,-1,356,446,447,-1,356,447,357,-1,357,447,448,-1,357,448,358,-1,358,448,449,-1,358,449,359,-1,359,449,450,-1,359,450,350,-1,450,451,350,-1,350,451,452,-1,350,452,241,-1,453,265,454,-1,454,265,390,-1,454,390,455,-1,455,390,415,-1,455,415,456,-1,456,415,414,-1,456,414,457,-1,457,414,413,-1,457,413,458,-1,458,413,412,-1,458,412,459,-1,459,412,401,-1,459,401,460,-1,460,401,400,-1,460,400,461,-1,461,400,399,-1,461,399,462,-1,462,399,398,-1,462,398,463,-1,398,391,463,-1,463,391,253,-1,463,253,452,-1,430,417,464,-1,465,466,417,-1,420,421,467,-1,422,423,468,-1,469,470,471,-1,472,473,474,-1,475,476,477,-1,477,476,440,-1,478,479,480,-1,471,481,482,-1,481,471,483,-1,483,471,470,-1,483,470,484,-1,428,484,427,-1,427,484,470,-1,427,470,426,-1,426,470,469,-1,426,469,425,-1,425,469,424,-1,440,439,477,-1,477,439,438,-1,477,438,485,-1,423,424,468,-1,468,424,469,-1,468,469,486,-1,486,469,471,-1,486,471,478,-1,478,471,482,-1,478,482,479,-1,438,437,485,-1,485,437,436,-1,485,436,487,-1,421,422,467,-1,467,422,468,-1,467,468,488,-1,488,468,486,-1,488,486,489,-1,489,486,478,-1,489,478,490,-1,490,478,480,-1,490,480,491,-1,436,435,487,-1,487,435,434,-1,487,434,492,-1,490,493,489,-1,489,493,494,-1,489,494,488,-1,488,494,495,-1,488,495,467,-1,467,495,496,-1,467,496,420,-1,466,465,497,-1,473,475,474,-1,474,475,477,-1,474,477,498,-1,498,477,485,-1,498,485,499,-1,499,485,487,-1,499,487,500,-1,500,487,492,-1,500,492,501,-1,501,492,464,-1,501,464,417,-1,417,418,496,-1,496,418,419,-1,496,419,420,-1,493,502,494,-1,494,502,503,-1,494,503,495,-1,495,503,504,-1,495,504,496,-1,496,504,417,-1,502,497,503,-1,503,497,465,-1,503,465,504,-1,504,465,417,-1,434,433,492,-1,492,433,432,-1,492,432,464,-1,464,432,431,-1,464,431,430,-1,491,472,490,-1,490,472,474,-1,490,474,493,-1,493,474,498,-1,493,498,502,-1,502,498,499,-1,502,499,497,-1,497,499,500,-1,497,500,466,-1,466,500,501,-1,466,501,417,-1,455,456,505,-1,457,458,506,-1,507,508,509,-1,452,510,511,-1,512,510,452,-1,509,508,452,-1,463,452,508,-1,513,514,515,-1,515,514,516,-1,515,516,517,-1,517,516,518,-1,518,516,519,-1,518,519,520,-1,520,519,521,-1,521,519,522,-1,521,522,523,-1,523,522,524,-1,524,522,525,-1,524,525,526,-1,526,525,527,-1,527,525,528,-1,527,528,529,-1,529,528,442,-1,529,442,441,-1,451,512,452,-1,459,460,507,-1,507,460,461,-1,507,461,508,-1,508,461,462,-1,508,462,463,-1,530,511,531,-1,531,511,510,-1,531,510,532,-1,532,510,512,-1,532,512,533,-1,458,459,506,-1,506,459,507,-1,506,507,534,-1,534,507,509,-1,534,509,535,-1,535,509,452,-1,451,450,512,-1,512,450,449,-1,512,449,533,-1,533,449,448,-1,533,448,447,-1,536,530,537,-1,537,530,531,-1,537,531,538,-1,538,531,532,-1,538,532,539,-1,539,532,533,-1,539,533,540,-1,540,533,447,-1,505,536,541,-1,541,536,537,-1,541,537,542,-1,542,537,538,-1,542,538,543,-1,543,538,539,-1,543,539,544,-1,544,539,540,-1,544,540,545,-1,456,457,505,-1,505,457,506,-1,505,506,536,-1,536,506,534,-1,536,534,530,-1,530,534,535,-1,530,535,511,-1,511,535,452,-1,513,453,514,-1,514,453,454,-1,514,454,455,-1,447,446,540,-1,540,446,445,-1,540,445,545,-1,545,445,444,-1,545,444,443,-1,455,505,514,-1,514,505,541,-1,514,541,516,-1,516,541,542,-1,516,542,519,-1,519,542,543,-1,519,543,522,-1,522,543,544,-1,522,544,525,-1,525,544,545,-1,525,545,528,-1,528,545,443,-1,528,443,442,-1,546,440,476,-1,546,476,547,-1,547,476,475,-1,547,475,548,-1,548,475,473,-1,548,473,549,-1,549,473,472,-1,549,472,550,-1,550,472,491,-1,550,491,551,-1,551,491,480,-1,551,480,552,-1,552,480,479,-1,552,479,553,-1,553,479,482,-1,553,482,554,-1,554,482,481,-1,554,481,555,-1,555,481,483,-1,555,483,556,-1,556,483,484,-1,556,484,428,-1,556,453,513,-1,556,513,555,-1,555,513,515,-1,555,515,554,-1,554,515,517,-1,554,517,553,-1,553,517,518,-1,553,518,552,-1,552,518,520,-1,552,520,551,-1,551,520,521,-1,551,521,550,-1,550,521,523,-1,550,523,549,-1,549,523,524,-1,549,524,548,-1,548,524,526,-1,548,526,547,-1,547,526,527,-1,547,527,546,-1,546,527,529,-1,546,529,441,-1,
        ]
    }
}